# Wavefront OBJ file
# Regions:
#     0    pipe_air
#     1    outlet
#     2    inlet_exhaust
#     3    pipe_exhaust
#     4    inlet_air
#
# points    : 5603
# triangles : 10756
#
v -2.42641 -2.42641 -0
v -1.3972 -3.43123 -0
v -3.43123 -1.3972 -0
v -2.3692 -2.3692 1.79709
v -2.3692 -2.3692 -1.79709
v -1.34138 -3.37267 1.79709
v -3.37267 -1.34138 1.79709
v -1.34138 -3.37267 -1.79709
v -3.37267 -1.34138 -1.79709
v -0.33942 -4.41544 -0
v -4.41544 -0.33942 -0
v -0.285028 -4.35555 1.79709
v -4.35555 -0.285028 1.79709
v -0.285028 -4.35555 -1.79709
v -4.35555 -0.285028 -1.79709
v -2.19031 -2.19031 3.63926
v -2.19031 -2.19031 -3.63926
v -1.16683 -3.18954 3.63926
v -3.18954 -1.16683 3.63926
v -1.16683 -3.18954 -3.63926
v -3.18954 -1.16683 -3.63926
v 0.746353 -5.37787 -0
v -5.37787 0.746353 -0
v -0.114937 -4.16827 3.63926
v -4.16827 -0.114937 3.63926
v -0.114937 -4.16827 -3.63926
v -4.16827 -0.114937 -3.63926
v 0.799278 -5.31668 1.79709
v -5.31668 0.799278 1.79709
v 0.799278 -5.31668 -1.79709
v -5.31668 0.799278 -1.79709
v -1.8805 -1.8805 5.50316
v -1.8805 -1.8805 -5.50316
v -0.864542 -2.8724 5.50316
v -2.8724 -0.864542 5.50316
v -0.864542 -2.8724 -5.50316
v -2.8724 -0.864542 -5.50316
v 0.964792 -5.12535 3.63926
v -5.12535 0.964792 3.63926
v 0.964792 -5.12535 -3.63926
v -5.12535 0.964792 -3.63926
v 1.85947 -6.31738 -0
v -6.31738 1.85947 -0
v 0.179628 -3.84394 5.50316
v -3.84394 0.179628 5.50316
v 0.179628 -3.84394 -5.50316
v -3.84394 0.179628 -5.50316
v 1.9109 -6.25493 1.79709
v -6.25493 1.9109 1.79709
v 1.9109 -6.25493 -1.79709
v -6.25493 1.9109 -1.79709
v 2.07172 -6.05963 3.63926
v -6.05963 2.07172 3.63926
v 2.07172 -6.05963 -3.63926
v -6.05963 2.07172 -3.63926
v 1.25143 -4.79399 5.50316
v -4.79399 1.25143 5.50316
v 1.25143 -4.79399 -5.50316
v -4.79399 1.25143 -5.50316
v -1.43346 -1.43346 7.36189
v -1.43346 -1.43346 -7.36189
v -0.428343 -2.41477 7.36189
v -2.41477 -0.428343 7.36189
v -0.428343 -2.41477 -7.36189
v -2.41477 -0.428343 -7.36189
v 2.99924 -7.23286 -0
v -7.23286 2.99924 -0
v 3.04913 -7.16918 1.79709
v -7.16918 3.04913 1.79709
v 3.04913 -7.16918 -1.79709
v -7.16918 3.04913 -1.79709
v 0.604679 -3.37595 7.36189
v -3.37595 0.604679 7.36189
v 0.604679 -3.37595 -7.36189
v -3.37595 0.604679 -7.36189
v 2.35023 -5.72142 5.50316
v -5.72142 2.35023 5.50316
v 2.35023 -5.72142 -5.50316
v -5.72142 2.35023 -5.50316
v 3.20514 -6.97002 3.63926
v -6.97002 3.20514 3.63926
v 3.20514 -6.97002 -3.63926
v -6.97002 3.20514 -3.63926
v 1.66504 -4.31585 7.36189
v -4.31585 1.66504 7.36189
v 1.66504 -4.31585 -7.36189
v -4.31585 1.66504 -7.36189
v 4.16489 -8.12323 -0
v -8.12323 4.16489 -0
v -0.846504 -0.846504 9.18589
v -0.846504 -0.846504 -9.18589
v 4.21321 -8.05834 1.79709
v -8.05834 4.21321 1.79709
v 4.21321 -8.05834 -1.79709
v -8.05834 4.21321 -1.79709
v 3.47533 -6.62512 5.50316
v -6.62512 3.47533 5.50316
v 3.47533 -6.62512 -5.50316
v -6.62512 3.47533 -5.50316
v 0.144377 -1.81391 9.18589
v -1.81391 0.144377 9.18589
v 0.144377 -1.81391 -9.18589
v -1.81391 0.144377 -9.18589
v 2.75211 -5.23338 7.36189
v -5.23338 2.75211 7.36189
v 2.75211 -5.23338 -7.36189
v -5.23338 2.75211 -7.36189
v 1.16277 -2.76147 9.18589
v -2.76147 1.16277 9.18589
v 1.16277 -2.76147 -9.18589
v -2.76147 1.16277 -9.18589
v 4.36431 -7.85543 3.63926
v -7.85543 4.36431 3.63926
v 4.36431 -7.85543 -3.63926
v -7.85543 4.36431 -3.63926
v 2.20811 -3.68806 9.18589
v -3.68806 2.20811 9.18589
v 2.20811 -3.68806 -9.18589
v -3.68806 2.20811 -9.18589
v 3.8652 -6.12743 7.36189
v -6.12743 3.8652 7.36189
v 3.8652 -6.12743 -7.36189
v -6.12743 3.8652 -7.36189
v 4.62598 -7.50402 5.50316
v -7.50402 4.62598 5.50316
v 4.62598 -7.50402 -5.50316
v -7.50402 4.62598 -5.50316
v 5.35561 -8.98741 -0
v -8.98741 5.35561 -0
v 5.40232 -8.92135 1.79709
v -8.92135 5.40232 1.79709
v 5.40232 -8.92135 -1.79709
v -8.92135 5.40232 -1.79709
v 3.27977 -4.59259 9.18589
v -4.59259 3.27977 9.18589
v 3.27977 -4.59259 -9.18589
v -4.59259 3.27977 -9.18589
v -0.121176 -0.121176 10.9442
v -0.121176 -0.121176 -10.9442
v 5.5484 -8.7148 3.63926
v -8.7148 5.5484 3.63926
v 5.5484 -8.7148 -3.63926
v -8.7148 5.5484 -3.63926
v 0.85211 -1.0714 10.9442
v -1.0714 0.85211 10.9442
v 0.85211 -1.0714 -10.9442
v -1.0714 0.85211 -10.9442
v 1.85242 -2.00213 10.9442
v -2.00213 1.85242 10.9442
v 1.85242 -2.00213 -10.9442
v -2.00213 1.85242 -10.9442
v 5.00357 -6.99695 7.36189
v -6.99695 5.00357 7.36189
v 5.00357 -6.99695 -7.36189
v -6.99695 5.00357 -7.36189
v 4.3771 -5.47398 9.18589
v -5.47398 4.3771 9.18589
v 4.3771 -5.47398 -9.18589
v -5.47398 4.3771 -9.18589
v 5.80138 -8.35709 5.50316
v -8.35709 5.80138 5.50316
v 5.80138 -8.35709 -5.50316
v -8.35709 5.80138 -5.50316
v 2.87919 -2.91227 10.9442
v -2.91227 2.87919 10.9442
v 2.87919 -2.91227 -10.9442
v -2.91227 2.87919 -10.9442
v 6.57052 -9.82439 -0
v -9.82439 6.57052 -0
v 6.61559 -9.75721 1.79709
v -9.75721 6.61559 1.79709
v 6.61559 -9.75721 -1.79709
v -9.75721 6.61559 -1.79709
v 3.93183 -3.80074 10.9442
v -3.80074 3.93183 10.9442
v 3.93183 -3.80074 -10.9442
v -3.80074 3.93183 -10.9442
v 6.75655 -9.54712 3.63926
v -9.54712 6.75655 3.63926
v 6.75655 -9.54712 -3.63926
v -9.54712 6.75655 -3.63926
v 6.16642 -7.84091 7.36189
v -7.84091 6.16642 7.36189
v 6.16642 -7.84091 -7.36189
v -7.84091 6.16642 -7.36189
v 5.49934 -6.33118 9.18589
v -6.33118 5.49934 9.18589
v 5.49934 -6.33118 -9.18589
v -6.33118 5.49934 -9.18589
v 0.736437 0.736437 12.606
v 0.736437 0.736437 -12.606
v 1.68892 -0.19348 12.606
v -0.19348 1.68892 12.606
v 1.68892 -0.19348 -12.606
v -0.19348 1.68892 -12.606
v 7.00066 -9.1833 5.50316
v -9.1833 7.00066 5.50316
v 7.00066 -9.1833 -5.50316
v -9.1833 7.00066 -5.50316
v 5.00967 -4.66648 10.9442
v -4.66648 5.00967 10.9442
v 5.00967 -4.66648 -10.9442
v -4.66648 5.00967 -10.9442
v 2.66784 -1.10431 12.606
v -1.10431 2.66784 12.606
v 2.66784 -1.10431 -12.606
v -1.10431 2.66784 -12.606
v 7.80869 -10.6332 -0
v -10.6332 7.80869 -0
v 3.67267 -1.995 12.606
v -1.995 3.67267 12.606
v 3.67267 -1.995 -12.606
v -1.995 3.67267 -12.606
v 7.8521 -10.5649 1.79709
v -10.5649 7.8521 1.79709
v 7.8521 -10.5649 -1.79709
v -10.5649 7.8521 -1.79709
v 6.64572 -7.16318 9.18589
v -7.16318 6.64572 9.18589
v 6.64572 -7.16318 -9.18589
v -7.16318 6.64572 -9.18589
v 7.3529 -8.6583 7.36189
v -8.6583 7.3529 7.36189
v 7.3529 -8.6583 -7.36189
v -8.6583 7.3529 -7.36189
v 7.98783 -10.3514 3.63926
v -10.3514 7.98783 3.63926
v 7.98783 -10.3514 -3.63926
v -10.3514 7.98783 -3.63926
v 6.11198 -5.50846 10.9442
v -5.50846 6.11198 10.9442
v 6.11198 -5.50846 -10.9442
v -5.50846 6.11198 -10.9442
v 4.70281 -2.86447 12.606
v -2.86447 4.70281 12.606
v 4.70281 -2.86447 -12.606
v -2.86447 4.70281 -12.606
v 8.2229 -9.98169 5.50316
v -9.98169 8.2229 5.50316
v 8.2229 -9.98169 -5.50316
v -9.98169 8.2229 -5.50316
v 5.7576 -3.7117 12.606
v -3.7117 5.7576 12.606
v 5.7576 -3.7117 -12.606
v -3.7117 5.7576 -12.606
v 1.71573 1.71573 14.1421
v 1.71573 1.71573 -14.1421
v 2.64445 0.809006 14.1421
v 0.809006 2.64445 14.1421
v 2.64445 0.809006 -14.1421
v 0.809006 2.64445 -14.1421
v 7.81539 -7.969 9.18589
v -7.969 7.81539 9.18589
v 7.81539 -7.969 -9.18589
v -7.969 7.81539 -9.18589
v 7.238 -6.32568 10.9442
v -6.32568 7.238 10.9442
v 7.238 -6.32568 -10.9442
v -6.32568 7.238 -10.9442
v 9.06915 -11.4129 -0
v -11.4129 9.06915 -0
v 3.59896 -0.0791111 14.1421
v -0.0791111 3.59896 14.1421
v 3.59896 -0.0791111 -14.1421
v -0.0791111 3.59896 -14.1421
v 9.11086 -11.3435 1.79709
v -11.3435 9.11086 1.79709
v 9.11086 -11.3435 -1.79709
v -11.3435 9.11086 -1.79709
v 8.5621 -9.44817 7.36189
v -9.44817 8.5621 7.36189
v 8.5621 -9.44817 -7.36189
v -9.44817 8.5621 -7.36189
v 4.57873 -0.94758 14.1421
v -0.94758 4.57873 14.1421
v 4.57873 -0.94758 -14.1421
v -0.94758 4.57873 -14.1421
v 9.24128 -11.1268 3.63926
v -11.1268 9.24128 3.63926
v 9.24128 -11.1268 -3.63926
v -11.1268 9.24128 -3.63926
v 6.83636 -4.53569 12.606
v -4.53569 6.83636 12.606
v 6.83636 -4.53569 -12.606
v -4.53569 6.83636 -12.606
v 5.58317 -1.79537 14.1421
v -1.79537 5.58317 14.1421
v 5.58317 -1.79537 -14.1421
v -1.79537 5.58317 -14.1421
v 9.46714 -10.7513 5.50316
v -10.7513 9.46714 5.50316
v 9.46714 -10.7513 -5.50316
v -10.7513 9.46714 -5.50316
v 8.3869 -7.11719 10.9442
v -7.11719 8.3869 10.9442
v 8.3869 -7.11719 -10.9442
v -7.11719 8.3869 -10.9442
v 9.00745 -8.74768 9.18589
v -8.74768 9.00745 9.18589
v 9.00745 -8.74768 -9.18589
v -8.74768 9.00745 -9.18589
v 7.93831 -5.33545 12.606
v -5.33545 7.93831 12.606
v 7.93831 -5.33545 -12.606
v -5.33545 7.93831 -12.606
v 6.61166 -2.62147 14.1421
v -2.62147 6.61166 14.1421
v 6.61166 -2.62147 -14.1421
v -2.62147 6.61166 -14.1421
v 9.79305 -10.2096 7.36189
v -10.2096 9.79305 7.36189
v 9.79305 -10.2096 -7.36189
v -10.2096 9.79305 -7.36189
v 10.3509 -12.1625 -0
v -12.1625 10.3509 -0
v 2.80197 2.80197 15.5271
v 2.80197 2.80197 -15.5271
v 10.3908 -12.0922 1.79709
v -12.0922 10.3908 1.79709
v 10.3908 -12.0922 -1.79709
v -12.0922 10.3908 -1.79709
v 3.70434 1.92097 15.5271
v 1.92097 3.70434 15.5271
v 3.70434 1.92097 -15.5271
v 1.92097 3.70434 -15.5271
v 4.63177 1.05805 15.5271
v 1.05805 4.63177 15.5271
v 4.63177 1.05805 -15.5271
v 1.05805 4.63177 -15.5271
v 10.5159 -11.8722 3.63926
v -11.8722 10.5159 3.63926
v 10.5159 -11.8722 -3.63926
v -11.8722 10.5159 -3.63926
v 7.66351 -3.4249 14.1421
v -3.4249 7.66351 14.1421
v 7.66351 -3.4249 -14.1421
v -3.4249 7.66351 -14.1421
v 5.58373 0.214224 15.5271
v 0.214224 5.58373 15.5271
v 5.58373 0.214224 -15.5271
v 0.214224 5.58373 -15.5271
v 9.5578 -7.88204 10.9442
v -7.88204 9.5578 10.9442
v 9.5578 -7.88204 -10.9442
v -7.88204 9.5578 -10.9442
v 10.7324 -11.4913 5.50316
v -11.4913 10.7324 5.50316
v 10.7324 -11.4913 -5.50316
v -11.4913 10.7324 -5.50316
v 9.06265 -6.11003 12.606
v -6.11003 9.06265 12.606
v 9.06265 -6.11003 -12.606
v -6.11003 9.06265 -12.606
v 10.221 -9.49832 9.18589
v -9.49832 10.221 9.18589
v 10.221 -9.49832 -9.18589
v -9.49832 10.221 -9.18589
v 6.55968 -0.60951 15.5271
v -0.60951 6.55968 15.5271
v 6.55968 -0.60951 -15.5271
v -0.60951 6.55968 -15.5271
v 8.73798 -4.20471 14.1421
v -4.20471 8.73798 14.1421
v 8.73798 -4.20471 -14.1421
v -4.20471 8.73798 -14.1421
v 11.0448 -10.9417 7.36189
v -10.9417 11.0448 7.36189
v 11.0448 -10.9417 -7.36189
v -10.9417 11.0448 -7.36189
v 7.55899 -1.41217 15.5271
v -1.41217 7.55899 15.5271
v 7.55899 -1.41217 -15.5271
v -1.41217 7.55899 -15.5271
v 11.6527 -12.8813 -0
v -12.8813 11.6527 -0
v 11.691 -12.81 1.79709
v -12.81 11.691 1.79709
v 11.691 -12.81 -1.79709
v -12.81 11.691 -1.79709
v 10.7498 -8.61935 10.9442
v -8.61935 10.7498 10.9442
v 10.7498 -8.61935 -10.9442
v -8.61935 10.7498 -10.9442
v 10.2085 -6.85854 12.606
v -6.85854 10.2085 12.606
v 10.2085 -6.85854 -12.606
v -6.85854 10.2085 -12.606
v 11.8105 -12.587 3.63926
v -12.587 11.8105 3.63926
v 11.8105 -12.587 -3.63926
v -12.587 11.8105 -3.63926
v 3.97701 3.97701 16.7399
v 3.97701 3.97701 -16.7399
v 4.85088 3.12385 16.7399
v 3.12385 4.85088 16.7399
v 4.85088 3.12385 -16.7399
v 3.12385 4.85088 -16.7399
v 5.74901 2.28819 16.7399
v 2.28819 5.74901 16.7399
v 5.74901 2.28819 -16.7399
v 2.28819 5.74901 -16.7399
v 8.58099 -2.19281 15.5271
v -2.19281 8.58099 15.5271
v 8.58099 -2.19281 -15.5271
v -2.19281 8.58099 -15.5271
v 11.455 -10.2201 9.18589
v -10.2201 11.455 9.18589
v 11.455 -10.2201 -9.18589
v -10.2201 11.455 -9.18589
v 9.83428 -4.95998 14.1421
v -4.95998 9.83428 14.1421
v 9.83428 -4.95998 -14.1421
v -4.95998 9.83428 -14.1421
v 12.0175 -12.2009 5.50316
v -12.2009 12.0175 5.50316
v 12.0175 -12.2009 -5.50316
v -12.2009 12.0175 -5.50316
v 6.67091 1.47102 16.7399
v 1.47102 6.67091 16.7399
v 6.67091 1.47102 -16.7399
v 1.47102 6.67091 -16.7399
v 7.61602 0.673302 16.7399
v 0.673302 7.61602 16.7399
v 7.61602 0.673302 -16.7399
v 0.673302 7.61602 -16.7399
v 12.3162 -11.6437 7.36189
v -11.6437 12.3162 7.36189
v 12.3162 -11.6437 -7.36189
v -11.6437 12.3162 -7.36189
v 9.62497 -2.95049 15.5271
v -2.95049 9.62497 15.5271
v 9.62497 -2.95049 -15.5271
v -2.95049 9.62497 -15.5271
v 11.375 -7.58009 12.606
v -7.58009 11.375 12.606
v 11.375 -7.58009 -12.606
v -7.58009 11.375 -12.606
v 11.9618 -9.32828 10.9442
v -9.32828 11.9618 10.9442
v 11.9618 -9.32828 -10.9442
v -9.32828 11.9618 -10.9442
v 10.9516 -5.68982 14.1421
v -5.68982 10.9516 14.1421
v 10.9516 -5.68982 -14.1421
v -5.68982 10.9516 -14.1421
v 12.9737 -13.5684 -0
v -13.5684 12.9737 -0
v 8.58377 -0.104004 16.7399
v -0.104004 8.58377 16.7399
v 8.58377 -0.104004 -16.7399
v -0.104004 8.58377 -16.7399
v 13.0101 -13.4962 1.79709
v -13.4962 13.0101 1.79709
v 13.0101 -13.4962 -1.79709
v -13.4962 13.0101 -1.79709
v 13.1241 -13.2703 3.63926
v -13.2703 13.1241 3.63926
v 13.1241 -13.2703 -3.63926
v -13.2703 13.1241 -3.63926
v 12.7084 -10.9121 9.18589
v -10.9121 12.7084 9.18589
v 12.7084 -10.9121 -9.18589
v -10.9121 12.7084 -9.18589
v 10.6902 -3.68433 15.5271
v -3.68433 10.6902 15.5271
v 10.6902 -3.68433 -15.5271
v -3.68433 10.6902 -15.5271
v 5.22032 5.22032 17.7657
v 5.22032 5.22032 -17.7657
v 6.06403 4.3966 17.7657
v 4.3966 6.06403 17.7657
v 6.06403 4.3966 -17.7657
v 4.3966 6.06403 -17.7657
v 9.57348 -0.859983 16.7399
v -0.859983 9.57348 16.7399
v 9.57348 -0.859983 -16.7399
v -0.859983 9.57348 -16.7399
v 13.3214 -12.8792 5.50316
v -12.8792 13.3214 5.50316
v 13.3214 -12.8792 -5.50316
v -12.8792 13.3214 -5.50316
v 6.93116 3.58978 17.7657
v 3.58978 6.93116 17.7657
v 6.93116 3.58978 -17.7657
v 3.58978 6.93116 -17.7657
v 7.82124 2.80082 17.7657
v 2.80082 7.82124 17.7657
v 7.82124 2.80082 -17.7657
v 2.80082 7.82124 -17.7657
v 12.5612 -8.27386 12.606
v -8.27386 12.5612 12.606
v 12.5612 -8.27386 -12.606
v -8.27386 12.5612 -12.606
v 12.089 -6.39337 14.1421
v -6.39337 12.089 14.1421
v 12.089 -6.39337 -14.1421
v -6.39337 12.089 -14.1421
v 13.6062 -12.3147 7.36189
v -12.3147 13.6062 7.36189
v 13.6062 -12.3147 -7.36189
v -12.3147 13.6062 -7.36189
v 13.193 -10.008 10.9442
v -10.008 13.193 10.9442
v 13.193 -10.008 -10.9442
v -10.008 13.193 -10.9442
v 10.5845 -1.59373 16.7399
v -1.59373 10.5845 16.7399
v 10.5845 -1.59373 -16.7399
v -1.59373 10.5845 -16.7399
v 8.73373 2.03064 17.7657
v 2.03064 8.73373 17.7657
v 8.73373 2.03064 -17.7657
v 2.03064 8.73373 -17.7657
v 11.7758 -4.39346 15.5271
v -4.39346 11.7758 15.5271
v 11.7758 -4.39346 -15.5271
v -4.39346 11.7758 -15.5271
v 14.3125 -14.2232 -0
v -14.2232 14.3125 -0
v 14.3471 -14.1501 1.79709
v -14.1501 14.3471 1.79709
v 14.3471 -14.1501 -1.79709
v -14.1501 14.3471 -1.79709
v 9.66807 1.28016 17.7657
v 1.28016 9.66807 17.7657
v 9.66807 1.28016 -17.7657
v 1.28016 9.66807 -17.7657
v 13.9801 -11.5736 9.18589
v -11.5736 13.9801 9.18589
v 13.9801 -11.5736 -9.18589
v -11.5736 13.9801 -9.18589
v 14.4555 -13.9214 3.63926
v -13.9214 14.4555 3.63926
v 14.4555 -13.9214 -3.63926
v -13.9214 14.4555 -3.63926
v 11.616 -2.30439 16.7399
v -2.30439 11.616 16.7399
v 11.616 -2.30439 -16.7399
v -2.30439 11.616 -16.7399
v 13.2455 -7.06984 14.1421
v -7.06984 13.2455 14.1421
v 13.2455 -7.06984 -14.1421
v -7.06984 13.2455 -14.1421
v 14.643 -13.5255 5.50316
v -13.5255 14.643 5.50316
v 14.643 -13.5255 -5.50316
v -13.5255 14.643 -5.50316
v 13.766 -8.93906 12.606
v -8.93906 13.766 12.606
v 13.766 -8.93906 -12.606
v -8.93906 13.766 -12.606
v 10.6236 0.55027 17.7657
v 0.55027 10.6236 17.7657
v 10.6236 0.55027 -17.7657
v 0.55027 10.6236 -17.7657
v 6.51008 6.51008 18.5958
v 6.51008 6.51008 -18.5958
v 7.3225 5.71691 18.5958
v 5.71691 7.3225 18.5958
v 7.3225 5.71691 -18.5958
v 5.71691 7.3225 -18.5958
v 12.8809 -5.07705 15.5271
v -5.07705 12.8809 15.5271
v 12.8809 -5.07705 -15.5271
v -5.07705 12.8809 -15.5271
v 8.15748 4.94001 18.5958
v 4.94001 8.15748 18.5958
v 8.15748 4.94001 -18.5958
v 4.94001 8.15748 -18.5958
v 14.4421 -10.6578 10.9442
v -10.6578 14.4421 10.9442
v 14.4421 -10.6578 -10.9442
v -10.6578 14.4421 -10.9442
v 14.9137 -12.9541 7.36189
v -12.9541 14.9137 7.36189
v 14.9137 -12.9541 -7.36189
v -12.9541 14.9137 -7.36189
v 9.01455 4.1803 18.5958
v 4.1803 9.01455 18.5958
v 9.01455 4.1803 -18.5958
v 4.1803 9.01455 -18.5958
v 12.6673 -2.99112 16.7399
v -2.99112 12.6673 16.7399
v 12.6673 -2.99112 -16.7399
v -2.99112 12.6673 -16.7399
v 11.5997 -0.158155 17.7657
v -0.158155 11.5997 17.7657
v 11.5997 -0.158155 -17.7657
v -0.158155 11.5997 -17.7657
v 9.89321 3.43868 18.5958
v 3.43868 9.89321 18.5958
v 9.89321 3.43868 -18.5958
v 3.43868 9.89321 -18.5958
v 15.668 -14.8448 -0
v -14.8448 15.668 -0
v 15.2691 -12.204 9.18589
v -12.204 15.2691 9.18589
v 15.2691 -12.204 -9.18589
v -12.204 15.2691 -9.18589
v 14.4203 -7.71845 14.1421
v -7.71845 14.4203 14.1421
v 14.4203 -7.71845 -14.1421
v -7.71845 14.4203 -14.1421
v 15.7008 -14.7709 1.79709
v -14.7709 15.7008 1.79709
v 15.7008 -14.7709 -1.79709
v -14.7709 15.7008 -1.79709
v 10.7929 2.71603 18.5958
v 2.71603 10.7929 18.5958
v 10.7929 2.71603 -18.5958
v 2.71603 10.7929 -18.5958
v 14.0046 -5.73433 15.5271
v -5.73433 14.0046 15.5271
v 14.0046 -5.73433 -15.5271
v -5.73433 14.0046 -15.5271
v 15.8034 -14.5396 3.63926
v -14.5396 15.8034 3.63926
v 15.8034 -14.5396 -3.63926
v -14.5396 15.8034 -3.63926
v 12.5957 -0.844282 17.7657
v -0.844282 12.5957 17.7657
v 12.5957 -0.844282 -17.7657
v -0.844282 12.5957 -17.7657
v 14.9885 -9.57497 12.606
v -9.57497 14.9885 12.606
v 14.9885 -9.57497 -12.606
v -9.57497 14.9885 -12.606
v 13.7375 -3.65312 16.7399
v -3.65312 13.7375 16.7399
v 13.7375 -3.65312 -16.7399
v -3.65312 13.7375 -16.7399
v 15.9811 -14.1391 5.50316
v -14.1391 15.9811 5.50316
v 15.9811 -14.1391 -5.50316
v -14.1391 15.9811 -5.50316
v 11.713 2.01322 18.5958
v 2.01322 11.713 18.5958
v 11.713 2.01322 -18.5958
v 2.01322 11.713 -18.5958
v 7.82441 7.82441 19.228
v 7.82441 7.82441 -19.228
v 8.60494 7.06236 19.228
v 7.06236 8.60494 19.228
v 8.60494 7.06236 -19.228
v 7.06236 8.60494 -19.228
v 15.7082 -11.277 10.9442
v -11.277 15.7082 10.9442
v 15.7082 -11.277 -10.9442
v -11.277 15.7082 -10.9442
v 9.40715 6.31595 19.228
v 6.31595 9.40715 19.228
v 9.40715 6.31595 -19.228
v 6.31595 9.40715 -19.228
v 16.2375 -13.5612 7.36189
v -13.5612 16.2375 7.36189
v 16.2375 -13.5612 -7.36189
v -13.5612 16.2375 -7.36189
v 13.6107 -1.50731 17.7657
v -1.50731 13.6107 17.7657
v 13.6107 -1.50731 -17.7657
v -1.50731 13.6107 -17.7657
v 10.2306 5.58606 19.228
v 5.58606 10.2306 19.228
v 10.2306 5.58606 -19.228
v 5.58606 10.2306 -19.228
v 12.6529 1.33106 18.5958
v 1.33106 12.6529 18.5958
v 12.6529 1.33106 -18.5958
v 1.33106 12.6529 -18.5958
v 15.1461 -6.36454 15.5271
v -6.36454 15.1461 15.5271
v 15.1461 -6.36454 -15.5271
v -6.36454 15.1461 -15.5271
v 15.6123 -8.3385 14.1421
v -8.3385 15.6123 14.1421
v 15.6123 -8.3385 -14.1421
v -8.3385 15.6123 -14.1421
v 11.0748 4.87354 19.228
v 4.87354 11.0748 19.228
v 11.0748 4.87354 -19.228
v 4.87354 11.0748 -19.228
v 14.8258 -4.28963 16.7399
v -4.28963 14.8258 16.7399
v 14.8258 -4.28963 -16.7399
v -4.28963 14.8258 -16.7399
v 16.5741 -12.8025 9.18589
v -12.8025 16.5741 9.18589
v 16.5741 -12.8025 -9.18589
v -12.8025 16.5741 -9.18589
v 16.2275 -10.1809 12.606
v -10.1809 16.2275 12.606
v 16.2275 -10.1809 -12.606
v -10.1809 16.2275 -12.606
v 17.039 -15.4328 -0
v -15.4328 17.039 -0
v 11.9391 4.17925 19.228
v 4.17925 11.9391 19.228
v 11.9391 4.17925 -19.228
v 4.17925 11.9391 -19.228
v 17.07 -15.358 1.79709
v -15.358 17.07 1.79709
v 17.07 -15.358 -1.79709
v -15.358 17.07 -1.79709
v 13.6119 0.670376 18.5958
v 0.670376 13.6119 18.5958
v 13.6119 0.670376 -18.5958
v 0.670376 13.6119 -18.5958
v 14.644 -2.14646 17.7657
v -2.14646 14.644 17.7657
v 14.644 -2.14646 -17.7657
v -2.14646 14.644 -17.7657
v 17.1668 -15.1243 3.63926
v -15.1243 17.1668 3.63926
v 17.1668 -15.1243 -3.63926
v -15.1243 17.1668 -3.63926
v 12.8232 3.50402 19.228
v 3.50402 12.8232 19.228
v 12.8232 3.50402 -19.228
v 3.50402 12.8232 -19.228
v 17.3344 -14.7195 5.50316
v -14.7195 17.3344 5.50316
v 17.3344 -14.7195 -5.50316
v -14.7195 17.3344 -5.50316
v 16.9901 -11.8648 10.9442
v -11.8648 16.9901 10.9442
v 16.9901 -11.8648 -10.9442
v -11.8648 16.9901 -10.9442
v 9.14238 9.14238 19.6661
v 9.14238 9.14238 -19.6661
v 9.89095 8.41155 19.6661
v 8.41155 9.89095 19.6661
v 9.89095 8.41155 -19.6661
v 8.41155 9.89095 -19.6661
v 16.3042 -6.96699 15.5271
v -6.96699 16.3042 15.5271
v 16.3042 -6.96699 -15.5271
v -6.96699 16.3042 -15.5271
v 15.9312 -4.89993 16.7399
v -4.89993 15.9312 16.7399
v 15.9312 -4.89993 -16.7399
v -4.89993 15.9312 -16.7399
v 14.5893 0.0319386 18.5958
v 0.0319386 14.5893 18.5958
v 14.5893 0.0319386 -18.5958
v 0.0319386 14.5893 -18.5958
v 10.6603 7.69572 19.6661
v 7.69572 10.6603 19.6661
v 10.6603 7.69572 -19.6661
v 7.69572 10.6603 -19.6661
v 16.8204 -8.92931 14.1421
v -8.92931 16.8204 14.1421
v 16.8204 -8.92931 -14.1421
v -8.92931 16.8204 -14.1421
v 17.5764 -14.1354 7.36189
v -14.1354 17.5764 7.36189
v 17.5764 -14.1354 -7.36189
v -14.1354 17.5764 -7.36189
v 13.7262 2.84863 19.228
v 2.84863 13.7262 19.228
v 13.7262 2.84863 -19.228
v 2.84863 13.7262 -19.228
v 11.45 6.99572 19.6661
v 6.99572 11.45 19.6661
v 11.45 6.99572 -19.6661
v 6.99572 11.45 -19.6661
v 15.6947 -2.761 17.7657
v -2.761 15.6947 17.7657
v 15.6947 -2.761 -17.7657
v -2.761 15.6947 -17.7657
v 12.2596 6.31239 19.6661
v 6.31239 12.2596 19.6661
v 12.2596 6.31239 -19.6661
v 6.31239 12.2596 -19.6661
v 17.4819 -10.7562 12.606
v -10.7562 17.4819 12.606
v 17.4819 -10.7562 -12.606
v -10.7562 17.4819 -12.606
v 17.894 -13.3685 9.18589
v -13.3685 17.894 9.18589
v 17.894 -13.3685 -9.18589
v -13.3685 17.894 -9.18589
v 15.5843 -0.583509 18.5958
v -0.583509 15.5843 18.5958
v 15.5843 -0.583509 -18.5958
v -0.583509 15.5843 -18.5958
v 14.6475 2.21388 19.228
v 2.21388 14.6475 19.228
v 14.6475 2.21388 -19.228
v 2.21388 14.6475 -19.228
v 13.0886 5.64654 19.6661
v 5.64654 13.0886 19.6661
v 13.0886 5.64654 -19.6661
v 5.64654 13.0886 -19.6661
v 18.4242 -15.9865 -0
v -15.9865 18.4242 -0
v 18.4533 -15.911 1.79709
v -15.911 18.4533 1.79709
v 18.4533 -15.911 -1.79709
v -15.911 18.4533 -1.79709
v 17.0528 -5.48335 16.7399
v -5.48335 17.0528 16.7399
v 17.0528 -5.48335 -16.7399
v -5.48335 17.0528 -16.7399
v 18.5442 -15.6749 3.63926
v -15.6749 18.5442 3.63926
v 18.5442 -15.6749 -3.63926
v -15.6749 18.5442 -3.63926
v 17.4781 -7.54104 15.5271
v -7.54104 17.4781 15.5271
v 17.4781 -7.54104 -15.5271
v -7.54104 17.4781 -15.5271
v 13.9364 4.99897 19.6661
v 4.99897 13.9364 19.6661
v 13.9364 4.99897 -19.6661
v 4.99897 13.9364 -19.6661
v 16.7619 -3.35024 17.7657
v -3.35024 16.7619 17.7657
v 16.7619 -3.35024 -17.7657
v -3.35024 16.7619 -17.7657
v 18.2866 -12.4208 10.9442
v -12.4208 18.2866 10.9442
v 18.2866 -12.4208 -10.9442
v -12.4208 18.2866 -10.9442
v 18.7018 -15.2661 5.50316
v -15.2661 18.7018 5.50316
v 18.7018 -15.2661 -5.50316
v -15.2661 18.7018 -5.50316
v 10.445 10.445 19.9191
v 10.445 10.445 -19.9191
v 15.5866 1.6005 19.228
v 1.6005 15.5866 19.228
v 15.5866 1.6005 -19.228
v 1.6005 15.5866 -19.228
v 18.0436 -9.49027 14.1421
v -9.49027 18.0436 14.1421
v 18.0436 -9.49027 -14.1421
v -9.49027 18.0436 -14.1421
v 11.162 9.74502 19.9191
v 9.74502 11.162 19.9191
v 11.162 9.74502 -19.9191
v 9.74502 11.162 -19.9191
v 11.8988 9.0594 19.9191
v 9.0594 11.8988 19.9191
v 11.8988 9.0594 -19.9191
v 9.0594 11.8988 -19.9191
v 16.596 -1.17526 18.5958
v -1.17526 16.596 18.5958
v 16.596 -1.17526 -18.5958
v -1.17526 16.596 -18.5958
v 14.8024 4.37043 19.6661
v 4.37043 14.8024 19.6661
v 14.8024 4.37043 -19.6661
v 4.37043 14.8024 -19.6661
v 12.6552 8.38895 19.9191
v 8.38895 12.6552 19.9191
v 12.6552 8.38895 -19.9191
v 8.38895 12.6552 -19.9191
v 18.9291 -14.6762 7.36189
v -14.6762 18.9291 7.36189
v 18.9291 -14.6762 -7.36189
v -14.6762 18.9291 -7.36189
v 13.4306 7.73447 19.9191
v 7.73447 13.4306 19.9191
v 13.4306 7.73447 -19.9191
v 7.73447 13.4306 -19.9191
v 18.7507 -11.3003 12.606
v -11.3003 18.7507 12.606
v 18.7507 -11.3003 -12.606
v -11.3003 18.7507 -12.606
v 16.5425 1.0092 19.228
v 1.0092 16.5425 19.228
v 16.5425 1.0092 -19.228
v 1.0092 16.5425 -19.228
v 15.686 3.76167 19.6661
v 3.76167 15.686 19.6661
v 15.686 3.76167 -19.6661
v 3.76167 15.686 -19.6661
v 19.2276 -13.9016 9.18589
v -13.9016 19.2276 9.18589
v 19.2276 -13.9016 -9.18589
v -13.9016 19.2276 -9.18589
v 18.1895 -6.03927 16.7399
v -6.03927 18.1895 16.7399
v 18.1895 -6.03927 -16.7399
v -6.03927 18.1895 -16.7399
v 17.8448 -3.91353 17.7657
v -3.91353 17.8448 17.7657
v 17.8448 -3.91353 -17.7657
v -3.91353 17.8448 -17.7657
v 14.2246 7.09673 19.9191
v 7.09673 14.2246 19.9191
v 14.2246 7.09673 -19.9191
v 7.09673 14.2246 -19.9191
v 18.6665 -8.08608 15.5271
v -8.08608 18.6665 15.5271
v 18.6665 -8.08608 -15.5271
v -8.08608 18.6665 -15.5271
v 17.6237 -1.74265 18.5958
v -1.74265 17.6237 18.5958
v 17.6237 -1.74265 -18.5958
v -1.74265 17.6237 -18.5958
v 15.0366 6.47649 19.9191
v 6.47649 15.0366 19.9191
v 15.0366 6.47649 -19.9191
v 6.47649 15.0366 -19.9191
v 19.8222 -16.5054 -0
v -16.5054 19.8222 -0
v 19.8494 -16.4292 1.79709
v -16.4292 19.8494 1.79709
v 19.8494 -16.4292 -1.79709
v -16.4292 19.8494 -1.79709
v 19.5965 -12.9444 10.9442
v -12.9444 19.5965 10.9442
v 19.5965 -12.9444 -10.9442
v -12.9444 19.5965 -10.9442
v 16.5866 3.17342 19.6661
v 3.17342 16.5866 19.6661
v 16.5866 3.17342 -19.6661
v 3.17342 16.5866 -19.6661
v 19.2807 -10.0208 14.1421
v -10.0208 19.2807 14.1421
v 19.2807 -10.0208 -14.1421
v -10.0208 19.2807 -14.1421
v 19.9345 -16.1909 3.63926
v -16.1909 19.9345 3.63926
v 19.9345 -16.1909 -3.63926
v -16.1909 19.9345 -3.63926
v 11.7157 11.7157 20
v 11.7157 11.7157 -20
v 12.4019 11.0458 20
v 11.0458 12.4019 20
v 12.4019 11.0458 -20
v 11.0458 12.4019 -20
v 17.5145 0.440672 19.228
v 0.440672 17.5145 19.228
v 17.5145 0.440672 -19.228
v 0.440672 17.5145 -19.228
v 13.1071 10.3897 20
v 10.3897 13.1071 20
v 13.1071 10.3897 -20
v 10.3897 13.1071 -20
v 20.0819 -15.7783 5.50316
v -15.7783 20.0819 5.50316
v 20.0819 -15.7783 -5.50316
v -15.7783 20.0819 -5.50316
v 15.8661 5.87448 19.9191
v 5.87448 15.8661 19.9191
v 15.8661 5.87448 -19.9191
v 5.87448 15.8661 -19.9191
v 13.8309 9.74809 20
v 9.74809 13.8309 20
v 13.8309 9.74809 -20
v 9.74809 13.8309 -20
v 18.9423 -4.45025 17.7657
v -4.45025 18.9423 17.7657
v 18.9423 -4.45025 -17.7657
v -4.45025 18.9423 -17.7657
v 14.573 9.12174 20
v 9.12174 14.573 20
v 14.573 9.12174 -20
v 9.12174 14.573 -20
v 20.2945 -15.1829 7.36189
v -15.1829 20.2945 7.36189
v 20.2945 -15.1829 -7.36189
v -15.1829 20.2945 -7.36189
v 19.3404 -6.56709 16.7399
v -6.56709 19.3404 16.7399
v 19.3404 -6.56709 -16.7399
v -6.56709 19.3404 -16.7399
v 18.6664 -2.28505 18.5958
v -2.28505 18.6664 18.5958
v 18.6664 -2.28505 -18.5958
v -2.28505 18.6664 -18.5958
v 20.0326 -11.8127 12.606
v -11.8127 20.0326 12.606
v 20.0326 -11.8127 -12.606
v -11.8127 20.0326 -12.606
v 17.5033 2.60634 19.6661
v 2.60634 17.5033 19.6661
v 17.5033 2.60634 -19.6661
v 2.60634 17.5033 -19.6661
v 16.7124 5.29143 19.9191
v 5.29143 16.7124 19.9191
v 16.7124 5.29143 -19.9191
v 5.29143 16.7124 -19.9191
v 15.3328 8.51143 20
v 8.51143 15.3328 20
v 15.3328 8.51143 -20
v 8.51143 15.3328 -20
v 19.8686 -8.60157 15.5271
v -8.60157 19.8686 15.5271
v 19.8686 -8.60157 -15.5271
v -8.60157 19.8686 -15.5271
v 18.5018 -0.104448 19.228
v -0.104448 18.5018 19.228
v 18.5018 -0.104448 -19.228
v -0.104448 18.5018 -19.228
v 20.5736 -14.4012 9.18589
v -14.4012 20.5736 9.18589
v 20.5736 -14.4012 -9.18589
v -14.4012 20.5736 -9.18589
v 16.1099 7.91785 20
v 7.91785 16.1099 20
v 16.1099 7.91785 -20
v 7.91785 16.1099 -20
v 17.575 4.728 19.9191
v 4.728 17.575 19.9191
v 17.575 4.728 -19.9191
v 4.728 17.575 -19.9191
v 18.4356 2.0611 19.6661
v 2.0611 18.4356 19.6661
v 18.4356 2.0611 -19.6661
v 2.0611 18.4356 -19.6661
v 20.5306 -10.5204 14.1421
v -10.5204 20.5306 14.1421
v 20.5306 -10.5204 -14.1421
v -10.5204 20.5306 -14.1421
v 12.9865 12.9865 19.9191
v 12.9865 12.9865 -19.9191
v 13.6418 12.3467 19.9191
v 12.3467 13.6418 19.9191
v 13.6418 12.3467 -19.9191
v 12.3467 13.6418 -19.9191
v 20.9186 -13.4352 10.9442
v -13.4352 20.9186 10.9442
v 20.9186 -13.4352 -10.9442
v -13.4352 20.9186 -10.9442
v 14.3153 11.72 19.9191
v 11.72 14.3153 19.9191
v 14.3153 11.72 -19.9191
v 11.72 14.3153 -19.9191
v 21.2319 -16.9891 -0
v -16.9891 21.2319 -0
v 16.9037 7.34173 20
v 7.34173 16.9037 20
v 16.9037 7.34173 -20
v 7.34173 16.9037 -20
v 21.2572 -16.9123 1.79709
v -16.9123 21.2572 1.79709
v 21.2572 -16.9123 -1.79709
v -16.9123 21.2572 -1.79709
v 20.0535 -4.95986 17.7657
v -4.95986 20.0535 17.7657
v 20.0535 -4.95986 -17.7657
v -4.95986 20.0535 -17.7657
v 19.7232 -2.80187 18.5958
v -2.80187 19.7232 18.5958
v 19.7232 -2.80187 -18.5958
v -2.80187 19.7232 -18.5958
v 15.0066 11.1072 19.9191
v 11.1072 15.0066 19.9191
v 15.0066 11.1072 -19.9191
v 11.1072 15.0066 -19.9191
v 21.3363 -16.672 3.63926
v -16.672 21.3363 3.63926
v 21.3363 -16.672 -3.63926
v -16.672 21.3363 -3.63926
v 19.5036 -0.625561 19.228
v -0.625561 19.5036 19.228
v 19.5036 -0.625561 -19.228
v -0.625561 19.5036 -19.228
v 20.5045 -7.0663 16.7399
v -7.0663 20.5045 16.7399
v 20.5045 -7.0663 -16.7399
v -7.0663 20.5045 -16.7399
v 15.7153 10.509 19.9191
v 10.509 15.7153 19.9191
v 15.7153 10.509 -19.9191
v 10.509 15.7153 -19.9191
v 18.453 4.18487 19.9191
v 4.18487 18.453 19.9191
v 18.453 4.18487 -19.9191
v 4.18487 18.453 -19.9191
v 21.4734 -16.2558 5.50316
v -16.2558 21.4734 5.50316
v 21.4734 -16.2558 -5.50316
v -16.2558 21.4734 -5.50316
v 17.7137 6.78374 20
v 6.78374 17.7137 20
v 17.7137 6.78374 -20
v 6.78374 17.7137 -20
v 19.3824 1.53831 19.6661
v 1.53831 19.3824 19.6661
v 19.3824 1.53831 -19.6661
v 1.53831 19.3824 -19.6661
v 21.3265 -12.293 12.606
v -12.293 21.3265 12.606
v 21.3265 -12.293 -12.606
v -12.293 21.3265 -12.606
v 16.4411 9.92612 19.9191
v 9.92612 16.4411 19.9191
v 16.4411 9.92612 -19.9191
v 9.92612 16.4411 -19.9191
v 21.083 -9.08702 15.5271
v -9.08702 21.083 15.5271
v 21.083 -9.08702 -15.5271
v -9.08702 21.083 -15.5271
v 21.6711 -15.6553 7.36189
v -15.6553 21.6711 7.36189
v 21.6711 -15.6553 -7.36189
v -15.6553 21.6711 -7.36189
v 17.1832 9.35921 19.9191
v 9.35921 17.1832 19.9191
v 17.1832 9.35921 -19.9191
v 9.35921 17.1832 -19.9191
v 18.5391 6.24454 20
v 6.24454 18.5391 20
v 18.5391 6.24454 -20
v 6.24454 18.5391 -20
v 19.3459 3.66264 19.9191
v 3.66264 19.3459 19.9191
v 19.3459 3.66264 -19.9191
v 3.66264 19.3459 -19.9191
v 21.9308 -14.8669 9.18589
v -14.8669 21.9308 9.18589
v 21.9308 -14.8669 -9.18589
v -14.8669 21.9308 -9.18589
v 20.7932 -3.29258 18.5958
v -3.29258 20.7932 18.5958
v 20.7932 -3.29258 -18.5958
v -3.29258 20.7932 -18.5958
v 20.519 -1.1221 19.228
v -1.1221 20.519 19.228
v 20.519 -1.1221 -19.228
v -1.1221 20.519 -19.228
v 21.1774 -5.44184 17.7657
v -5.44184 21.1774 17.7657
v 21.1774 -5.44184 -17.7657
v -5.44184 21.1774 -17.7657
v 14.2891 14.2891 19.6661
v 14.2891 14.2891 -19.6661
v 21.7922 -10.9887 14.1421
v -10.9887 21.7922 14.1421
v 21.7922 -10.9887 -14.1421
v -10.9887 21.7922 -14.1421
v 17.9414 8.80897 19.9191
v 8.80897 17.9414 19.9191
v 17.9414 8.80897 -19.9191
v 8.80897 17.9414 -19.9191
v 14.9128 13.6801 19.6661
v 13.6801 14.9128 19.6661
v 14.9128 13.6801 -19.6661
v 13.6801 14.9128 -19.6661
v 15.5538 13.0837 19.6661
v 13.0837 15.5538 19.6661
v 15.5538 13.0837 -19.6661
v 13.0837 15.5538 -19.6661
v 20.3432 1.03855 19.6661
v 1.03855 20.3432 19.6661
v 20.3432 1.03855 -19.6661
v 1.03855 20.3432 -19.6661
v 16.2118 12.5005 19.6661
v 12.5005 16.2118 19.6661
v 16.2118 12.5005 -19.6661
v 12.5005 16.2118 -19.6661
v 21.6806 -7.53642 16.7399
v -7.53642 21.6806 16.7399
v 21.6806 -7.53642 -16.7399
v -7.53642 21.6806 -16.7399
v 22.2516 -13.8926 10.9442
v -13.8926 22.2516 10.9442
v 22.2516 -13.8926 -10.9442
v -13.8926 22.2516 -10.9442
v 19.3794 5.72476 20
v 5.72476 19.3794 20
v 19.3794 5.72476 -20
v 5.72476 19.3794 -20
v 16.8864 11.9311 19.6661
v 11.9311 16.8864 19.6661
v 16.8864 11.9311 -19.6661
v 11.9311 16.8864 -19.6661
v 18.7149 8.27605 19.9191
v 8.27605 18.7149 19.9191
v 18.7149 8.27605 -19.9191
v 8.27605 18.7149 -19.9191
v 20.2528 3.16192 19.9191
v 3.16192 20.2528 19.9191
v 20.2528 3.16192 -19.9191
v 3.16192 20.2528 -19.9191
v 22.6518 -17.4373 -0
v -17.4373 22.6518 -0
v 22.6752 -17.3598 1.79709
v -17.3598 22.6752 1.79709
v 22.6752 -17.3598 -1.79709
v -17.3598 22.6752 -1.79709
v 22.7483 -17.1176 3.63926
v -17.1176 22.7483 3.63926
v 22.7483 -17.1176 -3.63926
v -17.1176 22.7483 -3.63926
v 17.5771 11.3763 19.6661
v 11.3763 17.5771 19.6661
v 17.5771 11.3763 -19.6661
v 11.3763 17.5771 -19.6661
v 22.3088 -9.542 15.5271
v -9.542 22.3088 15.5271
v 22.3088 -9.542 -15.5271
v -9.542 22.3088 -15.5271
v 22.875 -16.6982 5.50316
v -16.6982 22.875 5.50316
v 22.875 -16.6982 -5.50316
v -16.6982 22.875 -5.50316
v 22.631 -12.7406 12.606
v -12.7406 22.631 12.606
v 22.631 -12.7406 -12.606
v -12.7406 22.631 -12.606
v 21.547 -1.59355 19.228
v -1.59355 21.547 19.228
v 21.547 -1.59355 -19.228
v -1.59355 21.547 -19.228
v 20.2339 5.22499 20
v 5.22499 20.2339 20
v 20.2339 5.22499 -20
v 5.22499 20.2339 -20
v 19.5033 7.76108 19.9191
v 7.76108 19.5033 19.9191
v 19.5033 7.76108 -19.9191
v 7.76108 19.5033 -19.9191
v 21.8754 -3.75669 18.5958
v -3.75669 21.8754 18.5958
v 21.8754 -3.75669 -18.5958
v -3.75669 21.8754 -18.5958
v 18.2835 10.8367 19.6661
v 10.8367 18.2835 19.6661
v 18.2835 10.8367 -19.6661
v 10.8367 18.2835 -19.6661
v 21.3169 0.562346 19.6661
v 0.562346 21.3169 19.6661
v 21.3169 0.562346 -19.6661
v 0.562346 21.3169 -19.6661
v 23.0578 -16.093 7.36189
v -16.093 23.0578 7.36189
v 23.0578 -16.093 -7.36189
v -16.093 23.0578 -7.36189
v 22.3129 -5.89573 17.7657
v -5.89573 22.3129 17.7657
v 22.3129 -5.89573 -17.7657
v -5.89573 22.3129 -17.7657
v 21.173 2.68325 19.9191
v 2.68325 21.173 19.9191
v 21.173 2.68325 -19.9191
v 2.68325 21.173 -19.9191
v 19.0051 10.313 19.6661
v 10.313 19.0051 19.6661
v 19.0051 10.313 -19.6661
v 10.313 19.0051 -19.6661
v 15.6071 15.6071 19.228
v 15.6071 15.6071 -19.228
v 16.1988 15.0293 19.228
v 15.0293 16.1988 19.228
v 16.1988 15.0293 -19.228
v 15.0293 16.1988 -19.228
v 23.2978 -15.2984 9.18589
v -15.2984 23.2978 9.18589
v 23.2978 -15.2984 -9.18589
v -15.2984 23.2978 -9.18589
v 16.807 14.4635 19.228
v 14.4635 16.807 19.228
v 16.807 14.4635 -19.228
v 14.4635 16.807 -19.228
v 20.3059 7.26465 19.9191
v 7.26465 20.3059 19.9191
v 20.3059 7.26465 -19.9191
v 7.26465 20.3059 -19.9191
v 23.0642 -11.4252 14.1421
v -11.4252 23.0642 14.1421
v 23.0642 -11.4252 -14.1421
v -11.4252 23.0642 -14.1421
v 22.8677 -7.97702 16.7399
v -7.97702 22.8677 16.7399
v 22.8677 -7.97702 -16.7399
v -7.97702 22.8677 -16.7399
v 17.4312 13.9101 19.228
v 13.9101 17.4312 19.228
v 17.4312 13.9101 -19.228
v 13.9101 17.4312 -19.228
v 21.1018 4.74579 20
v 4.74579 21.1018 20
v 21.1018 4.74579 -20
v 4.74579 21.1018 -20
v 19.7413 9.80581 19.6661
v 9.80581 19.7413 19.6661
v 19.7413 9.80581 -19.6661
v 9.80581 19.7413 -19.6661
v 18.0712 13.3699 19.228
v 13.3699 18.0712 19.228
v 18.0712 13.3699 -19.228
v 13.3699 18.0712 -19.228
v 23.5944 -14.3164 10.9442
v -14.3164 23.5944 10.9442
v 23.5944 -14.3164 -10.9442
v -14.3164 23.5944 -10.9442
v 22.5867 -2.03944 19.228
v -2.03944 22.5867 19.228
v 22.5867 -2.03944 -19.228
v -2.03944 22.5867 -19.228
v 22.3028 0.110207 19.6661
v 0.110207 22.3028 19.6661
v 22.3028 0.110207 -19.6661
v 0.110207 22.3028 -19.6661
v 18.7265 12.8436 19.228
v 12.8436 18.7265 19.228
v 18.7265 12.8436 -19.228
v 12.8436 18.7265 -19.228
v 21.1219 6.78733 19.9191
v 6.78733 21.1219 19.9191
v 21.1219 6.78733 -19.9191
v 6.78733 21.1219 -19.9191
v 22.1056 2.22715 19.9191
v 2.22715 22.1056 19.9191
v 22.1056 2.22715 -19.9191
v 2.22715 22.1056 -19.9191
v 22.9688 -4.19374 18.5958
v -4.19374 22.9688 18.5958
v 22.9688 -4.19374 -18.5958
v -4.19374 22.9688 -18.5958
v 20.4917 9.31566 19.6661
v 9.31566 20.4917 19.6661
v 20.4917 9.31566 -19.6661
v 9.31566 20.4917 -19.6661
v 23.5448 -9.96611 15.5271
v -9.96611 23.5448 15.5271
v 23.5448 -9.96611 -15.5271
v -9.96611 23.5448 -15.5271
v 19.3967 12.3317 19.228
v 12.3317 19.3967 19.228
v 19.3967 12.3317 -19.228
v 12.3317 19.3967 -19.228
v 24.0806 -17.8496 -0
v -17.8496 24.0806 -0
v 24.1021 -17.7716 1.79709
v -17.7716 24.1021 1.79709
v 24.1021 -17.7716 -1.79709
v -17.7716 24.1021 -1.79709
v 21.9824 4.2877 20
v 4.2877 21.9824 20
v 21.9824 4.2877 -20
v 4.2877 21.9824 -20
v 24.1692 -17.5277 3.63926
v -17.5277 24.1692 3.63926
v 24.1692 -17.5277 -3.63926
v -17.5277 24.1692 -3.63926
v 23.9451 -13.1554 12.606
v -13.1554 23.9451 12.606
v 23.9451 -13.1554 -12.606
v -13.1554 23.9451 -12.606
v 23.459 -6.32112 17.7657
v -6.32112 23.459 17.7657
v 23.459 -6.32112 -17.7657
v -6.32112 23.459 -17.7657
v 24.2855 -17.1052 5.50316
v -17.1052 24.2855 5.50316
v 24.2855 -17.1052 -5.50316
v -17.1052 24.2855 -5.50316
v 20.0813 11.8348 19.228
v 11.8348 20.0813 19.228
v 20.0813 11.8348 -19.228
v 11.8348 20.0813 -19.228
v 21.2555 8.84317 19.6661
v 8.84317 21.2555 19.6661
v 21.2555 8.84317 -19.6661
v 8.84317 21.2555 -19.6661
v 16.9214 16.9214 18.5958
v 16.9214 16.9214 -18.5958
v 21.9509 6.32967 19.9191
v 6.32967 21.9509 19.9191
v 21.9509 6.32967 -19.9191
v 6.32967 21.9509 -19.9191
v 17.4812 16.3748 18.5958
v 16.3748 17.4812 18.5958
v 17.4812 16.3748 -18.5958
v 16.3748 17.4812 -18.5958
v 18.0566 15.8394 18.5958
v 15.8394 18.0566 18.5958
v 18.0566 15.8394 -18.5958
v 15.8394 18.0566 -18.5958
v 24.4532 -16.4957 7.36189
v -16.4957 24.4532 7.36189
v 24.4532 -16.4957 -7.36189
v -16.4957 24.4532 -7.36189
v 18.6473 15.3159 18.5958
v 15.3159 18.6473 18.5958
v 18.6473 15.3159 -18.5958
v 15.3159 18.6473 -18.5958
v 24.0646 -8.38773 16.7399
v -8.38773 24.0646 16.7399
v 24.0646 -8.38773 -16.7399
v -8.38773 24.0646 -16.7399
v 23.3 -0.317421 19.6661
v -0.317421 23.3 19.6661
v 23.3 -0.317421 -19.6661
v -0.317421 23.3 -19.6661
v 20.7798 11.3536 19.228
v 11.3536 20.7798 19.228
v 20.7798 11.3536 -19.228
v 11.3536 20.7798 -19.228
v 23.0499 1.7941 19.9191
v 1.7941 23.0499 19.9191
v 23.0499 1.7941 -19.9191
v 1.7941 23.0499 -19.9191
v 24.3455 -11.8296 14.1421
v -11.8296 24.3455 14.1421
v 24.3455 -11.8296 -14.1421
v -11.8296 24.3455 -14.1421
v 23.6372 -2.45935 19.228
v -2.45935 23.6372 19.228
v 23.6372 -2.45935 -19.228
v -2.45935 23.6372 -19.228
v 19.2528 14.8048 18.5958
v 14.8048 19.2528 18.5958
v 19.2528 14.8048 -18.5958
v 14.8048 19.2528 -18.5958
v 22.875 3.85122 20
v 3.85122 22.875 20
v 22.875 3.85122 -20
v 3.85122 22.875 -20
v 24.6735 -15.6953 9.18589
v -15.6953 24.6735 9.18589
v 24.6735 -15.6953 -9.18589
v -15.6953 24.6735 -9.18589
v 22.0323 8.38887 19.6661
v 8.38887 22.0323 19.6661
v 22.0323 8.38887 -19.6661
v 8.38887 22.0323 -19.6661
v 19.8728 14.3068 18.5958
v 14.3068 19.8728 18.5958
v 19.8728 14.3068 -18.5958
v 14.3068 19.8728 -18.5958
v 24.0724 -4.60336 18.5958
v -4.60336 24.0724 18.5958
v 24.0724 -4.60336 -18.5958
v -4.60336 24.0724 -18.5958
v 21.4917 10.8886 19.228
v 10.8886 21.4917 19.228
v 21.4917 10.8886 -19.228
v 10.8886 21.4917 -19.228
v 22.7919 5.89216 19.9191
v 5.89216 22.7919 19.9191
v 22.7919 5.89216 -19.9191
v 5.89216 22.7919 -19.9191
v 20.5068 13.8225 18.5958
v 13.8225 20.5068 18.5958
v 20.5068 13.8225 -18.5958
v 13.8225 20.5068 -18.5958
v 24.9456 -14.7063 10.9442
v -14.7063 24.9456 10.9442
v 24.9456 -14.7063 -10.9442
v -14.7063 24.9456 -10.9442
v 24.7897 -10.359 15.5271
v -10.359 24.7897 15.5271
v 24.7897 -10.359 -15.5271
v -10.359 24.7897 -15.5271
v 24.6146 -6.71767 17.7657
v -6.71767 24.6146 17.7657
v 24.6146 -6.71767 -17.7657
v -6.71767 24.6146 -17.7657
v 22.8212 7.95328 19.6661
v 7.95328 22.8212 19.6661
v 22.8212 7.95328 -19.6661
v 7.95328 22.8212 -19.6661
v 21.1545 13.3524 18.5958
v 13.3524 21.1545 18.5958
v 21.1545 13.3524 -18.5958
v 13.3524 21.1545 -18.5958
v 22.2164 10.4403 19.228
v 10.4403 22.2164 19.228
v 22.2164 10.4403 -19.228
v 10.4403 22.2164 -19.228
v 24.0049 1.38452 19.9191
v 1.38452 24.0049 19.9191
v 24.0049 1.38452 -19.9191
v 1.38452 24.0049 -19.9191
v 23.7787 3.43678 20
v 3.43678 23.7787 20
v 23.7787 3.43678 -20
v 3.43678 23.7787 -20
v 24.3074 -0.720125 19.6661
v -0.720125 24.3074 19.6661
v 24.3074 -0.720125 -19.6661
v -0.720125 24.3074 -19.6661
v 18.2111 18.2111 17.7657
v 18.2111 18.2111 -17.7657
v 18.7397 17.6951 17.7657
v 17.6951 18.7397 17.7657
v 18.7397 17.6951 -17.7657
v 17.6951 18.7397 -17.7657
v 25.2674 -13.537 12.606
v -13.537 25.2674 12.606
v 25.2674 -13.537 -12.606
v -13.537 25.2674 -12.606
v 19.2829 17.1896 17.7657
v 17.1896 19.2829 17.7657
v 19.2829 17.1896 -17.7657
v 17.1896 19.2829 -17.7657
v 25.517 -18.2258 -0
v -18.2258 25.517 -0
v 25.5366 -18.1473 1.79709
v -18.1473 25.5366 1.79709
v 25.5366 -18.1473 -1.79709
v -18.1473 25.5366 -1.79709
v 23.6444 5.47528 19.9191
v 5.47528 23.6444 19.9191
v 23.6444 5.47528 -19.9191
v 5.47528 23.6444 -19.9191
v 24.6975 -2.85289 19.228
v -2.85289 24.6975 19.228
v 24.6975 -2.85289 -19.228
v -2.85289 24.6975 -19.228
v 19.8406 16.6954 17.7657
v 16.6954 19.8406 17.7657
v 19.8406 16.6954 -17.7657
v 16.6954 19.8406 -17.7657
v 21.8154 12.8971 18.5958
v 12.8971 21.8154 18.5958
v 21.8154 12.8971 -18.5958
v 12.8971 21.8154 -18.5958
v 25.5976 -17.9018 3.63926
v -17.9018 25.5976 3.63926
v 25.5976 -17.9018 -3.63926
v -17.9018 25.5976 -3.63926
v 20.4122 16.2129 17.7657
v 16.2129 20.4122 17.7657
v 20.4122 16.2129 -17.7657
v 16.2129 20.4122 -17.7657
v 25.2702 -8.76826 16.7399
v -8.76826 25.2702 16.7399
v 25.2702 -8.76826 -16.7399
v -8.76826 25.2702 -16.7399
v 25.7034 -17.4766 5.50316
v -17.4766 25.7034 5.50316
v 25.7034 -17.4766 -5.50316
v -17.4766 25.7034 -5.50316
v 22.9533 10.0093 19.228
v 10.0093 22.9533 19.228
v 22.9533 10.0093 -19.228
v 10.0093 22.9533 -19.228
v 23.6217 7.53687 19.6661
v 7.53687 23.6217 19.6661
v 23.6217 7.53687 -19.6661
v 7.53687 23.6217 -19.6661
v 20.9976 15.7427 17.7657
v 15.7427 20.9976 17.7657
v 20.9976 15.7427 -17.7657
v 15.7427 20.9976 -17.7657
v 25.1851 -4.9852 18.5958
v -4.9852 25.1851 18.5958
v 25.1851 -4.9852 -18.5958
v -4.9852 25.1851 -18.5958
v 25.6349 -12.2017 14.1421
v -12.2017 25.6349 14.1421
v 25.6349 -12.2017 -14.1421
v -12.2017 25.6349 -14.1421
v 22.4889 12.4571 18.5958
v 12.4571 22.4889 18.5958
v 22.4889 12.4571 -18.5958
v 12.4571 22.4889 -18.5958
v 25.856 -16.8631 7.36189
v -16.8631 25.856 7.36189
v 25.856 -16.8631 -7.36189
v -16.8631 25.856 -7.36189
v 21.5962 15.2854 17.7657
v 15.2854 21.5962 17.7657
v 21.5962 15.2854 -17.7657
v 15.2854 21.5962 -17.7657
v 24.6927 3.04482 20
v 3.04482 24.6927 20
v 24.6927 3.04482 -20
v 3.04482 24.6927 -20
v 26.0564 -16.0575 9.18589
v -16.0575 26.0564 9.18589
v 26.0564 -16.0575 -9.18589
v -16.0575 26.0564 -9.18589
v 24.9699 0.998819 19.9191
v 0.998819 24.9699 19.9191
v 24.9699 0.998819 -19.9191
v 0.998819 24.9699 -19.9191
v 24.5075 5.07947 19.9191
v 5.07947 24.5075 19.9191
v 24.5075 5.07947 -19.9191
v 5.07947 24.5075 -19.9191
v 23.7018 9.59604 19.228
v 9.59604 23.7018 19.228
v 23.7018 9.59604 -19.228
v 9.59604 23.7018 -19.228
v 23.1746 12.033 18.5958
v 12.033 23.1746 18.5958
v 23.1746 12.033 -18.5958
v 12.033 23.1746 -18.5958
v 22.2077 14.8416 17.7657
v 14.8416 22.2077 17.7657
v 22.2077 14.8416 -17.7657
v 14.8416 22.2077 -17.7657
v 25.3243 -1.09755 19.6661
v -1.09755 25.3243 19.6661
v 25.3243 -1.09755 -19.6661
v -1.09755 25.3243 -19.6661
v 25.7786 -7.08506 17.7657
v -7.08506 25.7786 17.7657
v 25.7786 -7.08506 -17.7657
v -7.08506 25.7786 -17.7657
v 26.0424 -10.7205 15.5271
v -10.7205 26.0424 15.5271
v 26.0424 -10.7205 -15.5271
v -10.7205 26.0424 -15.5271
v 24.4331 7.14009 19.6661
v 7.14009 24.4331 19.6661
v 24.4331 7.14009 -19.6661
v 7.14009 24.4331 -19.6661
v 19.4544 19.4544 16.7399
v 19.4544 19.4544 -16.7399
v 19.9529 18.9678 16.7399
v 18.9678 19.9529 16.7399
v 19.9529 18.9678 -16.7399
v 18.9678 19.9529 -16.7399
v 26.304 -15.0621 10.9442
v -15.0621 26.304 10.9442
v 26.304 -15.0621 -10.9442
v -15.0621 26.304 -10.9442
v 20.4651 18.4912 16.7399
v 18.4912 20.4651 16.7399
v 20.4651 18.4912 -16.7399
v 18.4912 20.4651 -16.7399
v 25.7665 -3.21974 19.228
v -3.21974 25.7665 19.228
v 25.7665 -3.21974 -19.228
v -3.21974 25.7665 -19.228
v 22.8317 14.4118 17.7657
v 14.4118 22.8317 17.7657
v 22.8317 14.4118 -17.7657
v 14.4118 22.8317 -17.7657
v 20.9909 18.0252 16.7399
v 18.0252 20.9909 16.7399
v 20.9909 18.0252 -16.7399
v 18.0252 20.9909 -16.7399
v 23.8718 11.6252 18.5958
v 11.6252 23.8718 18.5958
v 23.8718 11.6252 -18.5958
v 11.6252 23.8718 -18.5958
v 21.5299 17.5702 16.7399
v 17.5702 21.5299 16.7399
v 21.5299 17.5702 -16.7399
v 17.5702 21.5299 -16.7399
v 24.4613 9.20097 19.228
v 9.20097 24.4613 19.228
v 24.4613 9.20097 -19.228
v 9.20097 24.4613 -19.228
v 26.5967 -13.8851 12.606
v -13.8851 26.5967 12.606
v 26.5967 -13.8851 -12.606
v -13.8851 26.5967 -12.606
v 22.0819 17.1269 16.7399
v 17.1269 22.0819 16.7399
v 22.0819 17.1269 -16.7399
v 17.1269 22.0819 -16.7399
v 23.4676 13.9964 17.7657
v 13.9964 23.4676 17.7657
v 23.4676 13.9964 -17.7657
v 13.9964 23.4676 -17.7657
v 25.3804 4.70511 19.9191
v 4.70511 25.3804 19.9191
v 25.3804 4.70511 -19.9191
v 4.70511 25.3804 -19.9191
v 25.6161 2.6757 20
v 2.6757 25.6161 20
v 25.6161 2.6757 -20
v 2.6757 25.6161 -20
v 26.4833 -9.11834 16.7399
v -9.11834 26.4833 16.7399
v 26.4833 -9.11834 -16.7399
v -9.11834 26.4833 -16.7399
v 26.3059 -5.33897 18.5958
v -5.33897 26.3059 18.5958
v 26.3059 -5.33897 -18.5958
v -5.33897 26.3059 -18.5958
v 25.9438 0.637329 19.9191
v 0.637329 25.9438 19.9191
v 25.9438 0.637329 -19.9191
v 0.637329 25.9438 -19.9191
v 25.2545 6.76336 19.6661
v 6.76336 25.2545 19.6661
v 25.2545 6.76336 -19.6661
v 6.76336 25.2545 -19.6661
v 26.9596 -18.5658 -0
v -18.5658 26.9596 -0
v 22.6464 16.6957 16.7399
v 16.6957 22.6464 16.7399
v 22.6464 16.6957 -16.7399
v 16.6957 22.6464 -16.7399
v 26.9772 -18.4868 1.79709
v -18.4868 26.9772 1.79709
v 26.9772 -18.4868 -1.79709
v -18.4868 26.9772 -1.79709
v 24.58 11.2342 18.5958
v 11.2342 24.58 18.5958
v 24.58 11.2342 -18.5958
v 11.2342 24.58 -18.5958
v 27.0322 -18.2399 3.63926
v -18.2399 27.0322 3.63926
v 27.0322 -18.2399 -3.63926
v -18.2399 27.0322 -3.63926
v 24.1149 13.596 17.7657
v 13.596 24.1149 17.7657
v 24.1149 13.596 -17.7657
v 13.596 24.1149 -17.7657
v 26.931 -12.5412 14.1421
v -12.5412 26.931 14.1421
v 26.931 -12.5412 -14.1421
v -12.5412 26.931 -14.1421
v 26.3496 -1.44937 19.6661
v -1.44937 26.3496 19.6661
v 26.3496 -1.44937 -19.6661
v -1.44937 26.3496 -19.6661
v 27.1274 -17.8122 5.50316
v -17.8122 27.1274 5.50316
v 27.1274 -17.8122 -5.50316
v -17.8122 27.1274 -5.50316
v 25.231 8.82454 19.228
v 8.82454 25.231 19.228
v 25.231 8.82454 -19.228
v 8.82454 25.231 -19.228
v 23.223 16.2772 16.7399
v 16.2772 23.223 16.7399
v 23.223 16.2772 -16.7399
v 16.2772 23.223 -16.7399
v 20.6295 20.6295 15.5271
v 20.6295 20.6295 -15.5271
v 21.0994 20.1707 15.5271
v 20.1707 21.0994 15.5271
v 21.0994 20.1707 -15.5271
v 20.1707 21.0994 -15.5271
v 27.2648 -17.1951 7.36189
v -17.1951 27.2648 7.36189
v 27.2648 -17.1951 -7.36189
v -17.1951 27.2648 -7.36189
v 21.5823 19.7214 15.5271
v 19.7214 21.5823 15.5271
v 21.5823 19.7214 -15.5271
v 19.7214 21.5823 -15.5271
v 26.9499 -7.42305 17.7657
v -7.42305 26.9499 17.7657
v 26.9499 -7.42305 -17.7657
v -7.42305 26.9499 -17.7657
v 23.8113 15.8719 16.7399
v 15.8719 23.8113 16.7399
v 23.8113 15.8719 -16.7399
v 15.8719 23.8113 -16.7399
v 22.0781 19.2819 15.5271
v 19.2819 22.0781 15.5271
v 22.0781 19.2819 -15.5271
v 19.2819 22.0781 -15.5271
v 26.8434 -3.55963 19.228
v -3.55963 26.8434 19.228
v 26.8434 -3.55963 -19.228
v -3.55963 26.8434 -19.228
v 25.2985 10.8605 18.5958
v 10.8605 25.2985 18.5958
v 25.2985 10.8605 -18.5958
v 10.8605 25.2985 -18.5958
v 24.7731 13.211 17.7657
v 13.211 24.7731 17.7657
v 24.7731 13.211 -17.7657
v 13.211 24.7731 -17.7657
v 26.2623 4.35257 19.9191
v 4.35257 26.2623 19.9191
v 26.2623 4.35257 -19.9191
v 4.35257 26.2623 -19.9191
v 27.4452 -16.3849 9.18589
v -16.3849 27.4452 9.18589
v 27.4452 -16.3849 -9.18589
v -16.3849 27.4452 -9.18589
v 22.5863 18.853 15.5271
v 18.853 22.5863 15.5271
v 22.5863 18.853 -15.5271
v 18.853 22.5863 -15.5271
v 26.0853 6.40706 19.6661
v 6.40706 26.0853 19.6661
v 26.0853 6.40706 -19.6661
v 6.40706 26.0853 -19.6661
v 27.3018 -11.0504 15.5271
v -11.0504 27.3018 15.5271
v 27.3018 -11.0504 -15.5271
v -11.0504 27.3018 -15.5271
v 26.5482 2.32975 20
v 2.32975 26.5482 20
v 26.5482 2.32975 -20
v 2.32975 26.5482 -20
v 23.1067 18.435 15.5271
v 18.435 23.1067 15.5271
v 23.1067 18.435 -15.5271
v 18.435 23.1067 -15.5271
v 24.4109 15.4802 16.7399
v 15.4802 24.4109 16.7399
v 24.4109 15.4802 -16.7399
v 15.4802 24.4109 -16.7399
v 26.0104 8.46712 19.228
v 8.46712 26.0104 19.228
v 26.0104 8.46712 -19.228
v 8.46712 26.0104 -19.228
v 26.9258 0.300356 19.9191
v 0.300356 26.9258 19.9191
v 26.9258 0.300356 -19.9191
v 0.300356 26.9258 -19.9191
v 27.6682 -15.3836 10.9442
v -15.3836 27.6682 10.9442
v 27.6682 -15.3836 -10.9442
v -15.3836 27.6682 -10.9442
v 23.6389 18.0285 15.5271
v 18.0285 23.6389 15.5271
v 23.6389 18.0285 -15.5271
v 18.0285 23.6389 -15.5271
v 25.4417 12.8418 17.7657
v 12.8418 25.4417 17.7657
v 25.4417 12.8418 -17.7657
v 12.8418 25.4417 -17.7657
v 27.4338 -5.66443 18.5958
v -5.66443 27.4338 18.5958
v 27.4338 -5.66443 -18.5958
v -5.66443 27.4338 -18.5958
v 26.0268 10.5043 18.5958
v 10.5043 26.0268 18.5958
v 26.0268 10.5043 -18.5958
v 10.5043 26.0268 -18.5958
v 25.0213 15.1026 16.7399
v 15.1026 25.0213 16.7399
v 25.0213 15.1026 -16.7399
v 15.1026 25.0213 -16.7399
v 27.7029 -9.43777 16.7399
v -9.43777 27.7029 16.7399
v 27.7029 -9.43777 -16.7399
v -9.43777 27.7029 -16.7399
v 24.1825 17.634 15.5271
v 17.634 24.1825 15.5271
v 24.1825 17.634 -15.5271
v 17.634 24.1825 -15.5271
v 27.3823 -1.77534 19.6661
v -1.77534 27.3823 19.6661
v 27.3823 -1.77534 -19.6661
v -1.77534 27.3823 -19.6661
v 27.9318 -14.1997 12.606
v -14.1997 27.9318 12.606
v 27.9318 -14.1997 -12.606
v -14.1997 27.9318 -12.606
v 21.7157 21.7157 14.1421
v 21.7157 21.7157 -14.1421
v 22.1593 21.2827 14.1421
v 21.2827 22.1593 14.1421
v 22.1593 21.2827 -14.1421
v 21.2827 22.1593 -14.1421
v 22.6151 20.8585 14.1421
v 20.8585 22.6151 14.1421
v 22.6151 20.8585 -14.1421
v 20.8585 22.6151 -14.1421
v 26.9248 6.07152 19.6661
v 6.07152 26.9248 19.6661
v 26.9248 6.07152 -19.6661
v 6.07152 26.9248 -19.6661
v 27.1525 4.02217 19.9191
v 4.02217 27.1525 19.9191
v 27.1525 4.02217 -19.9191
v 4.02217 27.1525 -19.9191
v 24.7372 17.2518 15.5271
v 17.2518 24.7372 15.5271
v 24.7372 17.2518 -15.5271
v 17.2518 24.7372 -15.5271
v 23.0831 20.4438 14.1421
v 20.4438 23.0831 14.1421
v 23.0831 20.4438 -14.1421
v 20.4438 23.0831 -14.1421
v 26.1201 12.4889 17.7657
v 12.4889 26.1201 17.7657
v 26.1201 12.4889 -17.7657
v 12.4889 26.1201 -17.7657
v 26.7986 8.12908 19.228
v 8.12908 26.7986 19.228
v 26.7986 8.12908 -19.228
v 8.12908 26.7986 -19.228
v 25.642 14.7396 16.7399
v 14.7396 25.642 16.7399
v 25.642 14.7396 -16.7399
v 14.7396 25.642 -16.7399
v 23.5628 20.0389 14.1421
v 20.0389 23.5628 14.1421
v 23.5628 20.0389 -14.1421
v 20.0389 23.5628 -14.1421
v 27.4879 2.00726 20
v 2.00726 27.4879 20
v 27.4879 2.00726 -20
v 2.00726 27.4879 -20
v 28.2328 -12.8479 14.1421
v -12.8479 28.2328 14.1421
v 28.2328 -12.8479 -14.1421
v -12.8479 28.2328 -14.1421
v 28.407 -18.8694 -0
v -18.8694 28.407 -0
v 28.4227 -18.79 1.79709
v -18.79 28.4227 1.79709
v 28.4227 -18.79 -1.79709
v -18.79 28.4227 -1.79709
v 24.054 19.6443 14.1421
v 19.6443 24.054 14.1421
v 24.054 19.6443 -14.1421
v 19.6443 24.054 -14.1421
v 27.927 -3.87232 19.228
v -3.87232 27.927 19.228
v 27.927 -3.87232 -19.228
v -3.87232 27.927 -19.228
v 26.7642 10.1661 18.5958
v 10.1661 26.7642 18.5958
v 26.7642 10.1661 -18.5958
v 10.1661 26.7642 -18.5958
v 25.3025 16.8825 15.5271
v 16.8825 25.3025 15.5271
v 25.3025 16.8825 -15.5271
v 16.8825 25.3025 -15.5271
v 28.1274 -7.73146 17.7657
v -7.73146 28.1274 17.7657
v 28.1274 -7.73146 -17.7657
v -7.73146 28.1274 -17.7657
v 28.4716 -18.5418 3.63926
v -18.5418 28.4716 3.63926
v 28.4716 -18.5418 -3.63926
v -18.5418 28.4716 -3.63926
v 28.5562 -18.1119 5.50316
v -18.1119 28.5562 5.50316
v 28.5562 -18.1119 -5.50316
v -18.1119 28.5562 -5.50316
v 24.5563 19.2606 14.1421
v 19.2606 24.5563 14.1421
v 24.5563 19.2606 -14.1421
v 19.2606 24.5563 -14.1421
v 27.9149 -0.0118465 19.9191
v -0.0118465 27.9149 19.9191
v 27.9149 -0.0118465 -19.9191
v -0.0118465 27.9149 -19.9191
v 26.2725 14.3915 16.7399
v 14.3915 26.2725 16.7399
v 26.2725 14.3915 -16.7399
v 14.3915 26.2725 -16.7399
v 26.8077 12.1527 17.7657
v 12.1527 26.8077 17.7657
v 26.8077 12.1527 -17.7657
v 12.1527 26.8077 -17.7657
v 28.6784 -17.4916 7.36189
v -17.4916 28.6784 7.36189
v 28.6784 -17.4916 -7.36189
v -17.4916 28.6784 -7.36189
v 25.878 16.5266 15.5271
v 16.5266 25.878 15.5271
v 25.878 16.5266 -15.5271
v 16.5266 25.878 -15.5271
v 25.0695 18.8882 14.1421
v 18.8882 25.0695 14.1421
v 25.0695 18.8882 -14.1421
v 18.8882 25.0695 -14.1421
v 28.5666 -11.3485 15.5271
v -11.3485 28.5666 15.5271
v 28.5666 -11.3485 -15.5271
v -11.3485 28.5666 -15.5271
v 22.695 22.695 12.606
v 22.695 22.695 -12.606
v 23.1148 22.2852 12.606
v 22.2852 23.1148 12.606
v 23.1148 22.2852 -12.606
v 22.2852 23.1148 -12.606
v 27.772 5.75705 19.6661
v 5.75705 27.772 19.6661
v 27.772 5.75705 -19.6661
v 5.75705 27.772 -19.6661
v 27.595 7.81074 19.228
v 7.81074 27.595 19.228
v 27.595 7.81074 -19.228
v 7.81074 27.595 -19.228
v 23.5463 21.8837 12.606
v 21.8837 23.5463 12.606
v 23.5463 21.8837 -12.606
v 21.8837 23.5463 -12.606
v 28.8388 -16.6772 9.18589
v -16.6772 28.8388 9.18589
v 28.8388 -16.6772 -9.18589
v -16.6772 28.8388 -9.18589
v 23.9891 21.4912 12.606
v 21.4912 23.9891 12.606
v 23.9891 21.4912 -12.606
v 21.4912 23.9891 -12.606
v 28.0501 3.71417 19.9191
v 3.71417 28.0501 19.9191
v 28.0501 3.71417 -19.9191
v 3.71417 28.0501 -19.9191
v 28.5677 -5.9614 18.5958
v -5.9614 28.5677 18.5958
v 28.5677 -5.9614 -18.5958
v -5.9614 28.5677 -18.5958
v 25.5931 18.5275 14.1421
v 18.5275 25.5931 14.1421
v 25.5931 18.5275 -14.1421
v 18.5275 25.5931 -14.1421
v 28.4215 -2.07522 19.6661
v -2.07522 28.4215 19.6661
v 28.4215 -2.07522 -19.6661
v -2.07522 28.4215 -19.6661
v 27.5099 9.84632 18.5958
v 9.84632 27.5099 18.5958
v 27.5099 9.84632 -18.5958
v 9.84632 27.5099 -18.5958
v 24.4432 21.108 12.606
v 21.108 24.4432 12.606
v 24.4432 21.108 -12.606
v 21.108 24.4432 -12.606
v 26.9121 14.0588 16.7399
v 14.0588 26.9121 16.7399
v 26.9121 14.0588 -16.7399
v 14.0588 26.9121 -16.7399
v 26.4632 16.1843 15.5271
v 16.1843 26.4632 15.5271
v 26.4632 16.1843 -15.5271
v 16.1843 26.4632 -15.5271
v 29.0369 -15.6707 10.9442
v -15.6707 29.0369 10.9442
v 29.0369 -15.6707 -10.9442
v -15.6707 29.0369 -10.9442
v 24.908 20.7346 12.606
v 20.7346 24.908 12.606
v 24.908 20.7346 -12.606
v 20.7346 24.908 -12.606
v 28.4345 1.70848 20
v 1.70848 28.4345 20
v 28.4345 1.70848 -20
v 1.70848 28.4345 -20
v 28.9278 -9.72643 16.7399
v -9.72643 28.9278 16.7399
v 28.9278 -9.72643 -16.7399
v -9.72643 28.9278 -16.7399
v 27.5039 11.8334 17.7657
v 11.8334 27.5039 17.7657
v 27.5039 11.8334 -17.7657
v 11.8334 27.5039 -17.7657
v 26.1267 18.1789 14.1421
v 18.1789 26.1267 14.1421
v 26.1267 18.1789 -14.1421
v 18.1789 26.1267 -14.1421
v 25.3835 20.3714 12.606
v 20.3714 25.3835 12.606
v 25.3835 20.3714 -12.606
v 20.3714 25.3835 -12.606
v 27.0576 15.8561 15.5271
v 15.8561 27.0576 15.5271
v 27.0576 15.8561 -15.5271
v 15.8561 27.0576 -15.5271
v 29.2713 -14.4807 12.606
v -14.4807 29.2713 12.606
v 29.2713 -14.4807 -12.606
v -14.4807 29.2713 -12.606
v 27.5605 13.7417 16.7399
v 13.7417 27.5605 16.7399
v 27.5605 13.7417 -16.7399
v 13.7417 27.5605 -16.7399
v 25.8692 20.0189 12.606
v 20.0189 25.8692 12.606
v 25.8692 20.0189 -12.606
v 20.0189 25.8692 -12.606
v 29.0163 -4.15763 19.228
v -4.15763 29.0163 19.228
v 29.0163 -4.15763 -19.228
v -4.15763 29.0163 -19.228
v 23.5526 23.5526 10.9442
v 23.5526 23.5526 -10.9442
v 26.6699 17.8429 14.1421
v 17.8429 26.6699 14.1421
v 26.6699 17.8429 -14.1421
v 17.8429 26.6699 -14.1421
v 23.9516 23.1631 10.9442
v 23.1631 23.9516 10.9442
v 23.9516 23.1631 -10.9442
v 23.1631 23.9516 -10.9442
v 24.3617 22.7815 10.9442
v 22.7815 24.3617 10.9442
v 24.3617 22.7815 -10.9442
v 22.7815 24.3617 -10.9442
v 28.3988 7.51239 19.228
v 7.51239 28.3988 19.228
v 28.3988 7.51239 -19.228
v 7.51239 28.3988 -19.228
v 28.9103 -0.299067 19.9191
v -0.299067 28.9103 19.9191
v 28.9103 -0.299067 -19.9191
v -0.299067 28.9103 -19.9191
v 28.2634 9.54514 18.5958
v 9.54514 28.2634 18.5958
v 28.2634 9.54514 -18.5958
v 9.54514 28.2634 -18.5958
v 28.6263 5.4639 19.6661
v 5.4639 28.6263 19.6661
v 28.6263 5.4639 -19.6661
v 5.4639 28.6263 -19.6661
v 24.7826 22.4084 10.9442
v 22.4084 24.7826 10.9442
v 24.7826 22.4084 -10.9442
v 22.4084 24.7826 -10.9442
v 29.31 -8.01015 17.7657
v -8.01015 29.31 17.7657
v 29.31 -8.01015 -17.7657
v -8.01015 29.31 -17.7657
v 26.3647 19.6775 12.606
v 19.6775 26.3647 12.606
v 26.3647 19.6775 -12.606
v 19.6775 26.3647 -12.606
v 25.2141 22.0442 10.9442
v 22.0442 25.2141 10.9442
v 25.2141 22.0442 -10.9442
v 22.0442 25.2141 -10.9442
v 28.208 11.5315 17.7657
v 11.5315 28.208 17.7657
v 28.208 11.5315 -17.7657
v 11.5315 28.208 -17.7657
v 29.5389 -13.1219 14.1421
v -13.1219 29.5389 14.1421
v 29.5389 -13.1219 -14.1421
v -13.1219 29.5389 -14.1421
v 28.9541 3.42882 19.9191
v 3.42882 28.9541 19.9191
v 28.9541 3.42882 -19.9191
v 3.42882 28.9541 -19.9191
v 27.6607 15.5424 15.5271
v 15.5424 27.6607 15.5271
v 27.6607 15.5424 -15.5271
v 15.5424 27.6607 -15.5271
v 27.2223 17.5198 14.1421
v 17.5198 27.2223 14.1421
v 27.2223 17.5198 -14.1421
v 17.5198 27.2223 -14.1421
v 25.656 21.6893 10.9442
v 21.6893 25.656 10.9442
v 25.656 21.6893 -10.9442
v 21.6893 25.656 -10.9442
v 26.8697 19.3476 12.606
v 19.3476 26.8697 12.606
v 26.8697 19.3476 -12.606
v 19.3476 26.8697 -12.606
v 26.1079 21.3442 10.9442
v 21.3442 26.1079 10.9442
v 26.1079 21.3442 -10.9442
v 21.3442 26.1079 -10.9442
v 28.2169 13.4407 16.7399
v 13.4407 28.2169 16.7399
v 28.2169 13.4407 -16.7399
v 13.4407 28.2169 -16.7399
v 29.858 -19.1366 -0
v -19.1366 29.858 -0
v 29.8716 -19.0569 1.79709
v -19.0569 29.8716 1.79709
v 29.8716 -19.0569 -1.79709
v -19.0569 29.8716 -1.79709
v 29.4662 -2.34885 19.6661
v -2.34885 29.4662 19.6661
v 29.4662 -2.34885 -19.6661
v -2.34885 29.4662 -19.6661
v 29.9144 -18.8075 3.63926
v -18.8075 29.9144 3.63926
v 29.9144 -18.8075 -3.63926
v -18.8075 29.9144 -3.63926
v 24.278 24.278 9.18589
v 24.278 24.278 -9.18589
v 24.6594 23.9056 9.18589
v 23.9056 24.6594 9.18589
v 24.6594 23.9056 -9.18589
v 23.9056 24.6594 -9.18589
v 29.3871 1.43361 20
v 1.43361 29.3871 20
v 29.3871 1.43361 -20
v 1.43361 29.3871 -20
v 25.0513 23.5409 9.18589
v 23.5409 25.0513 9.18589
v 25.0513 23.5409 -9.18589
v 23.5409 25.0513 -9.18589
v 29.8357 -11.6147 15.5271
v -11.6147 29.8357 15.5271
v 29.8357 -11.6147 -15.5271
v -11.6147 29.8357 -15.5271
v 29.7064 -6.22976 18.5958
v -6.22976 29.7064 18.5958
v 29.7064 -6.22976 -18.5958
v -6.22976 29.7064 -18.5958
v 26.5695 21.0091 10.9442
v 21.0091 26.5695 10.9442
v 26.5695 21.0091 -10.9442
v 21.0091 26.5695 -10.9442
v 29.9885 -18.3757 5.50316
v -18.3757 29.9885 5.50316
v 29.9885 -18.3757 -5.50316
v -18.3757 29.9885 -5.50316
v 27.7833 17.21 14.1421
v 17.21 27.7833 14.1421
v 27.7833 17.21 -14.1421
v 17.21 27.7833 -14.1421
v 25.4537 23.1842 9.18589
v 23.1842 25.4537 9.18589
v 25.4537 23.1842 -9.18589
v 23.1842 25.4537 -9.18589
v 27.3839 19.0296 12.606
v 19.0296 27.3839 12.606
v 27.3839 19.0296 -12.606
v 19.0296 27.3839 -12.606
v 28.2719 15.2435 15.5271
v 15.2435 28.2719 15.5271
v 28.2719 15.2435 -15.5271
v 15.2435 28.2719 -15.5271
v 29.0239 9.26286 18.5958
v 9.26286 29.0239 18.5958
v 29.0239 9.26286 -18.5958
v 9.26286 29.0239 -18.5958
v 25.8662 22.8361 9.18589
v 22.8361 25.8662 9.18589
v 25.8662 22.8361 -9.18589
v 22.8361 25.8662 -9.18589
v 30.0953 -17.7526 7.36189
v -17.7526 30.0953 7.36189
v 30.0953 -17.7526 -7.36189
v -17.7526 30.0953 -7.36189
v 29.2093 7.23427 19.228
v 7.23427 29.2093 19.228
v 29.2093 7.23427 -19.228
v 7.23427 29.2093 -19.228
v 28.9193 11.2471 17.7657
v 11.2471 28.9193 17.7657
v 28.9193 11.2471 -17.7657
v 11.2471 28.9193 -17.7657
v 27.0405 20.6847 10.9442
v 20.6847 27.0405 10.9442
v 27.0405 20.6847 -10.9442
v 20.6847 27.0405 -10.9442
v 26.2886 22.4968 9.18589
v 22.4968 26.2886 9.18589
v 26.2886 22.4968 -9.18589
v 22.4968 26.2886 -9.18589
v 29.4868 5.19231 19.6661
v 5.19231 29.4868 19.6661
v 29.4868 5.19231 -19.6661
v 5.19231 29.4868 -19.6661
v 30.2356 -16.9344 9.18589
v -16.9344 30.2356 9.18589
v 30.2356 -16.9344 -9.18589
v -16.9344 30.2356 -9.18589
v 28.8808 13.1559 16.7399
v 13.1559 28.8808 16.7399
v 28.8808 13.1559 -16.7399
v 13.1559 28.8808 -16.7399
v 27.9066 18.7238 12.606
v 18.7238 27.9066 12.606
v 27.9066 18.7238 -12.606
v 18.7238 27.9066 -12.606
v 30.1568 -9.98422 16.7399
v -9.98422 30.1568 16.7399
v 30.1568 -9.98422 -16.7399
v -9.98422 30.1568 -16.7399
v 26.7205 22.1669 9.18589
v 22.1669 26.7205 9.18589
v 26.7205 22.1669 -9.18589
v 22.1669 26.7205 -9.18589
v 28.3526 16.9139 14.1421
v 16.9139 28.3526 14.1421
v 28.3526 16.9139 -14.1421
v 16.9139 28.3526 -14.1421
v 24.8649 24.8649 7.36189
v 24.8649 24.8649 -7.36189
v 25.2321 24.5065 7.36189
v 24.5065 25.2321 7.36189
v 25.2321 24.5065 -7.36189
v 24.5065 25.2321 -7.36189
v 29.9109 -0.561148 19.9191
v -0.561148 29.9109 19.9191
v 29.9109 -0.561148 -19.9191
v -0.561148 29.9109 -19.9191
v 27.5205 20.3711 10.9442
v 20.3711 27.5205 10.9442
v 27.5205 20.3711 -10.9442
v 20.3711 27.5205 -10.9442
v 25.6094 24.1554 7.36189
v 24.1554 25.6094 7.36189
v 25.6094 24.1554 -7.36189
v 24.1554 25.6094 -7.36189
v 30.1104 -4.41546 19.228
v -4.41546 30.1104 19.228
v 30.1104 -4.41546 -19.228
v -4.41546 30.1104 -19.228
v 25.9968 23.812 7.36189
v 23.812 25.9968 7.36189
v 25.9968 23.812 -7.36189
v 23.812 25.9968 -7.36189
v 30.409 -15.9234 10.9442
v -15.9234 30.409 10.9442
v 30.409 -15.9234 -10.9442
v -15.9234 30.409 -10.9442
v 29.8639 3.16629 19.9191
v 3.16629 29.8639 19.9191
v 29.8639 3.16629 -19.9191
v 3.16629 29.8639 -19.9191
v 27.1618 21.8466 9.18589
v 21.8466 27.1618 9.18589
v 27.1618 21.8466 -9.18589
v 21.8466 27.1618 -9.18589
v 28.8908 14.9596 15.5271
v 14.9596 28.8908 15.5271
v 28.8908 14.9596 -15.5271
v 14.9596 28.8908 -15.5271
v 26.3939 23.4769 7.36189
v 23.4769 26.3939 7.36189
v 26.3939 23.4769 -7.36189
v 23.4769 26.3939 -7.36189
v 28.0091 20.0689 10.9442
v 20.0689 28.0091 10.9442
v 28.0091 20.0689 -10.9442
v 20.0689 28.0091 -10.9442
v 28.4377 18.4306 12.606
v 18.4306 28.4377 12.606
v 28.4377 18.4306 -12.606
v 18.4306 28.4377 -12.606
v 26.8004 23.1503 7.36189
v 23.1503 26.8004 7.36189
v 26.8004 23.1503 -7.36189
v 23.1503 26.8004 -7.36189
v 27.612 21.5365 9.18589
v 21.5365 27.612 9.18589
v 27.612 21.5365 -9.18589
v 21.5365 27.612 -9.18589
v 25.312 25.312 5.50316
v 25.312 25.312 -5.50316
v 25.6683 24.9641 5.50316
v 24.9641 25.6683 5.50316
v 25.6683 24.9641 -5.50316
v 24.9641 25.6683 -5.50316
v 30.614 -14.728 12.606
v -14.728 30.614 12.606
v 30.614 -14.728 -12.606
v -14.728 30.614 -12.606
v 28.9296 16.6317 14.1421
v 16.6317 28.9296 14.1421
v 28.9296 16.6317 -14.1421
v 16.6317 28.9296 -14.1421
v 30.4965 -8.25905 17.7657
v -8.25905 30.4965 17.7657
v 30.4965 -8.25905 -17.7657
v -8.25905 30.4965 -17.7657
v 29.7907 8.99973 18.5958
v 8.99973 29.7907 18.5958
v 29.7907 8.99973 -18.5958
v 8.99973 29.7907 -18.5958
v 26.0345 24.6234 5.50316
v 24.6234 26.0345 5.50316
v 26.0345 24.6234 -5.50316
v 24.6234 26.0345 -5.50316
v 29.6373 10.9806 17.7657
v 10.9806 29.6373 17.7657
v 29.6373 10.9806 -17.7657
v 10.9806 29.6373 -17.7657
v 27.2163 22.8327 7.36189
v 22.8327 27.2163 7.36189
v 27.2163 22.8327 -7.36189
v 22.8327 27.2163 -7.36189
v 26.4104 24.2902 5.50316
v 24.2902 26.4104 5.50316
v 26.4104 24.2902 -5.50316
v 24.2902 26.4104 -5.50316
v 29.5516 12.8878 16.7399
v 12.8878 29.5516 16.7399
v 29.5516 12.8878 -16.7399
v 12.8878 29.5516 -16.7399
v 30.0257 6.9766 19.228
v 6.9766 30.0257 19.228
v 30.0257 6.9766 -19.228
v 6.9766 30.0257 -19.228
v 30.3447 1.1828 20
v 1.1828 30.3447 20
v 30.3447 1.1828 -20
v 1.1828 30.3447 -20
v 26.7957 23.9649 5.50316
v 23.9649 26.7957 5.50316
v 26.7957 23.9649 -5.50316
v 23.9649 26.7957 -5.50316
v 28.0708 21.2368 9.18589
v 21.2368 28.0708 9.18589
v 28.0708 21.2368 -9.18589
v 21.2368 28.0708 -9.18589
v 28.506 19.7783 10.9442
v 19.7783 28.506 10.9442
v 28.506 19.7783 -10.9442
v 19.7783 28.506 -10.9442
v 30.5155 -2.59611 19.6661
v -2.59611 30.5155 19.6661
v 30.5155 -2.59611 -19.6661
v -2.59611 30.5155 -19.6661
v 27.6411 22.5244 7.36189
v 22.5244 27.6411 7.36189
v 27.6411 22.5244 -7.36189
v 22.5244 27.6411 -7.36189
v 25.6218 25.6218 3.63926
v 25.6218 25.6218 -3.63926
v 25.9706 25.2812 3.63926
v 25.2812 25.9706 3.63926
v 25.9706 25.2812 -3.63926
v 25.2812 25.9706 -3.63926
v 28.9764 18.1504 12.606
v 18.1504 28.9764 12.606
v 28.9764 18.1504 -12.606
v 18.1504 28.9764 -12.606
v 29.5168 14.6912 15.5271
v 14.6912 29.5168 15.5271
v 29.5168 14.6912 -15.5271
v 14.6912 29.5168 -15.5271
v 27.1903 23.648 5.50316
v 23.648 27.1903 5.50316
v 27.1903 23.648 -5.50316
v 23.648 27.1903 -5.50316
v 26.329 24.9477 3.63926
v 24.9477 26.329 3.63926
v 26.329 24.9477 -3.63926
v 24.9477 26.329 -3.63926
v 30.8481 -13.363 14.1421
v -13.363 30.8481 14.1421
v 30.8481 -13.363 -14.1421
v -13.363 30.8481 -14.1421
v 26.697 24.6215 3.63926
v 24.6215 26.697 3.63926
v 26.697 24.6215 -3.63926
v 24.6215 26.697 -3.63926
v 30.3527 4.94244 19.6661
v 4.94244 30.3527 19.6661
v 30.3527 4.94244 -19.6661
v 4.94244 30.3527 -19.6661
v 25.8007 25.8007 1.79709
v 25.8007 25.8007 -1.79709
v 26.1451 25.4644 1.79709
v 25.4644 26.1451 1.79709
v 26.1451 25.4644 -1.79709
v 25.4644 26.1451 -1.79709
v 28.0745 22.2258 7.36189
v 22.2258 28.0745 7.36189
v 28.0745 22.2258 -7.36189
v 22.2258 28.0745 -7.36189
v 27.5939 23.3397 5.50316
v 23.3397 27.5939 5.50316
v 27.5939 23.3397 -5.50316
v 23.3397 27.5939 -5.50316
v 27.0742 24.3031 3.63926
v 24.3031 27.0742 3.63926
v 27.0742 24.3031 -3.63926
v 24.3031 27.0742 -3.63926
v 26.4991 25.135 1.79709
v 25.135 26.4991 1.79709
v 26.4991 25.135 -1.79709
v 25.135 26.4991 -1.79709
v 25.8579 25.8579 0
v 28.5379 20.9478 9.18589
v 20.9478 28.5379 9.18589
v 28.5379 20.9478 -9.18589
v 20.9478 28.5379 -9.18589
v 26.2009 25.5229 0
v 25.5229 26.2009 0
v 29.5138 16.3638 14.1421
v 16.3638 29.5138 14.1421
v 29.5138 16.3638 -14.1421
v 16.3638 29.5138 -14.1421
v 30.8489 -6.46942 18.5958
v -6.46942 30.8489 18.5958
v 30.8489 -6.46942 -18.5958
v -6.46942 30.8489 -18.5958
v 26.5535 25.1949 0
v 25.1949 26.5535 0
v 26.8625 24.8129 1.79709
v 24.8129 26.8625 1.79709
v 26.8625 24.8129 -1.79709
v 24.8129 26.8625 -1.79709
v 29.0107 19.4996 10.9442
v 19.4996 29.0107 10.9442
v 29.0107 19.4996 -10.9442
v 19.4996 29.0107 -10.9442
v 27.4605 23.9929 3.63926
v 23.9929 27.4605 3.63926
v 27.4605 23.9929 -3.63926
v 23.9929 27.4605 -3.63926
v 26.9155 24.874 0
v 24.874 26.9155 0
v 27.2351 24.4984 1.79709
v 24.4984 27.2351 1.79709
v 27.2351 24.4984 -1.79709
v 24.4984 27.2351 -1.79709
v 28.0061 23.0405 5.50316
v 23.0405 28.0061 5.50316
v 28.0061 23.0405 -5.50316
v 23.0405 28.0061 -5.50316
v 27.2865 24.5609 0
v 24.5609 27.2865 0
v 28.5162 21.9373 7.36189
v 21.9373 28.5162 7.36189
v 28.5162 21.9373 -7.36189
v 21.9373 28.5162 -7.36189
v 31.1078 -11.849 15.5271
v -11.849 31.1078 15.5271
v 31.1078 -11.849 -15.5271
v -11.849 31.1078 -15.5271
v 29.5225 17.8833 12.606
v 17.8833 29.5225 12.606
v 29.5225 17.8833 -12.606
v 17.8833 29.5225 -12.606
v 27.8555 23.6911 3.63926
v 23.6911 27.8555 3.63926
v 27.8555 23.6911 -3.63926
v 23.6911 27.8555 -3.63926
v 27.6165 24.192 1.79709
v 24.192 27.6165 1.79709
v 27.6165 24.192 -1.79709
v 24.192 27.6165 -1.79709
v 30.3613 10.7322 17.7657
v 10.7322 30.3613 17.7657
v 30.3613 10.7322 -17.7657
v 10.7322 30.3613 -17.7657
v 30.7785 2.92675 19.9191
v 2.92675 30.7785 19.9191
v 30.7785 2.92675 -19.9191
v 2.92675 30.7785 -19.9191
v 30.9158 -0.797974 19.9191
v -0.797974 30.9158 19.9191
v 30.9158 -0.797974 -19.9191
v -0.797974 30.9158 -19.9191
v 29.0129 20.67 9.18589
v 20.67 29.0129 9.18589
v 29.0129 20.67 -9.18589
v 20.67 29.0129 -9.18589
v 30.2286 12.6365 16.7399
v 12.6365 30.2286 16.7399
v 30.2286 12.6365 -16.7399
v 12.6365 30.2286 -16.7399
v 27.6664 24.2557 0
v 24.2557 27.6664 0
v 31.311 -19.3675 -0
v -19.3675 31.311 -0
v 28.4267 22.7508 5.50316
v 22.7508 28.4267 5.50316
v 28.4267 22.7508 -5.50316
v 22.7508 28.4267 -5.50316
v 31.3227 -19.2875 1.79709
v -19.2875 31.3227 1.79709
v 31.3227 -19.2875 -1.79709
v -19.2875 31.3227 -1.79709
v 30.5631 8.75594 18.5958
v 8.75594 30.5631 18.5958
v 30.5631 8.75594 -18.5958
v 8.75594 30.5631 -18.5958
v 28.0066 23.894 1.79709
v 23.894 28.0066 1.79709
v 28.0066 23.894 -1.79709
v 23.894 28.0066 -1.79709
v 30.1492 14.4384 15.5271
v 14.4384 30.1492 15.5271
v 30.1492 14.4384 -15.5271
v 14.4384 30.1492 -15.5271
v 31.3593 -19.0371 3.63926
v -19.0371 31.3593 3.63926
v 31.3593 -19.0371 -3.63926
v -19.0371 31.3593 -3.63926
v 28.2591 23.3983 3.63926
v 23.3983 28.2591 3.63926
v 28.2591 23.3983 -3.63926
v 23.3983 28.2591 -3.63926
v 28.055 23.9589 0
v 23.9589 28.055 0
v 29.5228 19.2332 10.9442
v 19.2332 29.5228 10.9442
v 29.5228 19.2332 -10.9442
v 19.2332 29.5228 -10.9442
v 28.9658 21.6591 7.36189
v 21.6591 28.9658 7.36189
v 28.9658 21.6591 -7.36189
v 21.6591 28.9658 -7.36189
v 31.4228 -18.6036 5.50316
v -18.6036 31.4228 5.50316
v 31.4228 -18.6036 -5.50316
v -18.6036 31.4228 -5.50316
v 31.2081 -4.64571 19.228
v -4.64571 31.2081 19.228
v 31.2081 -4.64571 -19.228
v -4.64571 31.2081 -19.228
v 30.1046 16.1104 14.1421
v 16.1104 30.1046 14.1421
v 30.1046 16.1104 -14.1421
v 16.1104 30.1046 -14.1421
v 30.8472 6.73954 19.228
v 6.73954 30.8472 19.228
v 30.8472 6.73954 -19.228
v 6.73954 30.8472 -19.228
v 28.4052 23.6048 1.79709
v 23.6048 28.4052 1.79709
v 28.4052 23.6048 -1.79709
v 23.6048 28.4052 -1.79709
v 28.8554 22.4708 5.50316
v 22.4708 28.8554 5.50316
v 28.8554 22.4708 -5.50316
v 22.4708 28.8554 -5.50316
v 28.6708 23.1146 3.63926
v 23.1146 28.6708 3.63926
v 28.6708 23.1146 -3.63926
v 23.1146 28.6708 -3.63926
v 31.3887 -10.2111 16.7399
v -10.2111 31.3887 16.7399
v 31.3887 -10.2111 -16.7399
v -10.2111 31.3887 -16.7399
v 28.4519 23.6709 0
v 23.6709 28.4519 0
v 31.5144 -17.9781 7.36189
v -17.9781 31.5144 7.36189
v 31.5144 -17.9781 -7.36189
v -17.9781 31.5144 -7.36189
v 29.4953 20.4037 9.18589
v 20.4037 29.4953 9.18589
v 29.4953 20.4037 -9.18589
v 20.4037 29.4953 -9.18589
v 30.0754 17.6298 12.606
v 17.6298 30.0754 12.606
v 30.0754 17.6298 -12.606
v 17.6298 30.0754 -12.606
v 28.8118 23.3247 1.79709
v 23.3247 28.8118 1.79709
v 28.8118 23.3247 -1.79709
v 23.3247 28.8118 -1.79709
v 29.423 21.3917 7.36189
v 21.3917 29.423 7.36189
v 29.423 21.3917 -7.36189
v 21.3917 29.423 -7.36189
v 31.6346 -17.1567 9.18589
v -17.1567 31.6346 9.18589
v 31.6346 -17.1567 -9.18589
v -17.1567 31.6346 -9.18589
v 28.8568 23.3919 0
v 23.3919 28.8568 0
v 31.3064 0.95616 20
v 0.95616 31.3064 20
v 31.3064 0.95616 -20
v 0.95616 31.3064 -20
v 29.2917 22.2008 5.50316
v 22.2008 29.2917 5.50316
v 29.2917 22.2008 -5.50316
v 22.2008 29.2917 -5.50316
v 29.0904 22.8405 3.63926
v 22.8405 29.0904 3.63926
v 29.0904 22.8405 -3.63926
v 22.8405 29.0904 -3.63926
v 30.0418 18.9794 10.9442
v 18.9794 30.0418 10.9442
v 30.0418 18.9794 -10.9442
v 18.9794 30.0418 -10.9442
v 31.2231 4.71445 19.6661
v 4.71445 31.2231 19.6661
v 31.2231 4.71445 -19.6661
v 4.71445 31.2231 -19.6661
v 29.2262 23.054 1.79709
v 23.054 29.2262 1.79709
v 29.2262 23.054 -1.79709
v 23.054 29.2262 -1.79709
v 29.9848 20.149 9.18589
v 20.149 29.9848 9.18589
v 29.9848 20.149 -9.18589
v 20.149 29.9848 -9.18589
v 30.9113 12.4023 16.7399
v 12.4023 30.9113 16.7399
v 30.9113 12.4023 -16.7399
v 12.4023 30.9113 -16.7399
v 31.7831 -16.1418 10.9442
v -16.1418 31.7831 10.9442
v 31.7831 -16.1418 -10.9442
v -16.1418 31.7831 -10.9442
v 30.7875 14.2015 15.5271
v 14.2015 30.7875 15.5271
v 30.7875 14.2015 -15.5271
v 14.2015 30.7875 -15.5271
v 31.5682 -2.81693 19.6661
v -2.81693 31.5682 19.6661
v 31.5682 -2.81693 -19.6661
v -2.81693 31.5682 -19.6661
v 29.2696 23.1223 0
v 23.1223 29.2696 0
v 31.6859 -8.47812 17.7657
v -8.47812 31.6859 17.7657
v 31.6859 -8.47812 -17.7657
v -8.47812 31.6859 -17.7657
v 31.0905 10.502 17.7657
v 10.502 31.0905 17.7657
v 31.0905 10.502 -17.7657
v 10.502 31.0905 -17.7657
v 29.8875 21.1353 7.36189
v 21.1353 29.8875 7.36189
v 29.8875 21.1353 -7.36189
v 21.1353 29.8875 -7.36189
v 29.5176 22.5763 3.63926
v 22.5763 29.5176 3.63926
v 29.5176 22.5763 -3.63926
v 22.5763 29.5176 -3.63926
v 30.7016 15.8718 14.1421
v 15.8718 30.7016 14.1421
v 30.7016 15.8718 -14.1421
v 15.8718 30.7016 -14.1421
v 29.7355 21.9413 5.50316
v 21.9413 29.7355 5.50316
v 29.7355 21.9413 -5.50316
v 21.9413 29.7355 -5.50316
v 30.6346 17.39 12.606
v 17.39 30.6346 12.606
v 30.6346 17.39 -12.606
v 17.39 30.6346 -12.606
v 31.3404 8.53165 18.5958
v 8.53165 31.3404 18.5958
v 31.3404 8.53165 -18.5958
v 8.53165 31.3404 -18.5958
v 29.648 22.7931 1.79709
v 22.7931 29.648 1.79709
v 29.648 22.7931 -1.79709
v 22.7931 29.648 -1.79709
v 31.9587 -14.9417 12.606
v -14.9417 31.9587 12.606
v 31.9587 -14.9417 -12.606
v -14.9417 31.9587 -12.606
v 29.6897 22.8624 0
v 22.8624 29.6897 0
v 30.5673 18.7384 10.9442
v 18.7384 30.5673 10.9442
v 30.5673 18.7384 -10.9442
v 18.7384 30.5673 -10.9442
v 29.952 22.3222 3.63926
v 22.3222 29.952 3.63926
v 29.952 22.3222 -3.63926
v 22.3222 29.952 -3.63926
v 31.697 2.71029 19.9191
v 2.71029 31.697 19.9191
v 31.697 2.71029 -19.9191
v 2.71029 31.697 -19.9191
v 30.4809 19.9064 9.18589
v 19.9064 30.4809 9.18589
v 30.4809 19.9064 -9.18589
v 19.9064 30.4809 -9.18589
v 30.1862 21.6925 5.50316
v 21.6925 30.1862 5.50316
v 30.1862 21.6925 -5.50316
v 21.6925 30.1862 -5.50316
v 30.3587 20.8901 7.36189
v 20.8901 30.3587 7.36189
v 30.3587 20.8901 -7.36189
v 20.8901 30.3587 -7.36189
v 31.9942 -6.68037 18.5958
v -6.68037 31.9942 18.5958
v 31.9942 -6.68037 -18.5958
v -6.68037 31.9942 -18.5958
v 31.6731 6.52324 19.228
v 6.52324 31.6731 19.228
v 31.6731 6.52324 -19.228
v 6.52324 31.6731 -19.228
v 30.077 22.5422 1.79709
v 22.5422 30.077 1.79709
v 30.077 22.5422 -1.79709
v 22.5422 30.077 -1.79709
v 31.9241 -1.00948 19.9191
v -1.00948 31.9241 19.9191
v 31.9241 -1.00948 -19.9191
v -1.00948 31.9241 -19.9191
v 30.117 22.6125 0
v 22.6125 30.117 0
v 32.1593 -13.5714 14.1421
v -13.5714 32.1593 14.1421
v 32.1593 -13.5714 -14.1421
v -13.5714 32.1593 -14.1421
v 30.3932 22.0786 3.63926
v 22.0786 30.3932 3.63926
v 30.3932 22.0786 -3.63926
v 22.0786 30.3932 -3.63926
v 31.4311 13.9806 15.5271
v 13.9806 31.4311 15.5271
v 31.4311 13.9806 -15.5271
v 13.9806 31.4311 -15.5271
v 31.3041 15.6482 14.1421
v 15.6482 31.3041 14.1421
v 31.3041 15.6482 -14.1421
v 15.6482 31.3041 -14.1421
v 31.1996 17.1641 12.606
v 17.1641 31.1996 12.606
v 31.1996 17.1641 -12.606
v 17.1641 31.1996 -12.606
v 31.5989 12.1852 16.7399
v 12.1852 31.5989 16.7399
v 31.5989 12.1852 -16.7399
v 12.1852 31.5989 -16.7399
v 31.0988 18.5105 10.9442
v 18.5105 31.0988 10.9442
v 31.0988 18.5105 -10.9442
v 18.5105 31.0988 -10.9442
v 30.6435 21.4546 5.50316
v 21.4546 30.6435 5.50316
v 30.6435 21.4546 -5.50316
v 21.4546 30.6435 -5.50316
v 30.9832 19.676 9.18589
v 19.676 30.9832 9.18589
v 30.9832 19.676 -9.18589
v 19.676 30.9832 -9.18589
v 30.5127 22.3016 1.79709
v 22.3016 30.5127 1.79709
v 30.5127 22.3016 -1.79709
v 22.3016 30.5127 -1.79709
v 30.8363 20.6566 7.36189
v 20.6566 30.8363 7.36189
v 30.8363 20.6566 -7.36189
v 20.6566 30.8363 -7.36189
v 30.5509 22.3729 0
v 22.3729 30.5509 0
v 31.8243 10.2903 17.7657
v 10.2903 31.8243 17.7657
v 31.8243 10.2903 -17.7657
v 10.2903 31.8243 -17.7657
v 32.3818 -12.0514 15.5271
v -12.0514 32.3818 15.5271
v 32.3818 -12.0514 -15.5271
v -12.0514 32.3818 -15.5271
v 32.3084 -4.84838 19.228
v -4.84838 32.3084 19.228
v 32.3084 -4.84838 -19.228
v -4.84838 32.3084 -19.228
v 32.0974 4.50843 19.6661
v 4.50843 32.0974 19.6661
v 32.0974 4.50843 -19.6661
v 4.50843 32.0974 -19.6661
v 30.8408 21.8458 3.63926
v 21.8458 30.8408 3.63926
v 30.8408 21.8458 -3.63926
v 21.8458 30.8408 -3.63926
v 32.2714 0.753748 20
v 0.753748 32.2714 20
v 32.2714 0.753748 -20
v 0.753748 32.2714 -20
v 32.1217 8.32701 18.5958
v 8.32701 32.1217 18.5958
v 32.1217 8.32701 -18.5958
v 8.32701 32.1217 -18.5958
v 31.107 21.2279 5.50316
v 21.2279 31.107 5.50316
v 31.107 21.2279 -5.50316
v 21.2279 31.107 -5.50316
v 30.9548 22.0716 1.79709
v 22.0716 30.9548 1.79709
v 30.9548 22.0716 -1.79709
v 22.0716 30.9548 -1.79709
v 30.9912 22.1439 0
v 22.1439 30.9912 0
v 31.3199 20.4348 7.36189
v 20.4348 31.3199 7.36189
v 31.3199 20.4348 -7.36189
v 20.4348 31.3199 -7.36189
v 32.6224 -10.4072 16.7399
v -10.4072 32.6224 16.7399
v 32.6224 -10.4072 -16.7399
v -10.4072 32.6224 -16.7399
v 31.4913 19.4582 9.18589
v 19.4582 31.4913 9.18589
v 31.4913 19.4582 -9.18589
v 19.4582 31.4913 -9.18589
v 31.6357 18.2958 10.9442
v 18.2958 31.6357 10.9442
v 31.6357 18.2958 -10.9442
v 18.2958 31.6357 -10.9442
v 31.7698 16.9525 12.606
v 16.9525 31.7698 12.606
v 31.7698 16.9525 -12.606
v 16.9525 31.7698 -12.606
v 32.7648 -19.5622 -0
v -19.5622 32.7648 -0
v 31.9116 15.4397 14.1421
v 15.4397 31.9116 14.1421
v 31.9116 15.4397 -14.1421
v 15.4397 31.9116 -14.1421
v 32.7746 -19.4819 1.79709
v -19.4819 32.7746 1.79709
v 32.7746 -19.4819 -1.79709
v -19.4819 32.7746 -1.79709
v 32.8051 -19.2307 3.63926
v -19.2307 32.8051 3.63926
v 32.8051 -19.2307 -3.63926
v -19.2307 32.8051 -3.63926
v 32.0794 13.776 15.5271
v 13.776 32.0794 15.5271
v 32.0794 13.776 -15.5271
v 13.776 32.0794 -15.5271
v 32.6235 -3.0113 19.6661
v -3.0113 32.6235 19.6661
v 32.6235 -3.0113 -19.6661
v -3.0113 32.6235 -19.6661
v 31.2946 21.6239 3.63926
v 21.6239 31.2946 3.63926
v 31.2946 21.6239 -3.63926
v 21.6239 31.2946 -3.63926
v 32.8579 -18.7958 5.50316
v -18.7958 32.8579 5.50316
v 32.8579 -18.7958 -5.50316
v -18.7958 32.8579 -5.50316
v 32.5025 6.32778 19.228
v 6.32778 32.5025 19.228
v 32.5025 6.32778 -19.228
v 6.32778 32.5025 -19.228
v 32.2908 11.9856 16.7399
v 11.9856 32.2908 16.7399
v 32.2908 11.9856 -16.7399
v 11.9856 32.2908 -16.7399
v 31.4029 21.8525 1.79709
v 21.8525 31.4029 1.79709
v 31.4029 21.8525 -1.79709
v 21.8525 31.4029 -1.79709
v 32.6186 2.51697 19.9191
v 2.51697 32.6186 19.9191
v 32.6186 2.51697 -19.9191
v 2.51697 32.6186 -19.9191
v 31.5763 21.0127 5.50316
v 21.0127 31.5763 5.50316
v 31.5763 21.0127 -5.50316
v 21.0127 31.5763 -5.50316
v 32.9341 -18.1682 7.36189
v -18.1682 32.9341 7.36189
v 32.9341 -18.1682 -7.36189
v -18.1682 32.9341 -7.36189
v 31.4375 21.9256 0
v 21.9256 31.4375 0
v 32.8771 -8.6674 17.7657
v -8.6674 32.8771 17.7657
v 32.8771 -8.6674 -17.7657
v -8.6674 32.8771 -17.7657
v 31.809 20.2251 7.36189
v 20.2251 31.809 7.36189
v 31.809 20.2251 -7.36189
v 20.2251 31.809 -7.36189
v 33.0342 -17.3442 9.18589
v -17.3442 33.0342 9.18589
v 33.0342 -17.3442 -9.18589
v -17.3442 33.0342 -9.18589
v 32.562 10.0971 17.7657
v 10.0971 32.562 17.7657
v 32.562 10.0971 -17.7657
v 10.0971 32.562 -17.7657
v 32.0046 19.253 9.18589
v 19.253 32.0046 9.18589
v 32.0046 19.253 -9.18589
v 19.253 32.0046 -9.18589
v 31.7539 21.4132 3.63926
v 21.4132 31.7539 3.63926
v 31.7539 21.4132 -3.63926
v 21.4132 31.7539 -3.63926
v 32.1777 18.0947 10.9442
v 18.0947 32.1777 10.9442
v 32.1777 18.0947 -10.9442
v 18.0947 32.1777 -10.9442
v 32.9349 -1.19564 19.9191
v -1.19564 32.9349 19.9191
v 32.9349 -1.19564 -19.9191
v -1.19564 32.9349 -19.9191
v 33.1579 -16.3259 10.9442
v -16.3259 33.1579 10.9442
v 33.1579 -16.3259 -10.9442
v -16.3259 33.1579 -10.9442
v 32.3448 16.7552 12.606
v 16.7552 32.3448 12.606
v 32.3448 16.7552 -12.606
v 16.7552 32.3448 -12.606
v 31.8565 21.6444 1.79709
v 21.6444 31.8565 1.79709
v 31.8565 21.6444 -1.79709
v 21.6444 31.8565 -1.79709
v 31.8893 21.7184 0
v 21.7184 31.8893 0
v 32.5235 15.2466 14.1421
v 15.2466 32.5235 14.1421
v 32.5235 15.2466 -14.1421
v 15.2466 32.5235 -14.1421
v 32.0509 20.8092 5.50316
v 20.8092 32.0509 5.50316
v 32.0509 20.8092 -5.50316
v 20.8092 32.0509 -5.50316
v 33.1412 -6.86263 18.5958
v -6.86263 33.1412 18.5958
v 33.1412 -6.86263 -18.5958
v -6.86263 33.1412 -18.5958
v 32.9745 4.32443 19.6661
v 4.32443 32.9745 19.6661
v 32.9745 4.32443 -19.6661
v 4.32443 32.9745 -19.6661
v 32.9064 8.14207 18.5958
v 8.14207 32.9064 18.5958
v 32.9064 8.14207 -18.5958
v 8.14207 32.9064 -18.5958
v 33.3042 -15.1219 12.606
v -15.1219 33.3042 12.606
v 33.3042 -15.1219 -12.606
v -15.1219 33.3042 -12.606
v 32.7317 13.5878 15.5271
v 13.5878 32.7317 15.5271
v 32.7317 13.5878 -15.5271
v 13.5878 32.7317 -15.5271
v 32.3031 20.0275 7.36189
v 20.0275 32.3031 7.36189
v 32.3031 20.0275 -7.36189
v 20.0275 32.3031 -7.36189
v 32.2186 21.2139 3.63926
v 21.2139 32.2186 3.63926
v 32.2186 21.2139 -3.63926
v 21.2139 32.2186 -3.63926
v 33.2386 0.575592 20
v 0.575592 33.2386 20
v 33.2386 0.575592 -20
v 0.575592 33.2386 -20
v 32.5227 19.0607 9.18589
v 19.0607 32.5227 9.18589
v 32.5227 19.0607 -9.18589
v 19.0607 32.5227 -9.18589
v 32.3154 21.4477 1.79709
v 21.4477 32.3154 1.79709
v 32.3154 21.4477 -1.79709
v 21.4477 32.3154 -1.79709
v 32.9864 11.8034 16.7399
v 11.8034 32.9864 16.7399
v 32.9864 11.8034 -16.7399
v 11.8034 32.9864 -16.7399
v 33.4712 -13.7471 14.1421
v -13.7471 33.4712 14.1421
v 33.4712 -13.7471 -14.1421
v -13.7471 33.4712 -14.1421
v 32.3463 21.5224 0
v 21.5224 32.3463 0
v 33.4104 -5.02349 19.228
v -5.02349 33.4104 19.228
v 33.4104 -5.02349 -19.228
v -5.02349 33.4104 -19.228
v 32.7242 17.9071 10.9442
v 17.9071 32.7242 10.9442
v 32.7242 17.9071 -10.9442
v 17.9071 32.7242 -10.9442
v 32.5304 20.6175 5.50316
v 20.6175 32.5304 5.50316
v 32.5304 20.6175 -5.50316
v 20.6175 32.5304 -5.50316
v 32.924 16.5724 12.606
v 16.5724 32.924 12.606
v 32.924 16.5724 -12.606
v 16.5724 32.924 -12.606
v 33.3347 6.15321 19.228
v 6.15321 33.3347 19.228
v 33.3347 6.15321 -19.228
v 6.15321 33.3347 -19.228
v 33.3029 9.92247 17.7657
v 9.92247 33.3029 17.7657
v 33.3029 9.92247 -17.7657
v 9.92247 33.3029 -17.7657
v 33.6564 -12.2221 15.5271
v -12.2221 33.6564 15.5271
v 33.6564 -12.2221 -15.5271
v -12.2221 33.6564 -15.5271
v 32.688 21.0263 3.63926
v 21.0263 32.688 3.63926
v 32.688 21.0263 -3.63926
v 21.0263 32.688 -3.63926
v 32.8018 19.8424 7.36189
v 19.8424 32.8018 7.36189
v 32.8018 19.8424 -7.36189
v 19.8424 32.8018 -7.36189
v 33.1393 15.0689 14.1421
v 15.0689 33.1393 14.1421
v 33.1393 15.0689 -14.1421
v 15.0689 33.1393 -14.1421
v 33.5424 2.34682 19.9191
v 2.34682 33.5424 19.9191
v 33.5424 2.34682 -19.9191
v 2.34682 33.5424 -19.9191
v 32.779 21.2624 1.79709
v 21.2624 32.779 1.79709
v 32.779 21.2624 -1.79709
v 21.2624 32.779 -1.79709
v 33.6803 -3.17924 19.6661
v -3.17924 33.6803 19.6661
v 33.6803 -3.17924 -19.6661
v -3.17924 33.6803 -19.6661
v 32.8081 21.3378 0
v 21.3378 32.8081 0
v 33.0451 18.8814 9.18589
v 18.8814 33.0451 9.18589
v 33.0451 18.8814 -9.18589
v 18.8814 33.0451 -9.18589
v 33.3876 13.416 15.5271
v 13.416 33.3876 15.5271
v 33.3876 13.416 -15.5271
v 13.416 33.3876 -15.5271
v 33.0145 20.4378 5.50316
v 20.4378 33.0145 5.50316
v 33.0145 20.4378 -5.50316
v 20.4378 33.0145 -5.50316
v 33.8568 -10.5724 16.7399
v -10.5724 33.8568 16.7399
v 33.8568 -10.5724 -16.7399
v -10.5724 33.8568 -16.7399
v 33.2747 17.7334 10.9442
v 17.7334 33.2747 10.9442
v 33.2747 17.7334 -10.9442
v 17.7334 33.2747 -10.9442
v 33.6938 7.97692 18.5958
v 7.97692 33.6938 18.5958
v 33.6938 7.97692 -18.5958
v 7.97692 33.6938 -18.5958
v 33.1618 20.8504 3.63926
v 20.8504 33.1618 3.63926
v 33.1618 20.8504 -3.63926
v 20.8504 33.1618 -3.63926
v 33.8538 4.16249 19.6661
v 4.16249 33.8538 19.6661
v 33.8538 4.16249 -19.6661
v 4.16249 33.8538 -19.6661
v 33.3047 19.6699 7.36189
v 19.6699 33.3047 7.36189
v 33.3047 19.6699 -7.36189
v 19.6699 33.3047 -7.36189
v 33.685 11.6387 16.7399
v 11.6387 33.685 16.7399
v 33.685 11.6387 -16.7399
v 11.6387 33.685 -16.7399
v 33.5068 16.4042 12.606
v 16.4042 33.5068 12.606
v 33.5068 16.4042 -12.606
v 16.4042 33.5068 -12.606
v 33.9471 -1.35649 19.9191
v -1.35649 33.9471 19.9191
v 33.9471 -1.35649 -19.9191
v -1.35649 33.9471 -19.9191
v 33.2469 21.0887 1.79709
v 21.0887 33.2469 1.79709
v 33.2469 21.0887 -1.79709
v 21.0887 33.2469 -1.79709
v 34.0688 -8.82697 17.7657
v -8.82697 34.0688 17.7657
v 34.0688 -8.82697 -17.7657
v -8.82697 34.0688 -17.7657
v 33.2741 21.1649 0
v 21.1649 33.2741 0
v 34.2181 -19.7208 -0
v -19.7208 34.2181 -0
v 34.2259 -19.6402 1.79709
v -19.6402 34.2259 1.79709
v 34.2259 -19.6402 -1.79709
v -19.6402 34.2259 -1.79709
v 33.5712 18.7154 9.18589
v 18.7154 33.5712 9.18589
v 33.5712 18.7154 -9.18589
v 18.7154 33.5712 -9.18589
v 33.7584 14.9068 14.1421
v 14.9068 33.7584 14.1421
v 33.7584 14.9068 -14.1421
v 14.9068 33.7584 -14.1421
v 34.2503 -19.3884 3.63926
v -19.3884 34.2503 3.63926
v 34.2503 -19.3884 -3.63926
v -19.3884 34.2503 -3.63926
v 33.5025 20.2704 5.50316
v 20.2704 33.5025 5.50316
v 33.5025 20.2704 -5.50316
v 20.2704 33.5025 -5.50316
v 34.2925 -18.9523 5.50316
v -18.9523 34.2925 5.50316
v 34.2925 -18.9523 -5.50316
v -18.9523 34.2925 -5.50316
v 34.3534 -18.3231 7.36189
v -18.3231 34.3534 7.36189
v 34.3534 -18.3231 -7.36189
v -18.3231 34.3534 -7.36189
v 34.0462 9.76655 17.7657
v 9.76655 34.0462 17.7657
v 34.0462 9.76655 -17.7657
v 9.76655 34.0462 -17.7657
v 34.2073 0.421661 20
v 0.421661 34.2073 20
v 34.2073 0.421661 -20
v 0.421661 34.2073 -20
v 34.2888 -7.01629 18.5958
v -7.01629 34.2888 18.5958
v 34.2888 -7.01629 -18.5958
v -7.01629 34.2888 -18.5958
v 33.6395 20.6865 3.63926
v 20.6865 33.6395 3.63926
v 33.6395 20.6865 -3.63926
v 20.6865 33.6395 -3.63926
v 33.8286 17.5736 10.9442
v 17.5736 33.8286 10.9442
v 33.8286 17.5736 -10.9442
v 17.5736 33.8286 -10.9442
v 34.1689 5.99957 19.228
v 5.99957 34.1689 19.228
v 34.1689 5.99957 -19.228
v 5.99957 34.1689 -19.228
v 34.0462 13.2608 15.5271
v 13.2608 34.0462 15.5271
v 34.0462 13.2608 -15.5271
v 13.2608 34.0462 -15.5271
v 34.4334 -17.4968 9.18589
v -17.4968 34.4334 9.18589
v 34.4334 -17.4968 -9.18589
v -17.4968 34.4334 -9.18589
v 33.8113 19.51 7.36189
v 19.51 33.8113 7.36189
v 33.8113 19.51 -7.36189
v 19.51 33.8113 -7.36189
v 33.7187 20.9268 1.79709
v 20.9268 33.7187 1.79709
v 33.7187 20.9268 -1.79709
v 20.9268 33.7187 -1.79709
v 33.744 21.0036 0
v 21.0036 33.744 0
v 34.5322 -16.4758 10.9442
v -16.4758 34.5322 10.9442
v 34.5322 -16.4758 -10.9442
v -16.4758 34.5322 -10.9442
v 34.0927 16.2507 12.606
v 16.2507 34.0927 12.606
v 34.0927 16.2507 -12.606
v 16.2507 34.0927 -12.606
v 34.5129 -5.17112 19.228
v -5.17112 34.5129 19.228
v 34.5129 -5.17112 -19.228
v -5.17112 34.5129 -19.228
v 34.4676 2.1998 19.9191
v 2.1998 34.4676 19.9191
v 34.4676 2.1998 -19.9191
v 2.1998 34.4676 -19.9191
v 33.9941 20.1152 5.50316
v 20.1152 33.9941 5.50316
v 33.9941 20.1152 -5.50316
v 20.1152 33.9941 -5.50316
v 34.1007 18.5626 9.18589
v 18.5626 34.1007 9.18589
v 34.1007 18.5626 -9.18589
v 18.5626 34.1007 -9.18589
v 34.6491 -15.2686 12.606
v -15.2686 34.6491 12.606
v 34.6491 -15.2686 -12.606
v -15.2686 34.6491 -12.606
v 34.386 11.4917 16.7399
v 11.4917 34.386 16.7399
v 34.386 11.4917 -16.7399
v 11.4917 34.386 -16.7399
v 34.4831 7.83155 18.5958
v 7.83155 34.4831 18.5958
v 34.4831 7.83155 -18.5958
v 7.83155 34.4831 -18.5958
v 34.1207 20.5346 3.63926
v 20.5346 34.1207 3.63926
v 34.1207 20.5346 -3.63926
v 20.5346 34.1207 -3.63926
v 34.3801 14.7602 14.1421
v 14.7602 34.3801 14.1421
v 34.3801 14.7602 -14.1421
v 14.7602 34.3801 -14.1421
v 34.7826 -13.8902 14.1421
v -13.8902 34.7826 14.1421
v 34.7826 -13.8902 -14.1421
v -13.8902 34.7826 -14.1421
v 34.1939 20.7768 1.79709
v 20.7768 34.1939 1.79709
v 34.1939 20.7768 -1.79709
v 20.7768 34.1939 -1.79709
v 34.7377 -3.32082 19.6661
v -3.32082 34.7377 19.6661
v 34.7377 -3.32082 -19.6661
v -3.32082 34.7377 -19.6661
v 34.2173 20.8542 0
v 20.8542 34.2173 0
v 34.3854 17.4277 10.9442
v 17.4277 34.3854 10.9442
v 34.3854 17.4277 -10.9442
v 17.4277 34.3854 -10.9442
v 34.321 19.3629 7.36189
v 19.3629 34.321 7.36189
v 34.321 19.3629 -7.36189
v 19.3629 34.321 -7.36189
v 34.7344 4.02256 19.6661
v 4.02256 34.7344 19.6661
v 34.7344 4.02256 -19.6661
v 4.02256 34.7344 -19.6661
v 34.9306 -12.3611 15.5271
v -12.3611 34.9306 15.5271
v 34.9306 -12.3611 -15.5271
v -12.3611 34.9306 -15.5271
v 34.707 13.1222 15.5271
v 13.1222 34.707 15.5271
v 34.707 13.1222 -15.5271
v 13.1222 34.707 -15.5271
v 34.4887 19.9725 5.50316
v 19.9725 34.4887 5.50316
v 34.4887 19.9725 -5.50316
v 19.9725 34.4887 -5.50316
v 34.7914 9.6293 17.7657
v 9.6293 34.7914 17.7657
v 34.7914 9.6293 -17.7657
v 9.6293 34.7914 -17.7657
v 34.9598 -1.49209 19.9191
v -1.49209 34.9598 19.9191
v 34.9598 -1.49209 -19.9191
v -1.49209 34.9598 -19.9191
v 34.6811 16.1121 12.606
v 16.1121 34.6811 12.606
v 34.6811 16.1121 -12.606
v 16.1121 34.6811 -12.606
v 34.633 18.4231 9.18589
v 18.4231 34.633 9.18589
v 34.633 18.4231 -9.18589
v 18.4231 34.633 -9.18589
v 35.0908 -10.7071 16.7399
v -10.7071 35.0908 16.7399
v 35.0908 -10.7071 -16.7399
v -10.7071 35.0908 -16.7399
v 34.605 20.3949 3.63926
v 20.3949 34.605 3.63926
v 34.605 20.3949 -3.63926
v 20.3949 34.605 -3.63926
v 35.0043 5.86681 19.228
v 5.86681 35.0043 19.228
v 35.0043 5.86681 -19.228
v 5.86681 35.0043 -19.228
v 34.6721 20.6388 1.79709
v 20.6388 34.6721 1.79709
v 34.6721 20.6388 -1.79709
v 20.6388 34.6721 -1.79709
v 34.6935 20.7168 0
v 20.7168 34.6935 0
v 34.8334 19.2287 7.36189
v 19.2287 34.8334 7.36189
v 34.8334 19.2287 -7.36189
v 19.2287 34.8334 -7.36189
v 35.1765 0.291887 20
v 0.291887 35.1765 20
v 35.1765 0.291887 -20
v 0.291887 35.1765 -20
v 35.2602 -8.95698 17.7657
v -8.95698 35.2602 17.7657
v 35.2602 -8.95698 -17.7657
v -8.95698 35.2602 -17.7657
v 35.0039 14.6294 14.1421
v 14.6294 35.0039 14.1421
v 35.0039 14.6294 -14.1421
v 14.6294 35.0039 -14.1421
v 34.9447 17.2959 10.9442
v 17.2959 34.9447 10.9442
v 34.9447 17.2959 -10.9442
v 17.2959 34.9447 -10.9442
v 35.0886 11.3623 16.7399
v 11.3623 35.0886 16.7399
v 35.0886 11.3623 -16.7399
v 11.3623 35.0886 -16.7399
v 34.986 19.8422 5.50316
v 19.8422 34.986 5.50316
v 34.986 19.8422 -5.50316
v 19.8422 34.986 -5.50316
v 35.2735 7.70595 18.5958
v 7.70595 35.2735 18.5958
v 35.2735 7.70595 -18.5958
v 7.70595 35.2735 -18.5958
v 35.436 -7.14147 18.5958
v -7.14147 35.436 18.5958
v 35.436 -7.14147 -18.5958
v -7.14147 35.436 -18.5958
v 35.3932 2.07586 19.9191
v 2.07586 35.3932 19.9191
v 35.3932 2.07586 -19.9191
v 2.07586 35.3932 -19.9191
v 35.0917 20.2674 3.63926
v 20.2674 35.0917 3.63926
v 35.0917 20.2674 -3.63926
v 20.2674 35.0917 -3.63926
v 35.1676 18.2972 9.18589
v 18.2972 35.1676 9.18589
v 35.1676 18.2972 -9.18589
v 18.2972 35.1676 -9.18589
v 35.2714 15.9882 12.606
v 15.9882 35.2714 12.606
v 35.2714 15.9882 -12.606
v 15.9882 35.2714 -12.606
v 35.1528 20.5129 1.79709
v 20.5129 35.1528 1.79709
v 35.1528 20.5129 -1.79709
v 20.5129 35.1528 -1.79709
v 35.3695 13.0002 15.5271
v 13.0002 35.3695 15.5271
v 35.3695 13.0002 -15.5271
v 13.0002 35.3695 -15.5271
v 35.1723 20.5914 0
v 20.5914 35.1723 0
v 35.6695 -19.8435 -0
v -19.8435 35.6695 -0
v 35.6151 -5.29139 19.228
v -5.29139 35.6151 19.228
v 35.6151 -5.29139 -19.228
v -5.29139 35.6151 -19.228
v 35.6754 -19.7628 1.79709
v -19.7628 35.6754 1.79709
v 35.6754 -19.7628 -1.79709
v -19.7628 35.6754 -1.79709
v 35.6936 -19.5105 3.63926
v -19.5105 35.6936 3.63926
v 35.6936 -19.5105 -3.63926
v -19.5105 35.6936 -3.63926
v 35.348 19.1074 7.36189
v 19.1074 35.348 7.36189
v 35.348 19.1074 -7.36189
v 19.1074 35.348 -7.36189
v 35.5376 9.51072 17.7657
v 9.51072 35.5376 17.7657
v 35.5376 9.51072 -17.7657
v 9.51072 35.5376 -17.7657
v 35.7252 -19.0735 5.50316
v -19.0735 35.7252 5.50316
v 35.7252 -19.0735 -5.50316
v -19.0735 35.7252 -5.50316
v 35.6154 3.90459 19.6661
v 3.90459 35.6154 19.6661
v 35.6154 3.90459 -19.6661
v 3.90459 35.6154 -19.6661
v 35.7709 -18.4429 7.36189
v -18.4429 35.7709 7.36189
v 35.7709 -18.4429 -7.36189
v -18.4429 35.7709 -7.36189
v 35.5058 17.1782 10.9442
v 17.1782 35.5058 10.9442
v 35.5058 17.1782 -10.9442
v 17.1782 35.5058 -10.9442
v 35.8308 -17.615 9.18589
v -17.615 35.8308 9.18589
v 35.8308 -17.615 -9.18589
v -17.615 35.8308 -9.18589
v 35.4854 19.7245 5.50316
v 19.7245 35.4854 5.50316
v 35.4854 19.7245 -5.50316
v 19.7245 35.4854 -5.50316
v 35.7947 -3.43616 19.6661
v -3.43616 35.7947 19.6661
v 35.7947 -3.43616 -19.6661
v -3.43616 35.7947 -19.6661
v 35.6291 14.5142 14.1421
v 14.5142 35.6291 14.1421
v 35.6291 14.5142 -14.1421
v 14.5142 35.6291 -14.1421
v 35.9048 -16.5919 10.9442
v -16.5919 35.9048 10.9442
v 35.9048 -16.5919 -10.9442
v -16.5919 35.9048 -10.9442
v 35.5806 20.1522 3.63926
v 20.1522 35.5806 3.63926
v 35.5806 20.1522 -3.63926
v 20.1522 35.5806 -3.63926
v 35.8401 5.75489 19.228
v 5.75489 35.8401 19.228
v 35.8401 5.75489 -19.228
v 5.75489 35.8401 -19.228
v 35.7922 11.2505 16.7399
v 11.2505 35.7922 16.7399
v 35.7922 11.2505 -16.7399
v 11.2505 35.7922 -16.7399
v 35.6356 20.3991 1.79709
v 20.3991 35.6356 1.79709
v 35.6356 20.3991 -1.79709
v 20.3991 35.6356 -1.79709
v 35.704 18.1847 9.18589
v 18.1847 35.704 9.18589
v 35.704 18.1847 -9.18589
v 18.1847 35.704 -9.18589
v 35.6532 20.4781 0
v 20.4781 35.6532 0
v 35.9924 -15.3822 12.606
v -15.3822 35.9924 12.606
v 35.9924 -15.3822 -12.606
v -15.3822 35.9924 -12.606
v 35.9722 -1.60257 19.9191
v -1.60257 35.9722 19.9191
v 35.9722 -1.60257 -19.9191
v -1.60257 35.9722 -19.9191
v 35.8632 15.8792 12.606
v 15.8792 35.8632 12.606
v 35.8632 15.8792 -12.606
v 15.8792 35.8632 -12.606
v 36.0923 -14.0009 14.1421
v -14.0009 36.0923 14.1421
v 36.0923 -14.0009 -14.1421
v -14.0009 36.0923 -14.1421
v 35.8644 18.9991 7.36189
v 18.9991 35.8644 7.36189
v 35.8644 18.9991 -7.36189
v 18.9991 35.8644 -7.36189
v 36.0643 7.60006 18.5958
v 7.60006 36.0643 18.5958
v 36.0643 7.60006 -18.5958
v 7.60006 36.0643 -18.5958
v 36.0329 12.8947 15.5271
v 12.8947 36.0329 15.5271
v 36.0329 12.8947 -15.5271
v 12.8947 36.0329 -15.5271
v 36.1454 0.186159 20
v 0.186159 36.1454 20
v 36.1454 0.186159 -20
v 0.186159 36.1454 -20
v 36.2032 -12.4688 15.5271
v -12.4688 36.2032 15.5271
v 36.2032 -12.4688 -15.5271
v -12.4688 36.2032 -15.5271
v 35.9865 19.6194 5.50316
v 19.6194 35.9865 5.50316
v 35.9865 19.6194 -5.50316
v 19.6194 35.9865 -5.50316
v 36.0683 17.0746 10.9442
v 17.0746 36.0683 10.9442
v 36.0683 17.0746 -10.9442
v 17.0746 36.0683 -10.9442
v 36.0712 20.0493 3.63926
v 20.0493 36.0712 3.63926
v 36.0712 20.0493 -3.63926
v 20.0493 36.0712 -3.63926
v 36.3231 -10.8113 16.7399
v -10.8113 36.3231 16.7399
v 36.3231 -10.8113 -16.7399
v -10.8113 36.3231 -16.7399
v 36.3186 1.97488 19.9191
v 1.97488 36.3186 19.9191
v 36.3186 1.97488 -19.9191
v 1.97488 36.3186 -19.9191
v 36.12 20.2975 1.79709
v 20.2975 36.12 1.79709
v 36.12 20.2975 -1.79709
v 20.2975 36.12 -1.79709
v 36.2842 9.41075 17.7657
v 9.41075 36.2842 17.7657
v 36.2842 9.41075 -17.7657
v 9.41075 36.2842 -17.7657
v 36.1357 20.3769 0
v 20.3769 36.1357 0
v 36.2553 14.4147 14.1421
v 14.4147 36.2553 14.1421
v 36.2553 14.4147 -14.1421
v 14.4147 36.2553 -14.1421
v 36.2416 18.0856 9.18589
v 18.0856 36.2416 9.18589
v 36.2416 18.0856 -9.18589
v 18.0856 36.2416 -9.18589
v 36.45 -9.05762 17.7657
v -9.05762 36.45 17.7657
v 36.45 -9.05762 -17.7657
v -9.05762 36.45 -17.7657
v 36.4961 3.80848 19.6661
v 3.80848 36.4961 19.6661
v 36.4961 3.80848 -19.6661
v 3.80848 36.4961 -19.6661
v 36.382 18.9038 7.36189
v 18.9038 36.382 7.36189
v 36.382 18.9038 -7.36189
v 18.9038 36.382 -7.36189
v 36.5817 -7.23838 18.5958
v -7.23838 36.5817 18.5958
v 36.5817 -7.23838 -18.5958
v -7.23838 36.5817 -18.5958
v 36.4963 11.1562 16.7399
v 11.1562 36.4963 16.7399
v 36.4963 11.1562 -16.7399
v 11.1562 36.4963 -16.7399
v 36.4559 15.785 12.606
v 15.785 36.4559 12.606
v 36.4559 15.785 -12.606
v 15.785 36.4559 -12.606
v 36.4888 19.5269 5.50316
v 19.5269 36.4888 5.50316
v 36.4888 19.5269 -5.50316
v 19.5269 36.4888 -5.50316
v 36.7158 -5.38449 19.228
v -5.38449 36.7158 19.228
v 36.7158 -5.38449 -19.228
v -5.38449 36.7158 -19.228
v 36.6757 5.66371 19.228
v 5.66371 36.6757 19.228
v 36.6757 5.66371 -19.228
v 5.66371 36.6757 -19.228
v 36.5629 19.9587 3.63926
v 19.9587 36.5629 3.63926
v 36.5629 19.9587 -3.63926
v 19.9587 36.5629 -3.63926
v 36.6315 16.9851 10.9442
v 16.9851 36.6315 10.9442
v 36.6315 16.9851 -10.9442
v 16.9851 36.6315 -10.9442
v 36.6056 20.2081 1.79709
v 20.2081 36.6056 1.79709
v 36.6056 20.2081 -1.79709
v 20.2081 36.6056 -1.79709
v 36.6967 12.8059 15.5271
v 12.8059 36.6967 15.5271
v 36.6967 12.8059 -15.5271
v 12.8059 36.6967 -15.5271
v 36.6193 20.2878 0
v 20.2878 36.6193 0
v 36.8504 -3.52545 19.6661
v -3.52545 36.8504 19.6661
v 36.8504 -3.52545 -19.6661
v -3.52545 36.8504 -19.6661
v 36.8548 7.51379 18.5958
v 7.51379 36.8548 18.5958
v 36.8548 7.51379 -18.5958
v 7.51379 36.8548 -18.5958
v 36.7801 18.0001 9.18589
v 18.0001 36.7801 9.18589
v 36.7801 18.0001 -9.18589
v 18.0001 36.7801 -9.18589
v 36.8819 14.3308 14.1421
v 14.3308 36.8819 14.1421
v 36.8819 14.3308 -14.1421
v 14.3308 36.8819 -14.1421
v 36.9833 -1.68808 19.9191
v -1.68808 36.9833 19.9191
v 36.9833 -1.68808 -19.9191
v -1.68808 36.9833 -19.9191
v 36.9003 18.8214 7.36189
v 18.8214 36.9003 7.36189
v 36.9003 18.8214 -7.36189
v 18.8214 36.9003 -7.36189
v 37.0306 9.3293 17.7657
v 9.3293 37.0306 17.7657
v 37.0306 9.3293 -17.7657
v 9.3293 37.0306 -17.7657
v 37.1178 -19.9307 -0
v -19.9307 37.1178 -0
v 37.1217 -19.8499 1.79709
v -19.8499 37.1217 1.79709
v 37.1217 -19.8499 -1.79709
v -19.8499 37.1217 -1.79709
v 37.1339 -19.5972 3.63926
v -19.5972 37.1339 3.63926
v 37.1339 -19.5972 -3.63926
v -19.5972 37.1339 -3.63926
v 36.9919 19.4469 5.50316
v 19.4469 36.9919 5.50316
v 36.9919 19.4469 -5.50316
v 19.4469 36.9919 -5.50316
v 37.113 0.104321 20
v 0.104321 37.113 20
v 37.113 0.104321 -20
v 0.104321 37.113 -20
v 37.1549 -19.1596 5.50316
v -19.1596 37.1549 5.50316
v 37.1549 -19.1596 -5.50316
v -19.1596 37.1549 -5.50316
v 37.0489 15.7056 12.606
v 15.7056 37.0489 12.606
v 37.0489 15.7056 -12.606
v 15.7056 37.0489 -12.606
v 37.1853 -18.5281 7.36189
v -18.5281 37.1853 7.36189
v 37.1853 -18.5281 -7.36189
v -18.5281 37.1853 -7.36189
v 37.0553 19.8805 3.63926
v 19.8805 37.0553 3.63926
v 37.0553 19.8805 -3.63926
v 19.8805 37.0553 -3.63926
v 37.2251 -17.699 9.18589
v -17.699 37.2251 9.18589
v 37.2251 -17.699 -9.18589
v -17.699 37.2251 -9.18589
v 37.0919 20.1308 1.79709
v 20.1308 37.0919 1.79709
v 37.0919 20.1308 -1.79709
v 20.1308 37.0919 -1.79709
v 37.1037 20.2108 0
v 20.2108 37.1037 0
v 37.2 11.0794 16.7399
v 11.0794 37.2 16.7399
v 37.2 11.0794 -16.7399
v 11.0794 37.2 -16.7399
v 37.2744 -16.6744 10.9442
v -16.6744 37.2744 10.9442
v 37.2744 -16.6744 -10.9442
v -16.6744 37.2744 -10.9442
v 37.2427 1.89672 19.9191
v 1.89672 37.2427 19.9191
v 37.2427 1.89672 -19.9191
v 1.89672 37.2427 -19.9191
v 37.1951 16.9096 10.9442
v 16.9096 37.1951 10.9442
v 37.1951 16.9096 -10.9442
v 16.9096 37.1951 -10.9442
v 37.3327 -15.463 12.606
v -15.463 37.3327 12.606
v 37.3327 -15.463 -12.606
v -15.463 37.3327 -12.606
v 37.3992 -14.0796 14.1421
v -14.0796 37.3992 14.1421
v 37.3992 -14.0796 -14.1421
v -14.0796 37.3992 -14.1421
v 37.3757 3.73409 19.6661
v 3.73409 37.3757 19.6661
v 37.3757 3.73409 -19.6661
v 3.73409 37.3757 -19.6661
v 37.3188 17.9279 9.18589
v 17.9279 37.3188 9.18589
v 37.3188 17.9279 -9.18589
v 17.9279 37.3188 -9.18589
v 37.3602 12.7335 15.5271
v 12.7335 37.3602 15.5271
v 37.3602 12.7335 -15.5271
v 12.7335 37.3602 -15.5271
v 37.473 -12.5452 15.5271
v -12.5452 37.473 15.5271
v 37.473 -12.5452 -15.5271
v -12.5452 37.473 -15.5271
v 37.4189 18.752 7.36189
v 18.752 37.4189 7.36189
v 37.4189 18.752 -7.36189
v 18.752 37.4189 -7.36189
v 37.5102 5.59313 19.228
v 5.59313 37.5102 19.228
v 37.5102 5.59313 -19.228
v 5.59313 37.5102 -19.228
v 37.5528 -10.8854 16.7399
v -10.8854 37.5528 16.7399
v 37.5528 -10.8854 -16.7399
v -10.8854 37.5528 -16.7399
v 37.5082 14.2625 14.1421
v 14.2625 37.5082 14.1421
v 37.5082 14.2625 -14.1421
v 14.2625 37.5082 -14.1421
v 37.4952 19.3796 5.50316
v 19.3796 37.4952 5.50316
v 37.4952 19.3796 -5.50316
v 19.3796 37.4952 -5.50316
v 37.6373 -9.12911 17.7657
v -9.12911 37.6373 17.7657
v 37.6373 -9.12911 -17.7657
v -9.12911 37.6373 -17.7657
v 37.548 19.8145 3.63926
v 19.8145 37.548 3.63926
v 37.548 19.8145 -3.63926
v 19.8145 37.548 -3.63926
v 37.5785 20.0656 1.79709
v 20.0656 37.5785 1.79709
v 37.5785 20.0656 -1.79709
v 20.0656 37.5785 -1.79709
v 37.6444 7.44701 18.5958
v 7.44701 37.6444 18.5958
v 37.6444 7.44701 -18.5958
v 7.44701 37.6444 -18.5958
v 37.5883 20.1459 0
v 20.1459 37.5883 0
v 37.6417 15.641 12.606
v 15.641 37.6417 12.606
v 37.6417 15.641 -12.606
v 15.641 37.6417 -12.606
v 37.7249 -7.30722 18.5958
v -7.30722 37.7249 18.5958
v 37.7249 -7.30722 -18.5958
v -7.30722 37.7249 -18.5958
v 37.776 9.26625 17.7657
v 9.26625 37.776 17.7657
v 37.776 9.26625 -17.7657
v 9.26625 37.776 -17.7657
v 37.8142 -5.45063 19.228
v -5.45063 37.8142 19.228
v 37.8142 -5.45063 -19.228
v -5.45063 37.8142 -19.228
v 37.7585 16.8482 10.9442
v 16.8482 37.7585 10.9442
v 37.7585 16.8482 -10.9442
v 16.8482 37.7585 -10.9442
v 37.9037 -3.58888 19.6661
v -3.58888 37.9037 19.6661
v 37.9037 -3.58888 -19.6661
v -3.58888 37.9037 -19.6661
v 37.8574 17.8692 9.18589
v 17.8692 37.8574 9.18589
v 37.8574 17.8692 -9.18589
v 17.8692 37.8574 -9.18589
v 37.9029 11.02 16.7399
v 11.02 37.9029 16.7399
v 37.9029 11.02 -16.7399
v 11.02 37.9029 -16.7399
v 37.9374 18.6954 7.36189
v 18.6954 37.9374 7.36189
v 37.9374 18.6954 -7.36189
v 18.6954 37.9374 -7.36189
v 37.9922 -1.74884 19.9191
v -1.74884 37.9922 19.9191
v 37.9922 -1.74884 -19.9191
v -1.74884 37.9922 -19.9191
v 38.0228 12.6774 15.5271
v 12.6774 38.0228 15.5271
v 38.0228 12.6774 -15.5271
v 12.6774 38.0228 -15.5271
v 37.9983 19.3246 5.50316
v 19.3246 37.9983 5.50316
v 37.9983 19.3246 -5.50316
v 19.3246 37.9983 -5.50316
v 38.0785 0.0461769 20
v 0.0461769 38.0785 20
v 38.0785 0.0461769 -20
v 0.0461769 38.0785 -20
v 38.0405 19.7607 3.63926
v 19.7607 38.0405 3.63926
v 38.0405 19.7607 -3.63926
v 19.7607 38.0405 -3.63926
v 38.0649 20.0126 1.79709
v 20.0126 38.0649 1.79709
v 38.0649 20.0126 -1.79709
v 20.0126 38.0649 -1.79709
v 38.0727 20.0931 0
v 20.0931 38.0727 0
v 38.1337 14.2096 14.1421
v 14.2096 38.1337 14.1421
v 38.1337 14.2096 -14.1421
v 14.2096 38.1337 -14.1421
v 38.1649 1.84119 19.9191
v 1.84119 38.1649 19.9191
v 38.1649 1.84119 -19.9191
v 1.84119 38.1649 -19.9191
v 38.2534 3.68123 19.6661
v 3.68123 38.2534 19.6661
v 38.2534 3.68123 -19.6661
v 3.68123 38.2534 -19.6661
v 38.2337 15.5909 12.606
v 15.5909 38.2337 12.606
v 38.2337 15.5909 -12.606
v 15.5909 38.2337 -12.606
v 38.3212 16.8006 10.9442
v 16.8006 38.3212 10.9442
v 38.3212 16.8006 -10.9442
v 16.8006 38.3212 -10.9442
v 38.3429 5.54299 19.228
v 5.54299 38.3429 19.228
v 38.3429 5.54299 -19.228
v 5.54299 38.3429 -19.228
v 38.3952 17.8237 9.18589
v 17.8237 38.3952 9.18589
v 38.3952 17.8237 -9.18589
v 17.8237 38.3952 -9.18589
v 38.4322 7.39957 18.5958
v 7.39957 38.4322 18.5958
v 38.4322 7.39957 -18.5958
v 7.39957 38.4322 -18.5958
v 38.4552 18.6516 7.36189
v 18.6516 38.4552 7.36189
v 38.4552 18.6516 -7.36189
v 18.6516 38.4552 -7.36189
v 38.5008 19.2822 5.50316
v 19.2822 38.5008 5.50316
v 38.5008 19.2822 -5.50316
v 19.2822 38.5008 -5.50316
v 38.5198 9.22146 17.7657
v 9.22146 38.5198 17.7657
v 38.5198 9.22146 -17.7657
v 9.22146 38.5198 -17.7657
v 38.5617 -19.9828 -0
v -19.9828 38.5617 -0
v 38.5637 -19.9019 1.79709
v -19.9019 38.5637 1.79709
v 38.5637 -19.9019 -1.79709
v -19.9019 38.5637 -1.79709
v 38.5324 19.7191 3.63926
v 19.7191 38.5324 3.63926
v 38.5324 19.7191 -3.63926
v 19.7191 38.5324 -3.63926
v 38.5697 -19.649 3.63926
v -19.649 38.5697 3.63926
v 38.5697 -19.649 -3.63926
v -19.649 38.5697 -3.63926
v 38.5802 -19.211 5.50316
v -19.211 38.5802 5.50316
v 38.5802 -19.211 -5.50316
v -19.211 38.5802 -5.50316
v 38.5507 19.9715 1.79709
v 19.9715 38.5507 1.79709
v 38.5507 19.9715 -1.79709
v 19.9715 38.5507 -1.79709
v 38.5565 20.0522 0
v 20.0522 38.5565 0
v 38.5954 -18.5789 7.36189
v -18.5789 38.5954 7.36189
v 38.5954 -18.5789 -7.36189
v -18.5789 38.5954 -7.36189
v 38.6153 -17.7491 9.18589
v -17.7491 38.6153 9.18589
v 38.6153 -17.7491 -9.18589
v -17.7491 38.6153 -9.18589
v 38.6043 10.9777 16.7399
v 10.9777 38.6043 16.7399
v 38.6043 10.9777 -16.7399
v 10.9777 38.6043 -16.7399
v 38.6399 -16.7236 10.9442
v -16.7236 38.6399 10.9442
v 38.6399 -16.7236 -10.9442
v -16.7236 38.6399 -10.9442
v 38.6689 -15.5111 12.606
v -15.5111 38.6689 12.606
v 38.6689 -15.5111 -12.606
v -15.5111 38.6689 -12.606
v 38.6841 12.6376 15.5271
v 12.6376 38.6841 15.5271
v 38.6841 12.6376 -15.5271
v 12.6376 38.6841 -15.5271
v 38.7021 -14.1266 14.1421
v -14.1266 38.7021 14.1421
v 38.7021 -14.1266 -14.1421
v -14.1266 38.7021 -14.1421
v 38.739 -12.5908 15.5271
v -12.5908 38.739 15.5271
v 38.739 -12.5908 -15.5271
v -12.5908 38.739 -15.5271
v 38.7579 14.172 14.1421
v 14.172 38.7579 14.1421
v 38.7579 14.172 -14.1421
v 14.172 38.7579 -14.1421
v 38.7788 -10.9296 16.7399
v -10.9296 38.7788 16.7399
v 38.7788 -10.9296 -16.7399
v -10.9296 38.7788 -16.7399
v 38.8209 -9.17176 17.7657
v -9.17176 38.8209 17.7657
v 38.8209 -9.17176 -17.7657
v -9.17176 38.8209 -17.7657
v 38.8244 15.5553 12.606
v 15.5553 38.8244 12.606
v 38.8244 15.5553 -12.606
v 15.5553 38.8244 -12.606
v 38.8647 -7.34828 18.5958
v -7.34828 38.8647 18.5958
v 38.8647 -7.34828 -18.5958
v -7.34828 38.8647 -18.5958
v 38.8827 16.7668 10.9442
v 16.7668 38.8827 10.9442
v 38.8827 16.7668 -10.9442
v 16.7668 38.8827 -10.9442
v 38.9092 -5.49009 19.228
v -5.49009 38.9092 19.228
v 38.9092 -5.49009 -19.228
v -5.49009 38.9092 -19.228
v 38.9319 17.7913 9.18589
v 17.7913 38.9319 9.18589
v 38.9319 17.7913 -9.18589
v 17.7913 38.9319 -9.18589
v 38.9539 -3.62672 19.6661
v -3.62672 38.9539 19.6661
v 38.9539 -3.62672 -19.6661
v -3.62672 38.9539 -19.6661
v 38.9718 18.6205 7.36189
v 18.6205 38.9718 7.36189
v 38.9718 18.6205 -7.36189
v 18.6205 38.9718 -7.36189
v 38.9981 -1.78508 19.9191
v -1.78508 38.9981 19.9191
v 38.9981 -1.78508 -19.9191
v -1.78508 38.9981 -19.9191
v 39.0022 19.252 5.50316
v 19.252 39.0022 5.50316
v 39.0022 19.252 -5.50316
v 19.252 39.0022 -5.50316
v 39.0232 19.6896 3.63926
v 19.6896 39.0232 3.63926
v 39.0232 19.6896 -3.63926
v 19.6896 39.0232 -3.63926
v 39.0411 0.0114937 20
v 0.0114937 39.0411 20
v 39.0411 0.0114937 -20
v 0.0114937 39.0411 -20
v 39.0354 19.9423 1.79709
v 19.9423 39.0354 1.79709
v 39.0354 19.9423 -1.79709
v 19.9423 39.0354 -1.79709
v 39.0393 20.0231 0
v 20.0231 39.0393 0
v 39.0842 1.80807 19.9191
v 1.80807 39.0842 19.9191
v 39.0842 1.80807 -19.9191
v 1.80807 39.0842 -19.9191
v 39.1284 3.64971 19.6661
v 3.64971 39.1284 19.6661
v 39.1284 3.64971 -19.6661
v 3.64971 39.1284 -19.6661
v 39.1731 5.51308 19.228
v 5.51308 39.1731 19.228
v 39.1731 5.51308 -19.228
v 5.51308 39.1731 -19.228
v 39.2176 7.37127 18.5958
v 7.37127 39.2176 18.5958
v 39.2176 7.37127 -18.5958
v 7.37127 39.2176 -18.5958
v 39.2613 9.19475 17.7657
v 9.19475 39.2613 17.7657
v 39.2613 9.19475 -17.7657
v 9.19475 39.2613 -17.7657
v 39.3035 10.9525 16.7399
v 10.9525 39.3035 16.7399
v 39.3035 10.9525 -16.7399
v 10.9525 39.3035 -16.7399
v 39.3433 12.6138 15.5271
v 12.6138 39.3433 15.5271
v 39.3433 12.6138 -15.5271
v 12.6138 39.3433 -15.5271
v 39.3801 14.1496 14.1421
v 14.1496 39.3801 14.1421
v 39.3801 14.1496 -14.1421
v 14.1496 39.3801 -14.1421
v 39.4134 15.5341 12.606
v 15.5341 39.4134 12.606
v 39.4134 15.5341 -12.606
v 15.5341 39.4134 -12.606
v 39.4424 16.7466 10.9442
v 16.7466 39.4424 10.9442
v 39.4424 16.7466 -10.9442
v 16.7466 39.4424 -10.9442
v 39.467 17.7721 9.18589
v 17.7721 39.467 9.18589
v 39.467 17.7721 -9.18589
v 17.7721 39.467 -9.18589
v 39.4869 18.6019 7.36189
v 18.6019 39.4869 7.36189
v 39.4869 18.6019 -7.36189
v 18.6019 39.4869 -7.36189
v 39.5021 19.2339 5.50316
v 19.2339 39.5021 5.50316
v 39.5021 19.2339 -5.50316
v 19.2339 39.5021 -5.50316
v 39.5126 19.6719 3.63926
v 19.6719 39.5126 3.63926
v 39.5126 19.6719 -3.63926
v 19.6719 39.5126 -3.63926
v 39.5186 19.9249 1.79709
v 19.9249 39.5186 1.79709
v 39.5186 19.9249 -1.79709
v 19.9249 39.5186 -1.79709
v 39.5206 20.0057 0
v 20.0057 39.5206 0
v 40 -19.6661 -3.63926
v 40 -17.7657 -9.18589
v 40 -16.7399 -10.9442
v 40 -10.9442 -16.7399
v 40 -9.18589 -17.7657
v 40 -3.63926 -19.6661
v 40 3.63926 -19.6661
v 40 9.18589 -17.7657
v 40 10.9442 -16.7399
v 40 16.7399 -10.9442
v 40 17.7657 -9.18589
v 40 19.6661 -3.63926
v 40 19.6661 3.63926
v 40 17.7657 9.18589
v 40 16.7399 10.9442
v 40 10.9442 16.7399
v 40 9.18589 17.7657
v 40 3.63926 19.6661
v 40 -3.63926 19.6661
v 40 -9.18589 17.7657
v 40 -10.9442 16.7399
v 40 -16.7399 10.9442
v 40 -17.7657 9.18589
v 40 -19.6661 3.63926
v -19.6661 40 3.63926
v -17.7657 40 9.18589
v -16.7399 40 10.9442
v -10.9442 40 16.7399
v -9.18589 40 17.7657
v -3.63926 40 19.6661
v 3.63926 40 19.6661
v 9.18589 40 17.7657
v 10.9442 40 16.7399
v 16.7399 40 10.9442
v 17.7657 40 9.18589
v 19.6661 40 3.63926
v 19.6661 40 -3.63926
v 17.7657 40 -9.18589
v 16.7399 40 -10.9442
v 10.9442 40 -16.7399
v 9.18589 40 -17.7657
v 3.63926 40 -19.6661
v -3.63926 40 -19.6661
v -9.18589 40 -17.7657
v -10.9442 40 -16.7399
v -16.7399 40 -10.9442
v -17.7657 40 -9.18589
v -19.6661 40 -3.63926
v 40 -20 -0
v 40 -19.9191 -1.79709
v 40 -15.5271 -12.606
v 40 -14.1421 -14.1421
v 40 -12.606 -15.5271
v 40 -1.79709 -19.9191
v 40 0 -20
v 40 1.79709 -19.9191
v 40 14.1421 -14.1421
v 40 15.5271 -12.606
v 40 19.9191 -1.79709
v 40 20 0
v 40 19.9191 1.79709
v 40 15.5271 12.606
v 40 14.1421 14.1421
v 40 1.79709 19.9191
v 40 0 20
v 40 -1.79709 19.9191
v 40 -12.606 15.5271
v 40 -14.1421 14.1421
v 40 -15.5271 12.606
v 40 -19.9191 1.79709
v -20 40 -0
v -19.9191 40 1.79709
v -15.5271 40 12.606
v -14.1421 40 14.1421
v -12.606 40 15.5271
v -1.79709 40 19.9191
v 0 40 20
v 1.79709 40 19.9191
v 14.1421 40 14.1421
v 15.5271 40 12.606
v 19.9191 40 1.79709
v 20 40 0
v 19.9191 40 -1.79709
v 15.5271 40 -12.606
v 14.1421 40 -14.1421
v 1.79709 40 -19.9191
v 0 40 -20
v -1.79709 40 -19.9191
v -12.606 40 -15.5271
v -14.1421 40 -14.1421
v -15.5271 40 -12.606
v -19.9191 40 -1.79709
v 40 12.606 -15.5271
v 40 12.606 15.5271
v 12.606 40 15.5271
v 12.606 40 -15.5271
v 40 -19.228 -5.50316
v 40 -18.5958 -7.36189
v 40 -5.50316 -19.228
v 40 5.50317 -19.228
v 40 19.228 -5.50316
v 40 19.228 5.50316
v 40 5.50317 19.228
v 40 -5.50316 19.228
v 40 -18.5958 7.36189
v 40 -19.228 5.50316
v -19.228 40 5.50316
v -18.5958 40 7.36189
v -5.50316 40 19.228
v 5.50317 40 19.228
v 19.228 40 5.50316
v 19.228 40 -5.50316
v 5.50317 40 -19.228
v -5.50316 40 -19.228
v -18.5958 40 -7.36189
v -19.228 40 -5.50316
v 40 -7.36189 -18.5958
v 40 7.3619 -18.5958
v 40 18.5958 -7.36189
v 40 18.5958 7.36189
v 40 7.3619 18.5958
v 40 -7.36189 18.5958
v -7.36189 40 18.5958
v 7.3619 40 18.5958
v 18.5958 40 7.36189
v 18.5958 40 -7.36189
v 7.3619 40 -18.5958
v -7.36189 40 -18.5958
v -20 58 0
v -19.9191 58 -1.79709
v -19.6661 58 -3.63926
v -17.7657 58 -9.18589
v -16.7399 58 -10.9442
v -15.5271 58 -12.606
v -14.1421 58 -14.1421
v -12.606 58 -15.5271
v -10.9442 58 -16.7399
v -9.18589 58 -17.7657
v -5.50316 58 -19.228
v -3.63926 58 -19.6661
v -1.79709 58 -19.9191
v 0 58 -20
v 1.79709 58 -19.9191
v 3.63926 58 -19.6661
v 5.50317 58 -19.228
v 9.18589 58 -17.7657
v 10.9442 58 -16.7399
v 12.606 58 -15.5271
v 14.1421 58 -14.1421
v 16.7399 58 -10.9442
v 17.7657 58 -9.18589
v 19.6661 58 -3.63926
v 19.9191 58 -1.79709
v 20 58 0
v 19.9191 58 1.79709
v 19.6661 58 3.63926
v 17.7657 58 9.18589
v 16.7399 58 10.9442
v 14.1421 58 14.1421
v 12.606 58 15.5271
v 10.9442 58 16.7399
v 9.18589 58 17.7657
v 5.50317 58 19.228
v 3.63926 58 19.6661
v 1.79709 58 19.9191
v 0 58 20
v -1.79709 58 19.9191
v -3.63926 58 19.6661
v -5.50316 58 19.228
v -9.18589 58 17.7657
v -10.9442 58 16.7399
v -12.606 58 15.5271
v -14.1421 58 14.1421
v -15.5271 58 12.606
v -16.7399 58 10.9442
v -17.7657 58 9.18589
v -19.6661 58 3.63926
v -19.9191 58 1.79709
v -19.228 58 -5.50316
v 15.5271 58 -12.606
v 19.228 58 -5.50316
v 19.228 58 5.50316
v 15.5271 58 12.606
v -19.228 58 5.50316
v -18.5958 58 -7.36189
v -7.36189 58 -18.5958
v 7.3619 58 -18.5958
v 18.5958 58 -7.36189
v 18.5958 58 7.36189
v 7.3619 58 18.5958
v -7.36189 58 18.5958
v -18.5958 58 7.36189
v -20 70 0
v -9.18589 82 -17.7657
v 9.18589 82 -17.7657
v 17.7657 82 -9.18589
v 17.7657 82 9.18589
v 9.18589 82 17.7657
v -9.18589 82 17.7657
v -17.7657 82 -9.18589
v -16.7399 82 -10.9442
v -10.9442 82 -16.7399
v 10.9442 82 -16.7399
v 16.7399 82 -10.9442
v 16.7399 82 10.9442
v 10.9442 82 16.7399
v -10.9442 82 16.7399
v -16.7399 82 10.9442
v -17.7657 82 9.18589
v -19.9191 82 -1.79709
v -20 82 0
v -19.6661 82 -3.63926
v -15.5271 82 -12.606
v -14.1421 82 -14.1421
v -12.606 82 -15.5271
v -3.63926 82 -19.6661
v -1.79709 82 -19.9191
v 0 82 -20
v 1.79709 82 -19.9191
v 3.63926 82 -19.6661
v 12.606 82 -15.5271
v 14.1421 82 -14.1421
v 15.5271 82 -12.606
v 19.6661 82 -3.63926
v 19.9191 82 -1.79709
v 20 82 0
v 19.9191 82 1.79709
v 19.6661 82 3.63926
v 15.5271 82 12.606
v 14.1421 82 14.1421
v 12.606 82 15.5271
v 3.63926 82 19.6661
v 1.79709 82 19.9191
v 0 82 20
v -1.79709 82 19.9191
v -3.63926 82 19.6661
v -12.606 82 15.5271
v -14.1421 82 14.1421
v -15.5271 82 12.606
v -19.6661 82 3.63926
v -19.9191 82 1.79709
v -19.228 82 -5.50316
v -18.5958 82 -7.36189
v -7.36189 82 -18.5958
v -5.50316 82 -19.228
v 5.50317 82 -19.228
v 18.5958 82 -7.36189
v 19.228 82 -5.50316
v 19.228 82 5.50316
v 18.5958 82 7.36189
v 5.50317 82 19.228
v -5.50316 82 19.228
v -7.36189 82 18.5958
v -18.5958 82 7.36189
v -19.228 82 5.50316
v 7.3619 82 -18.5958
v 7.3619 82 18.5958
v 90.0001 19.9981 -0.0428776
v 90 20 0
v 90.0001 20 -0.0428806
v 90.0319 19.9641 0.79831
v 90.0319 19.984 0.799108
v 90.0366 19.9615 0.854275
v 90.0405 19.9595 -0.898544
v 90.0405 19.9595 0.898544
v 90.0366 19.9817 0.855136
v 90.0447 19.9575 -0.944462
v 90.0405 19.9798 -0.899458
v 90.0405 19.9798 0.899455
v 90.0447 19.9776 -0.945413
v 90.0501 19.955 -0.99989
v 90.0501 19.9749 -1.00089
v 90.1584 19.9202 1.77264
v 90.1628 19.9191 1.79709
v 90.1628 19.9191 -1.79727
v 90.1669 19.916 -1.81963
v 90.1669 19.916 1.81963
v 90.1761 19.9094 -1.86845
v 90.1761 19.9125 -1.86875
v 90.3467 19.8076 2.61017
v 90.3467 19.8286 2.61293
v 90.3711 19.7954 2.69879
v 90.3711 19.8167 2.7017
v 90.386 19.788 -2.75158
v 90.386 19.788 2.75158
v 90.386 19.8094 -2.75456
v 90.386 19.8094 2.75456
v 90.4018 19.7806 -2.80629
v 90.4018 19.8017 -2.80928
v 90.4088 19.7774 -2.83
v 90.4088 19.7983 -2.833
v 90.6794 19.6685 3.62306
v 90.686 19.666 -3.63999
v 90.686 19.6661 3.64002
v 90.7021 19.6563 -3.68095
v 90.7021 19.6563 3.68095
v 90.7021 19.6583 -3.68132
v 90.7021 19.6583 3.68132
v 90.7261 19.6424 -3.74104
v 90.7261 19.6468 -3.74188
v 91.0442 19.4765 4.44893
v 91.0442 19.4978 4.4538
v 91.0836 19.4577 4.52751
v 91.0836 19.4796 4.53262
v 91.1172 19.4419 -4.59295
v 91.1172 19.4419 4.59295
v 91.1172 19.4642 -4.59821
v 91.1172 19.4642 4.59821
v 91.1524 19.4265 -4.66049
v 91.1524 19.4482 -4.66571
v 91.1743 19.417 -4.70177
v 91.1743 19.4382 -4.70692
v 91.584 19.2525 5.40107
v 91.584 19.2566 5.40223
v 91.63 19.2353 -5.4721
v 91.63 19.2353 5.4721
v 91.6505 19.228 5.50316
v 91.6511 19.2277 -5.50413
v 91.6782 19.2145 -5.54502
v 92.1746 18.9831 6.22604
v 92.1746 19.004 6.2329
v 92.2212 18.9626 6.28414
v 92.2207 18.9849 6.29076
v 92.2365 18.9559 -6.30298
v 92.2365 18.9559 6.30298
v 92.2365 18.9784 -6.31044
v 92.2365 18.9784 6.31044
v 92.3011 18.9302 -6.38172
v 92.3011 18.952 -6.38908
v 92.4834 18.8592 -6.59551
v 92.4834 18.8788 -6.60235
v 92.8502 18.723 6.9914
v 92.8502 18.7363 6.99638
v 92.9289 18.6947 -7.07107
v 92.9289 18.6947 7.07107
v 92.9289 18.7066 -7.07557
v 92.9289 18.7066 7.07557
v 93.0105 18.6685 -7.15172
v 93.0105 18.6764 -7.15475
v 93.2338 18.5958 7.36189
v 93.2427 18.5925 -7.3702
v 93.2427 18.5958 -7.3715
v 93.2427 18.5958 7.3715
v 93.6001 18.4512 7.68387
v 93.6001 18.463 7.68878
v 93.697 18.413 -7.76353
v 93.697 18.413 7.76353
v 93.697 18.4289 -7.77023
v 93.697 18.4289 7.77023
v 90 33.1035 0
v 93.7972 18.3785 -7.84377
v 93.7972 18.3947 -7.85069
v 90.0405 33.1035 -0.898544
v 90.0405 33.1035 0.898544
v 90.1669 33.1035 -1.81963
v 90.1669 33.1035 1.81963
v 94.1233 18.287 8.09857
v 94.1347 18.265 8.09927
v 90.386 33.1035 -2.75158
v 90.386 33.1035 2.75158
v 94.4127 18.1741 8.29346
v 94.4127 18.1951 8.30301
v 94.5279 18.137 -8.36996
v 94.5279 18.137 8.36996
v 94.5279 18.1596 -8.38036
v 94.5279 18.1596 8.38036
v 90.7021 33.1035 -3.68095
v 90.7021 33.1035 3.68095
v 94.6458 18.1048 -8.44587
v 94.6458 18.1248 -8.4552
v 94.6959 18.0913 -8.4774
v 94.6959 18.1103 -8.48632
v 91.1172 33.1035 -4.59295
v 91.1172 33.1035 4.59295
v 95.2758 17.9376 8.81373
v 95.2758 17.9502 8.81991
v 95.4071 17.9036 -8.88284
v 95.4071 17.9036 8.88284
v 95.4071 17.9161 -8.88903
v 95.4071 17.9161 8.88902
v 91.63 33.1035 -5.4721
v 91.63 33.1035 5.4721
v 95.5399 17.8755 -8.95028
v 95.5399 17.8835 -8.95431
v 96.0534 17.7657 9.18589
v 96.0691 17.762 -9.19307
v 96.0691 17.7657 -9.19499
v 96.0691 17.7657 9.19499
v 92.2365 33.1035 -6.30298
v 92.2365 33.1035 6.30298
v 96.1749 17.7379 9.23946
v 96.3191 17.7003 -9.29788
v 96.3191 17.7003 9.29788
v 96.3191 17.7058 -9.30076
v 96.3191 17.7058 9.30076
v 96.4641 17.6711 -9.35401
v 96.4641 17.6763 -9.35675
v 92.9289 33.1035 -7.07107
v 92.9289 33.1035 7.07107
v 97.0937 17.5463 9.56834
v 97.0937 17.5589 9.57523
v 97.2484 17.5159 -9.61399
v 97.2484 17.5159 9.61399
v 97.2484 17.5327 -9.62317
v 97.2484 17.5327 9.62318
v 97.4023 17.4946 -9.65671
v 97.4023 17.5096 -9.66501
v 93.697 33.1035 -7.76353
v 93.697 33.1035 7.76353
v 98.0198 17.41 9.80197
v 98.0198 17.4277 9.81196
v 98.0652 17.4224 9.82147
v 98.0793 17.4019 9.81382
v 98.1804 17.3881 -9.83305
v 98.1804 17.3881 9.83305
v 98.1804 17.4091 -9.84492
v 98.1804 17.4091 9.84492
v 98.3383 17.3754 -9.86098
v 98.3383 17.394 -9.87155
v 94.5279 33.1035 -8.36996
v 94.5279 33.1035 8.36996
v 98.9397 17.3272 9.94363
v 98.9397 17.3466 9.95472
v 99.1015 17.3143 -9.95955
v 99.1015 17.3143 9.95955
v 99.1015 17.3365 -9.97229
v 99.1015 17.3365 9.97228
v 99.2589 17.3102 -9.9725
v 99.2589 17.3298 -9.98382
v 95.4071 33.1035 -8.88284
v 95.4071 33.1035 8.88284
v 99.8414 17.2949 9.99874
v 99.8414 17.3146 10.0102
v 100 17.2907 10
v 100 17.2907 -10
v -19.6661 100 -3.63926
v -17.7657 100 -9.18589
v -16.7399 100 -10.9442
v -10.9442 100 -16.7399
v -9.18589 100 -17.7657
v -3.63926 100 -19.6661
v 3.63926 100 -19.6661
v 9.18589 100 -17.7657
v 10.9442 100 -16.7399
v 16.7399 100 -10.9442
v 17.7657 100 -9.18589
v 19.6661 100 -3.63926
v 19.6661 100 3.63926
v 17.7657 100 9.18589
v 16.7399 100 10.9442
v 10.9442 100 16.7399
v 9.18589 100 17.7657
v 3.63926 100 19.6661
v -3.63926 100 19.6661
v -9.18589 100 17.7657
v -10.9442 100 16.7399
v -16.7399 100 10.9442
v -17.7657 100 9.18589
v -19.6661 100 3.63926
v -20 100 0
v -19.9191 100 -1.79709
v -15.5271 100 -12.606
v -14.1421 100 -14.1421
v -12.606 100 -15.5271
v -1.79709 100 -19.9191
v 0 100 -20
v 1.79709 100 -19.9191
v 12.606 100 -15.5271
v 14.1421 100 -14.1421
v 15.5271 100 -12.606
v 19.9191 100 -1.79709
v 20 100 0
v 19.9191 100 1.79709
v 15.5271 100 12.606
v 14.1421 100 14.1421
v 12.606 100 15.5271
v 1.79709 100 19.9191
v 0 100 20
v -1.79709 100 19.9191
v -12.606 100 15.5271
v -14.1421 100 14.1421
v -15.5271 100 12.606
v -19.9191 100 1.79709
v 100 17.3131 -10.0129
v 100 17.3131 10.0129
v -19.228 100 -5.50316
v -18.5958 100 -7.36189
v -7.36189 100 -18.5958
v -5.50316 100 -19.228
v 5.50317 100 -19.228
v 7.3619 100 -18.5958
v 18.5958 100 -7.36189
v 19.228 100 -5.50316
v 19.228 100 5.50316
v 18.5958 100 7.36189
v 7.3619 100 18.5958
v 5.50317 100 19.228
v -5.50316 100 19.228
v -7.36189 100 18.5958
v -18.5958 100 7.36189
v -19.228 100 5.50316
v 100.159 17.2949 -9.99874
v 100.159 17.3146 -10.0102
v 96.3191 33.1035 -9.29788
v 96.3191 33.1035 9.29788
v 100.741 17.3102 9.9725
v 100.741 17.3324 9.97942
v 100.899 17.3143 9.95955
v 100.899 17.3143 -9.95955
v 100.899 17.3365 -9.97229
v 100.899 17.3365 9.97228
v 101.06 17.3272 -9.94363
v 101.06 17.3493 -9.95004
v 97.2484 33.1035 -9.61399
v 97.2484 33.1035 9.61399
v 101.662 17.3754 9.86098
v 101.661 17.3967 9.86694
v 101.82 17.3881 9.83305
v 101.82 17.3881 -9.83305
v 101.82 17.4091 -9.84492
v 101.82 17.4091 9.84492
v 101.98 17.41 -9.80197
v 101.979 17.4304 -9.80711
v 98.1804 33.1035 -9.83305
v 98.1804 33.1035 9.83305
v 102.27 17.4496 9.73883
v 102.268 17.4689 9.73845
v 102.598 17.4946 9.65671
v 102.596 17.5122 9.66029
v 102.752 17.5159 9.61399
v 102.752 17.5159 -9.61399
v 102.752 17.5327 -9.62317
v 102.752 17.5327 9.62318
v 102.906 17.5463 -9.56834
v 102.904 17.5616 -9.57034
v 99.1015 33.1035 -9.95955
v 99.1015 33.1035 9.95955
v 90 54.1872 0
v 90.0405 54.1872 -0.898544
v 90.0405 54.1872 0.898544
v 90.1669 54.1872 -1.81963
v 90.1669 54.1872 1.81963
v 90.386 54.1872 -2.75158
v 90.386 54.1872 2.75158
v 103.534 17.6788 9.35205
v 103.536 17.6711 9.354
v 103.681 17.7003 9.29788
v 103.681 17.7003 -9.29788
v 103.681 17.7058 -9.30076
v 103.681 17.7058 9.30076
v 90.7021 54.1872 -3.68095
v 90.7021 54.1872 3.68095
v 103.823 17.7404 -9.23467
v 103.825 17.738 -9.2395
v 100 33.1035 10
v 100 33.1035 -10
v 103.927 17.7657 -9.18589
v 103.927 17.7657 9.18589
v 103.931 17.7657 9.19499
v 103.931 17.7657 -9.19499
v 91.1172 54.1872 -4.59295
v 91.1172 54.1872 4.59295
v 104.457 17.8858 8.94975
v 104.46 17.8755 8.95028
v 104.593 17.9036 8.88284
v 104.593 17.9036 -8.88284
v 104.593 17.9161 -8.88903
v 104.593 17.9161 8.88902
v 91.63 54.1872 -5.4721
v 91.63 54.1872 5.4721
v 104.721 17.9524 -8.81532
v 104.724 17.9376 -8.81374
v 100.899 33.1035 9.95955
v 100.899 33.1035 -9.95955
v 104.944 18.015 -8.68685
v 104.95 17.9968 -8.68889
v 92.2365 54.1872 -6.30298
v 92.2365 54.1872 6.30298
v 105.354 18.1048 8.44587
v 105.351 18.1268 8.45092
v 105.472 18.137 8.36996
v 105.472 18.137 -8.36996
v 105.472 18.1596 -8.38036
v 105.472 18.1596 8.38036
v 105.587 18.1741 -8.29346
v 105.584 18.197 -8.29877
v 101.82 33.1035 9.83305
v 101.82 33.1035 -9.83305
v 92.9289 54.1872 -7.07107
v 92.9289 54.1872 7.07107
v 106.199 18.3964 7.84685
v 106.203 18.3785 7.84376
v 106.303 18.413 7.76353
v 106.303 18.413 -7.76353
v 106.303 18.4289 -7.77023
v 106.303 18.4289 7.77023
v 106.396 18.4646 -7.68504
v 106.4 18.4512 -7.68387
v 102.752 33.1035 9.61399
v 102.752 33.1035 -9.61399
v 93.697 54.1872 -7.76353
v 93.697 54.1872 7.76353
v 106.748 18.5958 -7.36189
v 106.748 18.5958 7.36189
v 106.757 18.5958 7.3715
v 106.757 18.5958 -7.3715
v 106.986 18.6777 7.15146
v 106.989 18.6685 7.15172
v 107.071 18.6947 7.07107
v 107.071 18.6947 -7.07107
v 107.071 18.7066 -7.07557
v 107.071 18.7066 7.07557
v 107.146 18.7375 -6.9932
v 107.15 18.723 -6.9914
v 107.233 18.7728 -6.89798
v 107.24 18.7557 -6.8983
v 103.681 33.1035 9.29788
v 103.681 33.1035 -9.29788
v 94.5279 54.1872 -8.36996
v 94.5279 54.1872 8.36996
v 107.699 18.9302 6.38172
v 107.695 18.953 6.38636
v 107.764 18.9559 6.30298
v 107.764 18.9559 -6.30298
v 107.764 18.9784 -6.31044
v 107.764 18.9784 6.31044
v 107.825 18.9831 -6.22604
v 107.822 19.0048 -6.23031
v 108.016 19.0905 5.9625
v 108.026 19.0736 5.96487
v 104.593 33.1035 8.88284
v 104.593 33.1035 -8.88284
v 95.4071 54.1872 -8.88284
v 95.4071 54.1872 8.88284
v 108.318 19.2164 5.5433
v 108.322 19.2145 5.54502
v 108.347 19.228 -5.50316
v 108.347 19.228 5.50316
v 108.349 19.228 5.50422
v 108.349 19.228 -5.50422
v 108.37 19.2353 -5.4721
v 108.37 19.2353 5.4721
v 108.413 19.2571 -5.40025
v 108.416 19.2525 -5.40108
v 108.61 19.3482 -5.06439
v 108.621 19.3321 -5.06673
v 108.848 19.4265 4.6605
v 108.844 19.4485 4.66412
v 108.883 19.4419 4.59295
v 108.883 19.4419 -4.59295
v 108.883 19.4642 -4.59821
v 108.883 19.4642 4.59821
v 108.916 19.4577 -4.52751
v 108.913 19.48 -4.53115
v 105.472 33.1035 8.36996
v 105.472 33.1035 -8.36996
v 96.3191 54.1872 -9.29788
v 96.3191 54.1872 9.29788
v 109.12 19.5805 4.07502
v 109.131 19.5645 4.07669
v 109.271 19.647 3.74078
v 109.274 19.6424 3.74103
v 109.298 19.6563 3.68095
v 109.298 19.6563 -3.68095
v 109.298 19.6583 -3.68132
v 109.298 19.6583 3.68132
v 109.312 19.6661 -3.63926
v 109.312 19.6661 3.63926
v 109.314 19.6661 3.64001
v 109.314 19.6661 -3.64001
v 109.321 19.6685 -3.62305
v 109.455 19.7389 -3.22119
v 109.467 19.7239 -3.22262
v 109.598 19.7806 2.80629
v 109.596 19.8018 2.80856
v 109.614 19.788 2.75158
v 109.614 19.788 -2.75158
v 109.614 19.8094 -2.75456
v 109.614 19.8094 2.75456
v 109.629 19.7954 -2.69879
v 109.627 19.8168 -2.70104
v 109.741 19.8771 2.21343
v 109.752 19.8621 2.21424
v 106.303 33.1035 7.76353
v 106.303 33.1035 -7.76353
v 109.822 19.9125 1.86833
v 109.824 19.9094 1.86845
v 109.833 19.916 -1.81963
v 109.833 19.916 1.81963
v 109.836 19.9191 -1.79709
v 109.836 19.9191 1.79709
v 109.84 19.9213 -1.77237
v 109.842 19.9202 -1.77264
v 109.891 19.9512 -1.39655
v 109.902 19.9372 -1.39706
v 97.2484 54.1872 -9.61399
v 97.2484 54.1872 9.61399
v 109.955 19.9575 0.944462
v 109.953 19.9776 0.945225
v 109.96 19.9595 0.898544
v 109.96 19.9595 -0.898544
v 109.96 19.9798 -0.899458
v 109.96 19.9798 0.899455
v 109.963 19.9615 -0.854275
v 109.962 19.9817 -0.854979
v 109.982 19.996 0.399992
v 109.992 19.982 0.400114
v 109.998 20 0.0428739
v 110 19.9981 0.0428759
v 110 20 0
v 107.071 33.1035 7.07107
v 107.071 33.1035 -7.07107
v 98.1804 54.1872 -9.83305
v 98.1804 54.1872 9.83305
v 107.764 33.1035 6.30298
v 107.764 33.1035 -6.30298
v 99.1015 54.1872 -9.95955
v 99.1015 54.1872 9.95955
v 108.37 33.1035 5.4721
v 108.37 33.1035 -5.4721
v 108.883 33.1035 4.59295
v 108.883 33.1035 -4.59295
v 90 70 -4.128e-07
v 90.0099 70 -0.445803
v 90.0099 70 0.445802
v 90.0405 70 -0.898544
v 90.0405 70 0.898544
v 90.0925 70 -1.35695
v 90.0925 70 1.35695
v 90.1669 70 -1.81963
v 90.1669 70 1.81963
v 100 54.1872 10
v 100 54.1872 -10
v 90.2646 70 -2.28505
v 90.2646 70 2.28505
v 109.298 33.1035 3.68095
v 109.298 33.1035 -3.68095
v 90.386 70 -2.75158
v 90.386 70 2.75158
v 90.5317 70 -3.21749
v 90.5317 70 3.21749
v 109.614 33.1035 2.75158
v 109.614 33.1035 -2.75158
v 90.6914 70 -3.65176
v 90.6914 70 3.65176
v 90.7021 70 -3.68095
v 90.7021 70 3.68095
v 109.833 33.1035 1.81963
v 109.833 33.1035 -1.81963
v 90.8973 70 -4.14008
v 90.8973 70 4.14008
v 109.96 33.1035 0.898544
v 109.96 33.1035 -0.898544
v 110 33.1035 0
v 100.899 54.1872 9.95955
v 100.899 54.1872 -9.95955
v 91.1172 70 -4.59295
v 91.1172 70 4.59295
v 91.3616 70 5.0376
v 91.3616 70 -5.0376
v 91.63 70 -5.4721
v 91.63 70 5.4721
v 91.922 70 -5.89451
v 91.922 70 5.89451
v 101.82 54.1872 9.83305
v 101.82 54.1872 -9.83305
v 92.2365 70 -6.30298
v 92.2365 70 6.30298
v 92.5725 70 -6.69572
v 92.5725 70 6.69573
v 92.9289 70 -7.07107
v 92.9289 70 7.07107
v 102.752 54.1872 9.61399
v 102.752 54.1872 -9.61399
v 93.3043 70 -7.42747
v 93.3043 70 7.42747
v 93.697 70 -7.76353
v 93.697 70 7.76353
v 103.681 54.1872 9.29788
v 103.681 54.1872 -9.29788
v 94.3431 70 -3.8e-08
v 94.1055 70 -8.07804
v 94.1055 70 8.07804
v 94.5279 70 8.36996
v 94.5279 70 -8.36996
v 104.593 54.1872 8.88284
v 104.593 54.1872 -8.88284
v 94.9624 70 8.63844
v 94.9624 70 -8.63844
v 95.4071 70 -8.88284
v 95.4071 70 8.88284
v 105.472 54.1872 8.36996
v 105.472 54.1872 -8.36996
v 95.8599 70 -9.10273
v 95.8599 70 9.10273
v 96.3191 70 -9.29788
v 96.3191 70 9.29788
v 96.3482 70 -9.30861
v 96.3482 70 9.30861
v 106.303 54.1872 7.76353
v 106.303 54.1872 -7.76353
v -19.9191 118 -1.79709
v -20 118 0
v -19.6661 118 -3.63926
v -19.228 118 -5.50316
v -17.7657 118 -9.18589
v -16.7399 118 -10.9442
v -15.5271 118 -12.606
v -14.1421 118 -14.1421
v -12.606 118 -15.5271
v -10.9442 118 -16.7399
v -9.18589 118 -17.7657
v -5.50316 118 -19.228
v -3.63926 118 -19.6661
v -1.79709 118 -19.9191
v 0 118 -20
v 1.79709 118 -19.9191
v 3.63926 118 -19.6661
v 5.50317 118 -19.228
v 9.18589 118 -17.7657
v 10.9442 118 -16.7399
v 12.606 118 -15.5271
v 14.1421 118 -14.1421
v 15.5271 118 -12.606
v 16.7399 118 -10.9442
v 17.7657 118 -9.18589
v 19.228 118 -5.50316
v 19.6661 118 -3.63926
v 19.9191 118 -1.79709
v 20 118 0
v 19.9191 118 1.79709
v 19.6661 118 3.63926
v 19.228 118 5.50316
v 17.7657 118 9.18589
v 16.7399 118 10.9442
v 15.5271 118 12.606
v 14.1421 118 14.1421
v 12.606 118 15.5271
v 10.9442 118 16.7399
v 9.18589 118 17.7657
v 5.50317 118 19.228
v 3.63926 118 19.6661
v 1.79709 118 19.9191
v 0 118 20
v -1.79709 118 19.9191
v -3.63926 118 19.6661
v -5.50316 118 19.228
v -9.18589 118 17.7657
v -10.9442 118 16.7399
v -12.606 118 15.5271
v -14.1421 118 14.1421
v -15.5271 118 12.606
v -16.7399 118 10.9442
v -17.7657 118 9.18589
v -19.228 118 5.50316
v -19.6661 118 3.63926
v -19.9191 118 1.79709
v -18.5958 118 -7.36189
v -7.36189 118 -18.5958
v 7.3619 118 -18.5958
v 18.5958 118 -7.36189
v 18.5958 118 7.36189
v 7.3619 118 18.5958
v -7.36189 118 18.5958
v -18.5958 118 7.36189
v 96.7825 70 -9.46825
v 96.7825 70 9.46825
v 97.2484 70 -9.61399
v 97.2484 70 9.61399
v 107.071 54.1872 7.07107
v 107.071 54.1872 -7.07107
v 97.715 70 -9.73543
v 97.715 70 9.73543
v 107.764 54.1872 6.30298
v 107.764 54.1872 -6.30298
v 98.1804 70 -9.83305
v 98.1804 70 9.83305
v 108.37 54.1872 5.4721
v 108.37 54.1872 -5.4721
v 98.643 70 9.90751
v 98.6431 70 -9.90751
v 108.883 54.1872 4.59295
v 108.883 54.1872 -4.59295
v 99.1015 70 -9.95955
v 99.1015 70 9.95955
v 109.298 54.1872 3.68095
v 109.298 54.1872 -3.68095
v 99.5542 70 -9.99006
v 99.5542 70 9.99006
v 100 70 -5.65685
v 100 70 5.65685
v 109.614 54.1872 2.75158
v 109.614 54.1872 -2.75158
v 100 70 -10
v 100 70 10
v 109.833 54.1872 1.81963
v 109.833 54.1872 -1.81963
v 109.96 54.1872 0.898544
v 109.96 54.1872 -0.898544
v 110 54.1872 0
v 100.446 70 -9.99006
v 100.446 70 9.99006
v 100.899 70 -9.95955
v 100.899 70 9.95955
v 101.357 70 9.90751
v 101.357 70 -9.90751
v 101.82 70 -9.83305
v 101.82 70 9.83305
v 102.285 70 -9.73543
v 102.285 70 9.73543
v 102.752 70 -9.61399
v 102.752 70 9.61399
v 103.217 70 -9.46825
v 103.217 70 9.46825
v 103.652 70 -9.30861
v 103.652 70 9.30861
v 103.681 70 -9.29788
v 103.681 70 9.29788
v 104.14 70 -9.10273
v 104.14 70 9.10274
v 104.593 70 -8.88284
v 104.593 70 8.88284
v 105.038 70 -8.63843
v 105.038 70 8.63844
v 105.657 70 -7.877e-07
v 105.472 70 -8.36996
v 105.472 70 8.36996
v 105.895 70 -8.07804
v 105.895 70 8.07804
v 106.303 70 -7.76353
v 106.303 70 7.76353
v 106.696 70 -7.42747
v 106.696 70 7.42746
v 107.071 70 7.07107
v 107.071 70 -7.07107
v 107.427 70 -6.69573
v 107.427 70 6.69573
v 107.764 70 -6.30298
v 107.764 70 6.30298
v 108.078 70 -5.89451
v 108.078 70 5.89451
v 108.37 70 -5.4721
v 108.37 70 5.4721
v 108.638 70 -5.03761
v 108.638 70 5.0376
v 108.883 70 -4.59295
v 108.883 70 4.59295
v 109.103 70 -4.14008
v 109.103 70 4.14008
v 109.298 70 -3.68095
v 109.298 70 3.68095
v 109.309 70 -3.65176
v 109.309 70 3.65176
v 109.468 70 3.21749
v 109.468 70 -3.21749
v 109.614 70 2.75158
v 109.614 70 -2.75158
v 109.735 70 2.28505
v 109.735 70 -2.28505
v 109.833 70 1.81963
v 109.833 70 -1.81963
v 109.908 70 1.35696
v 109.908 70 -1.35696
v 109.96 70 0.898544
v 109.96 70 -0.898547
v 109.99 70 0.445803
v 109.99 70 -0.445803
v 110 70 -4.128e-07
v -20 130 0
v 130 -19.9191 -1.79709
v 130 -20 0
v 130 -19.6661 -3.63926
v 130 -19.228 -5.50316
v 130 -17.7657 -9.18589
v 130 -16.7399 -10.9442
v 130 -15.5271 -12.606
v 130 -14.1421 -14.1421
v 130 -12.606 -15.5271
v 130 -10.9442 -16.7399
v 130 -9.18589 -17.7657
v 130 -5.50316 -19.228
v 130 -3.63926 -19.6661
v 130 -1.79709 -19.9191
v 130 0 -20
v 130 1.79709 -19.9191
v 130 3.63926 -19.6661
v 130 5.50317 -19.228
v 130 9.18589 -17.7657
v 130 10.9442 -16.7399
v 130 12.606 -15.5271
v 130 14.1421 -14.1421
v 130 15.5271 -12.606
v 130 16.7399 -10.9442
v 130 17.7657 -9.18589
v 130 19.228 -5.50316
v 130 19.6661 -3.63926
v 130 19.9191 -1.79709
v 130 20 0
v 130 19.9191 1.79709
v 130 19.6661 3.63926
v 130 19.228 5.50316
v 130 17.7657 9.18589
v 130 16.7399 10.9442
v 130 15.5271 12.606
v 130 14.1421 14.1421
v 130 12.606 15.5271
v 130 10.9442 16.7399
v 130 9.18589 17.7657
v 130 5.50317 19.228
v 130 3.63926 19.6661
v 130 1.79709 19.9191
v 130 0 20
v 130 -1.79709 19.9191
v 130 -3.63926 19.6661
v 130 -5.50316 19.228
v 130 -9.18589 17.7657
v 130 -10.9442 16.7399
v 130 -12.606 15.5271
v 130 -14.1421 14.1421
v 130 -15.5271 12.606
v 130 -16.7399 10.9442
v 130 -17.7657 9.18589
v 130 -19.228 5.50316
v 130 -19.6661 3.63926
v 130 -19.9191 1.79709
v 130 -18.5958 -7.36189
v 130 -7.36189 -18.5958
v 130 7.3619 -18.5958
v 130 18.5958 -7.36189
v 130 18.5958 7.36189
v 130 7.3619 18.5958
v 130 -7.36189 18.5958
v 130 -18.5958 7.36189
v -20 142 0
v -19.9191 142 -1.79709
v -19.6661 142 -3.63926
v -19.228 142 -5.50316
v -17.7657 142 -9.18589
v -16.7399 142 -10.9442
v -15.5271 142 -12.606
v -14.1421 142 -14.1421
v -12.606 142 -15.5271
v -10.9442 142 -16.7399
v -9.18589 142 -17.7657
v -5.50316 142 -19.228
v -3.63926 142 -19.6661
v -1.79709 142 -19.9191
v 0 142 -20
v 1.79709 142 -19.9191
v 3.63926 142 -19.6661
v 5.50317 142 -19.228
v 9.18589 142 -17.7657
v 10.9442 142 -16.7399
v 12.606 142 -15.5271
v 14.1421 142 -14.1421
v 15.5271 142 -12.606
v 16.7399 142 -10.9442
v 17.7657 142 -9.18589
v 19.228 142 -5.50316
v 19.6661 142 -3.63926
v 19.9191 142 -1.79709
v 20 142 0
v 19.9191 142 1.79709
v 19.6661 142 3.63926
v 19.228 142 5.50316
v 17.7657 142 9.18589
v 16.7399 142 10.9442
v 15.5271 142 12.606
v 14.1421 142 14.1421
v 12.606 142 15.5271
v 10.9442 142 16.7399
v 9.18589 142 17.7657
v 5.50317 142 19.228
v 3.63926 142 19.6661
v 1.79709 142 19.9191
v 0 142 20
v -1.79709 142 19.9191
v -3.63926 142 19.6661
v -5.50316 142 19.228
v -9.18589 142 17.7657
v -10.9442 142 16.7399
v -12.606 142 15.5271
v -14.1421 142 14.1421
v -15.5271 142 12.606
v -16.7399 142 10.9442
v -17.7657 142 9.18589
v -19.228 142 5.50316
v -19.6661 142 3.63926
v -19.9191 142 1.79709
v -18.5958 142 -7.36189
v -7.36189 142 -18.5958
v 7.3619 142 -18.5958
v 18.5958 142 -7.36189
v 18.5958 142 7.36189
v 7.3619 142 18.5958
v -7.36189 142 18.5958
v -18.5958 142 7.36189
v -1.9073e-06 160 -11.3137
v 11.3137 160 7.497e-07
v -11.3137 160 -7.497e-07
v 0 160 11.3137
v 7.30351 160 -18.6172
v -7.30352 160 -18.6172
v 18.6172 160 -7.30352
v -18.6172 160 -7.30352
v 18.6172 160 7.30352
v 7.30352 160 18.6172
v -18.6172 160 7.30351
v -7.30352 160 18.6172
v -20 160 1.8744e-06
v -19.9191 160 -1.79709
v -19.6661 160 -3.63926
v -19.228 160 -5.50317
v -18.5958 160 -7.3619
v -17.7657 160 -9.18589
v -16.7399 160 -10.9442
v -15.5271 160 -12.606
v -14.1421 160 -14.1421
v -12.606 160 -15.5271
v -10.9442 160 -16.7399
v -9.18589 160 -17.7657
v -7.3619 160 -18.5958
v -5.50316 160 -19.228
v -3.63926 160 -19.6661
v -1.79709 160 -19.9191
v 0 160 -20
v 1.79709 160 -19.9191
v 3.63926 160 -19.6661
v 5.50316 160 -19.228
v 7.36189 160 -18.5958
v 9.18589 160 -17.7657
v 10.9442 160 -16.7399
v 12.606 160 -15.5271
v 14.1421 160 -14.1421
v 15.5271 160 -12.606
v 16.7399 160 -10.9442
v 17.7657 160 -9.18589
v 18.5958 160 -7.36189
v 19.228 160 -5.50316
v 19.6661 160 -3.63926
v 19.9191 160 -1.79709
v 20 160 -1.8744e-06
v 19.9191 160 1.79709
v 19.6661 160 3.63926
v 19.228 160 5.50316
v 18.5958 160 7.36189
v 17.7657 160 9.18589
v 16.7399 160 10.9442
v 15.5271 160 12.606
v 14.1421 160 14.1421
v 12.606 160 15.5271
v 10.9442 160 16.7399
v 9.18589 160 17.7657
v 7.3619 160 18.5958
v 5.50316 160 19.228
v 3.63926 160 19.6661
v 1.79709 160 19.9191
v 0 160 20
v -1.79709 160 19.9191
v -3.63926 160 19.6661
v -5.50316 160 19.228
v -7.36189 160 18.5958
v -9.18589 160 17.7657
v -10.9442 160 16.7399
v -12.606 160 15.5271
v -14.1421 160 14.1421
v -15.5271 160 12.606
v -16.7399 160 10.9442
v -17.7657 160 9.18589
v -18.5958 160 7.3619
v -19.228 160 5.50316
v -19.6661 160 3.63926
v -19.9191 160 1.79709
v 6.43498 160 -18.9365
v 4.5701 160 -19.4709
v 2.71391 160 -19.815
v 0.891605 160 -19.9801
v -0.891607 160 -19.9801
v -2.71392 160 -19.815
v -4.5701 160 -19.4709
v -6.43497 160 -18.9365
v 18.2055 160 -8.28016
v 17.2769 160 -10.0752
v 16.1561 160 -11.789
v 13.3915 160 -14.8549
v 11.789 160 -16.1561
v 14.8549 160 -13.3914
v 10.0752 160 -17.2769
v 8.28016 160 -18.2055
v -8.28016 160 -18.2055
v -10.0752 160 -17.2769
v -11.789 160 -16.1561
v -14.8549 160 -13.3915
v -16.1561 160 -11.789
v -13.3915 160 -14.8549
v -17.2769 160 -10.0752
v -18.2055 160 -8.28015
v 18.9365 160 6.43497
v 19.4709 160 4.5701
v 19.815 160 2.7139
v 19.9801 160 0.891603
v 19.9801 160 -0.891605
v 19.815 160 -2.71391
v 19.4709 160 -4.57011
v 18.9365 160 -6.43497
v 8.28015 160 18.2055
v 10.0752 160 17.2769
v 11.789 160 16.1561
v 14.8549 160 13.3914
v 16.1561 160 11.789
v 13.3914 160 14.8549
v 17.2769 160 10.0752
v 18.2055 160 8.28016
v -18.9365 160 -6.43498
v -19.4709 160 -4.5701
v -19.815 160 -2.7139
v -19.9801 160 -0.891595
v -19.9801 160 0.891605
v -19.815 160 2.71391
v -19.4709 160 4.57011
v -18.9365 160 6.43498
v -18.2055 160 8.28015
v -17.2769 160 10.0752
v -16.1561 160 11.789
v -13.3915 160 14.8549
v -11.789 160 16.1561
v -14.8549 160 13.3914
v -10.0752 160 17.2769
v -8.28015 160 18.2055
v -6.43497 160 18.9365
v -4.5701 160 19.4709
v -2.71391 160 19.815
v -0.891605 160 19.9801
v 0.891605 160 19.9801
v 2.71391 160 19.815
v 4.57011 160 19.4709
v 6.43497 160 18.9365
v 190 -20 0
v 250 10.9442 -16.7399
v 250 10.9442 16.7399
v 250 -20 0
v 250 -19.9191 -1.79709
v 250 -19.6661 -3.63926
v 250 -19.228 -5.50316
v 250 -18.5958 -7.36189
v 250 -17.7657 -9.18589
v 250 -16.7399 -10.9442
v 250 -15.5271 -12.606
v 250 -14.1421 -14.1421
v 250 -12.606 -15.5271
v 250 -10.9442 -16.7399
v 250 -9.18589 -17.7657
v 250 -7.36189 -18.5958
v 250 -5.50316 -19.228
v 250 -3.63926 -19.6661
v 250 -1.79709 -19.9191
v 250 0 -20
v 250 1.79709 -19.9191
v 250 3.63926 -19.6661
v 250 5.50317 -19.228
v 250 7.3619 -18.5958
v 250 9.18589 -17.7657
v 250 12.606 -15.5271
v 250 14.1421 -14.1421
v 250 15.5271 -12.606
v 250 16.7399 -10.9442
v 250 17.7657 -9.18589
v 250 18.5958 -7.36189
v 250 19.228 -5.50316
v 250 19.6661 -3.63926
v 250 19.9191 -1.79709
v 250 20 0
v 250 19.9191 1.79709
v 250 19.6661 3.63926
v 250 19.228 5.50316
v 250 18.5958 7.36189
v 250 17.7657 9.18589
v 250 16.7399 10.9442
v 250 15.5271 12.606
v 250 14.1421 14.1421
v 250 12.606 15.5271
v 250 9.18589 17.7657
v 250 7.3619 18.5958
v 250 5.50317 19.228
v 250 3.63926 19.6661
v 250 1.79709 19.9191
v 250 0 20
v 250 -1.79709 19.9191
v 250 -3.63926 19.6661
v 250 -5.50316 19.228
v 250 -7.36189 18.5958
v 250 -9.18589 17.7657
v 250 -10.9442 16.7399
v 250 -12.606 15.5271
v 250 -14.1421 14.1421
v 250 -15.5271 12.606
v 250 -16.7399 10.9442
v 250 -17.7657 9.18589
v 250 -18.5958 7.36189
v 250 -19.228 5.50316
v 250 -19.6661 3.63926
v 250 -19.9191 1.79709
v 340 -20 0
v 340 -19.9191 1.79709
v 340 -19.6661 3.63926
v 340 -19.228 5.50316
v 340 -17.7657 9.18589
v 340 -16.7399 10.9442
v 340 -15.5271 12.606
v 340 -14.1421 14.1421
v 340 -12.606 15.5271
v 340 -10.9442 16.7399
v 340 -9.18589 17.7657
v 340 -5.50316 19.228
v 340 -3.63926 19.6661
v 340 -1.79709 19.9191
v 340 0 20
v 340 1.79709 19.9191
v 340 3.63926 19.6661
v 340 5.50317 19.228
v 340 9.18589 17.7657
v 340 10.9442 16.7399
v 340 12.606 15.5271
v 340 14.1421 14.1421
v 340 15.5271 12.606
v 340 16.7399 10.9442
v 340 17.7657 9.18589
v 340 19.228 5.50316
v 340 19.6661 3.63926
v 340 19.9191 1.79709
v 340 20 0
v 340 19.9191 -1.79709
v 340 19.6661 -3.63926
v 340 19.228 -5.50316
v 340 17.7657 -9.18589
v 340 16.7399 -10.9442
v 340 15.5271 -12.606
v 340 14.1421 -14.1421
v 340 12.606 -15.5271
v 340 10.9442 -16.7399
v 340 9.18589 -17.7657
v 340 5.50317 -19.228
v 340 3.63926 -19.6661
v 340 1.79709 -19.9191
v 340 0 -20
v 340 -1.79709 -19.9191
v 340 -3.63926 -19.6661
v 340 -5.50316 -19.228
v 340 -9.18589 -17.7657
v 340 -10.9442 -16.7399
v 340 -12.606 -15.5271
v 340 -14.1421 -14.1421
v 340 -15.5271 -12.606
v 340 -16.7399 -10.9442
v 340 -17.7657 -9.18589
v 340 -19.228 -5.50316
v 340 -19.6661 -3.63926
v 340 -19.9191 -1.79709
v 340 -18.5958 7.36189
v 340 -7.36189 18.5958
v 340 7.3619 18.5958
v 340 18.5958 7.36189
v 340 18.5958 -7.36189
v 340 7.3619 -18.5958
v 340 -7.36189 -18.5958
v 340 -18.5958 -7.36189
v 346 -19.9191 1.79709
v 346 -20 -0
v 346 -19.6661 3.63926
v 346 -19.228 5.50316
v 346 -17.7657 9.18589
v 346 -16.7399 10.9442
v 346 -15.5271 12.606
v 346 -14.1421 14.1421
v 346 -12.606 15.5271
v 346 -10.9442 16.7399
v 346 -9.18589 17.7657
v 346 -5.50316 19.228
v 346 -3.63926 19.6661
v 346 -1.79709 19.9191
v 346 0 20
v 346 1.79709 19.9191
v 346 3.63926 19.6661
v 346 5.50317 19.228
v 346 9.18589 17.7657
v 346 10.9442 16.7399
v 346 12.606 15.5271
v 346 14.1421 14.1421
v 346 15.5271 12.606
v 346 16.7399 10.9442
v 346 17.7657 9.18589
v 346 19.228 5.50316
v 346 19.6661 3.63926
v 346 19.9191 1.79709
v 346 20 0
v 346 19.9191 -1.79709
v 346 19.6661 -3.63926
v 346 19.228 -5.50316
v 346 17.7657 -9.18589
v 346 16.7399 -10.9442
v 346 15.5271 -12.606
v 346 14.1421 -14.1421
v 346 12.606 -15.5271
v 346 10.9442 -16.7399
v 346 9.18589 -17.7657
v 346 5.50317 -19.228
v 346 3.63926 -19.6661
v 346 1.79709 -19.9191
v 346 0 -20
v 346 -1.79709 -19.9191
v 346 -3.63926 -19.6661
v 346 -5.50316 -19.228
v 346 -9.18589 -17.7657
v 346 -10.9442 -16.7399
v 346 -12.606 -15.5271
v 346 -14.1421 -14.1421
v 346 -15.5271 -12.606
v 346 -16.7399 -10.9442
v 346 -17.7657 -9.18589
v 346 -19.228 -5.50316
v 346 -19.6661 -3.63926
v 346 -19.9191 -1.79709
v 346 -18.5958 7.36189
v 346 -7.36189 18.5958
v 346 7.3619 18.5958
v 346 18.5958 7.36189
v 346 18.5958 -7.36189
v 346 7.3619 -18.5958
v 346 -7.36189 -18.5958
v 346 -18.5958 -7.36189
v 350 -20 -0
v 354 -17.7657 9.18589
v 354 -9.18589 17.7657
v 354 9.18589 17.7657
v 354 17.7657 9.18589
v 354 17.7657 -9.18589
v 354 9.18589 -17.7657
v 354 -9.18589 -17.7657
v 354 -17.7657 -9.18589
v 354 -20 -0
v 354 -19.9191 1.79709
v 354 -19.6661 3.63926
v 354 -19.228 5.50316
v 354 -16.7399 10.9442
v 354 -15.5271 12.606
v 354 -14.1421 14.1421
v 354 -12.606 15.5271
v 354 -10.9442 16.7399
v 354 -5.50316 19.228
v 354 -3.63926 19.6661
v 354 -1.79709 19.9191
v 354 0 20
v 354 1.79709 19.9191
v 354 3.63926 19.6661
v 354 5.50317 19.228
v 354 10.9442 16.7399
v 354 12.606 15.5271
v 354 14.1421 14.1421
v 354 15.5271 12.606
v 354 16.7399 10.9442
v 354 19.228 5.50316
v 354 19.6661 3.63926
v 354 19.9191 1.79709
v 354 20 0
v 354 19.9191 -1.79709
v 354 19.6661 -3.63926
v 354 19.228 -5.50316
v 354 16.7399 -10.9442
v 354 15.5271 -12.606
v 354 14.1421 -14.1421
v 354 12.606 -15.5271
v 354 10.9442 -16.7399
v 354 5.50317 -19.228
v 354 3.63926 -19.6661
v 354 1.79709 -19.9191
v 354 0 -20
v 354 -1.79709 -19.9191
v 354 -3.63926 -19.6661
v 354 -5.50316 -19.228
v 354 -10.9442 -16.7399
v 354 -12.606 -15.5271
v 354 -14.1421 -14.1421
v 354 -15.5271 -12.606
v 354 -16.7399 -10.9442
v 354 -19.228 -5.50316
v 354 -19.6661 -3.63926
v 354 -19.9191 -1.79709
v 354 -18.5958 7.36189
v 354 -7.36189 18.5958
v 354 7.3619 18.5958
v 354 18.5958 7.36189
v 354 18.5958 -7.36189
v 354 7.3619 -18.5958
v 354 -7.36189 -18.5958
v 354 -18.5958 -7.36189
v 360 0 11.3137
v 360 11.3137 -5.78e-07
v 360 -11.3137 -2.477e-07
v 360 0 -11.3137
v 360 7.30232 18.616
v 360 -7.30232 18.616
v 360 18.616 7.30232
v 360 -18.616 7.30232
v 360 18.616 -7.30232
v 360 7.30232 -18.616
v 360 -18.616 -7.30232
v 360 -7.30232 -18.616
v 360 -17.7657 9.18589
v 360 -16.7399 10.9442
v 360 -10.9442 16.7399
v 360 -9.18589 17.7657
v 360 9.18589 17.7657
v 360 10.9442 16.7399
v 360 16.7399 10.9442
v 360 17.7657 9.18589
v 360 17.7657 -9.18589
v 360 16.7399 -10.9442
v 360 10.9442 -16.7399
v 360 9.18589 -17.7657
v 360 -9.18589 -17.7657
v 360 -10.9442 -16.7399
v 360 -16.7399 -10.9442
v 360 -17.7657 -9.18589
v 360 -20 -0
v 360 -19.9191 1.79709
v 360 -19.6661 3.63926
v 360 -19.228 5.50316
v 360 -18.5958 7.36189
v 360 -15.5271 12.606
v 360 -14.1421 14.1421
v 360 -12.606 15.5271
v 360 -7.3619 18.5958
v 360 -5.50316 19.228
v 360 -3.63926 19.6661
v 360 -1.79709 19.9191
v 360 0 20
v 360 1.79709 19.9191
v 360 3.63926 19.6661
v 360 5.50316 19.228
v 360 7.36189 18.5958
v 360 12.606 15.5271
v 360 14.1421 14.1421
v 360 15.5271 12.606
v 360 18.5958 7.36189
v 360 19.228 5.50317
v 360 19.6661 3.63926
v 360 19.9191 1.79709
v 360 20 0
v 360 19.9191 -1.79709
v 360 19.6661 -3.63926
v 360 19.228 -5.50316
v 360 18.5958 -7.36189
v 360 15.5271 -12.606
v 360 14.1421 -14.1421
v 360 12.606 -15.5271
v 360 7.36189 -18.5958
v 360 5.50316 -19.228
v 360 3.63926 -19.6661
v 360 1.79709 -19.9191
v 360 0 -20
v 360 -1.79709 -19.9191
v 360 -3.63926 -19.6661
v 360 -5.50316 -19.228
v 360 -7.3619 -18.5958
v 360 -12.606 -15.5271
v 360 -14.1421 -14.1421
v 360 -15.5271 -12.606
v 360 -18.5958 -7.36189
v 360 -19.228 -5.50316
v 360 -19.6661 -3.63926
v 360 -19.9191 -1.79709
g pipe_air
f 5556 5557 5472
f 5557 5473 5472
f 5472 5473 5463
f 5463 5399 5400
f 5473 5399 5463
f 5558 5474 5557
f 5474 5473 5557
f 5401 5473 5474
f 5401 5399 5473
f 5400 5399 5335
f 5399 5336 5335
f 5399 5401 5336
f 5401 5337 5336
f 5559 5475 5558
f 5475 5474 5558
f 5402 5474 5475
f 5402 5401 5474
f 5560 5520 5559
f 5520 5475 5559
f 5455 5475 5520
f 5455 5402 5475
f 5401 5402 5337
f 5402 5338 5337
f 5402 5455 5338
f 5455 5391 5338
f 5540 5464 5560
f 5464 5520 5560
f 5403 5520 5464
f 5403 5455 5520
f 5541 5476 5540
f 5476 5464 5540
f 5404 5464 5476
f 5404 5403 5464
f 5455 5403 5391
f 5403 5339 5391
f 5403 5404 5339
f 5404 5340 5339
f 5561 5477 5541
f 5477 5476 5541
f 5405 5476 5477
f 5405 5404 5476
f 5562 5478 5561
f 5478 5477 5561
f 5406 5477 5478
f 5406 5405 5477
f 5404 5405 5340
f 5405 5341 5340
f 5405 5406 5341
f 5406 5342 5341
f 5563 5479 5562
f 5479 5478 5562
f 5407 5478 5479
f 5407 5406 5478
f 5542 5480 5563
f 5480 5479 5563
f 5408 5479 5480
f 5408 5407 5479
f 5406 5407 5342
f 5407 5343 5342
f 5407 5408 5343
f 5408 5344 5343
f 5543 5465 5542
f 5465 5480 5542
f 5409 5480 5465
f 5409 5408 5480
f 5564 5521 5543
f 5521 5465 5543
f 5456 5465 5521
f 5456 5409 5465
f 5408 5409 5344
f 5409 5345 5344
f 5409 5456 5345
f 5456 5392 5345
f 5565 5481 5564
f 5481 5521 5564
f 5410 5521 5481
f 5410 5456 5521
f 5566 5482 5565
f 5482 5481 5565
f 5411 5481 5482
f 5411 5410 5481
f 5456 5410 5392
f 5410 5346 5392
f 5410 5411 5346
f 5411 5347 5346
f 5567 5483 5566
f 5483 5482 5566
f 5412 5482 5483
f 5412 5411 5482
f 5568 5484 5567
f 5484 5483 5567
f 5413 5483 5484
f 5413 5412 5483
f 5411 5412 5347
f 5412 5348 5347
f 5412 5413 5348
f 5413 5349 5348
f 5569 5485 5568
f 5485 5484 5568
f 5414 5484 5485
f 5414 5413 5484
f 5570 5486 5569
f 5486 5485 5569
f 5415 5485 5486
f 5415 5414 5485
f 5413 5414 5349
f 5414 5350 5349
f 5414 5415 5350
f 5415 5351 5350
f 5571 5487 5570
f 5487 5486 5570
f 5416 5486 5487
f 5416 5415 5486
f 5572 5522 5571
f 5522 5487 5571
f 5457 5487 5522
f 5457 5416 5487
f 5415 5416 5351
f 5416 5352 5351
f 5416 5457 5352
f 5457 5393 5352
f 5544 5466 5572
f 5466 5522 5572
f 5417 5522 5466
f 5417 5457 5522
f 5545 5488 5544
f 5488 5466 5544
f 5418 5466 5488
f 5418 5417 5466
f 5457 5417 5393
f 5417 5353 5393
f 5417 5418 5353
f 5418 5354 5353
f 5573 5489 5545
f 5489 5488 5545
f 5419 5488 5489
f 5419 5418 5488
f 5574 5490 5573
f 5490 5489 5573
f 5420 5489 5490
f 5420 5419 5489
f 5418 5419 5354
f 5419 5355 5354
f 5419 5420 5355
f 5420 5356 5355
f 5575 5491 5574
f 5491 5490 5574
f 5421 5490 5491
f 5421 5420 5490
f 5546 5492 5575
f 5492 5491 5575
f 5422 5491 5492
f 5422 5421 5491
f 5420 5421 5356
f 5421 5357 5356
f 5421 5422 5357
f 5422 5358 5357
f 5547 5467 5546
f 5467 5492 5546
f 5423 5492 5467
f 5423 5422 5492
f 5576 5523 5547
f 5523 5467 5547
f 5458 5467 5523
f 5458 5423 5467
f 5422 5423 5358
f 5423 5359 5358
f 5423 5458 5359
f 5458 5394 5359
f 5577 5493 5576
f 5493 5523 5576
f 5424 5523 5493
f 5424 5458 5523
f 5578 5494 5577
f 5494 5493 5577
f 5425 5493 5494
f 5425 5424 5493
f 5458 5424 5394
f 5424 5360 5394
f 5424 5425 5360
f 5425 5361 5360
f 5579 5495 5578
f 5495 5494 5578
f 5426 5494 5495
f 5426 5425 5494
f 5580 5496 5579
f 5496 5495 5579
f 5427 5495 5496
f 5427 5426 5495
f 5425 5426 5361
f 5426 5362 5361
f 5426 5427 5362
f 5427 5363 5362
f 5581 5497 5580
f 5497 5496 5580
f 5428 5496 5497
f 5428 5427 5496
f 5582 5498 5581
f 5498 5497 5581
f 5429 5497 5498
f 5429 5428 5497
f 5427 5428 5363
f 5428 5364 5363
f 5428 5429 5364
f 5429 5365 5364
f 5583 5499 5582
f 5499 5498 5582
f 5430 5498 5499
f 5430 5429 5498
f 5584 5524 5583
f 5524 5499 5583
f 5459 5499 5524
f 5459 5430 5499
f 5429 5430 5365
f 5430 5366 5365
f 5430 5459 5366
f 5459 5395 5366
f 5548 5468 5584
f 5468 5524 5584
f 5431 5524 5468
f 5431 5459 5524
f 5549 5500 5548
f 5500 5468 5548
f 5432 5468 5500
f 5432 5431 5468
f 5459 5431 5395
f 5431 5367 5395
f 5431 5432 5367
f 5432 5368 5367
f 5585 5501 5549
f 5501 5500 5549
f 5433 5500 5501
f 5433 5432 5500
f 5586 5502 5585
f 5502 5501 5585
f 5434 5501 5502
f 5434 5433 5501
f 5432 5433 5368
f 5433 5369 5368
f 5433 5434 5369
f 5434 5370 5369
f 5587 5503 5586
f 5503 5502 5586
f 5435 5502 5503
f 5435 5434 5502
f 5550 5504 5587
f 5504 5503 5587
f 5436 5503 5504
f 5436 5435 5503
f 5434 5435 5370
f 5435 5371 5370
f 5435 5436 5371
f 5436 5372 5371
f 5551 5469 5550
f 5469 5504 5550
f 5437 5504 5469
f 5437 5436 5504
f 5588 5525 5551
f 5525 5469 5551
f 5460 5469 5525
f 5460 5437 5469
f 5436 5437 5372
f 5437 5373 5372
f 5437 5460 5373
f 5460 5396 5373
f 5589 5505 5588
f 5505 5525 5588
f 5438 5525 5505
f 5438 5460 5525
f 5590 5506 5589
f 5506 5505 5589
f 5439 5505 5506
f 5439 5438 5505
f 5460 5438 5396
f 5438 5374 5396
f 5438 5439 5374
f 5439 5375 5374
f 5591 5507 5590
f 5507 5506 5590
f 5440 5506 5507
f 5440 5439 5506
f 5592 5508 5591
f 5508 5507 5591
f 5441 5507 5508
f 5441 5440 5507
f 5439 5440 5375
f 5440 5376 5375
f 5440 5441 5376
f 5441 5377 5376
f 5593 5509 5592
f 5509 5508 5592
f 5442 5508 5509
f 5442 5441 5508
f 5594 5510 5593
f 5510 5509 5593
f 5443 5509 5510
f 5443 5442 5509
f 5441 5442 5377
f 5442 5378 5377
f 5442 5443 5378
f 5443 5379 5378
f 5595 5511 5594
f 5511 5510 5594
f 5444 5510 5511
f 5444 5443 5510
f 5596 5526 5595
f 5526 5511 5595
f 5461 5511 5526
f 5461 5444 5511
f 5443 5444 5379
f 5444 5380 5379
f 5444 5461 5380
f 5461 5397 5380
f 5552 5470 5596
f 5470 5526 5596
f 5445 5526 5470
f 5445 5461 5526
f 5553 5512 5552
f 5512 5470 5552
f 5446 5470 5512
f 5446 5445 5470
f 5461 5445 5397
f 5445 5381 5397
f 5445 5446 5381
f 5446 5382 5381
f 5597 5513 5553
f 5513 5512 5553
f 5447 5512 5513
f 5447 5446 5512
f 5598 5514 5597
f 5514 5513 5597
f 5448 5513 5514
f 5448 5447 5513
f 5446 5447 5382
f 5447 5383 5382
f 5447 5448 5383
f 5448 5384 5383
f 5599 5515 5598
f 5515 5514 5598
f 5449 5514 5515
f 5449 5448 5514
f 5554 5516 5599
f 5516 5515 5599
f 5450 5515 5516
f 5450 5449 5515
f 5448 5449 5384
f 5449 5385 5384
f 5449 5450 5385
f 5450 5386 5385
f 5555 5471 5554
f 5471 5516 5554
f 5451 5516 5471
f 5451 5450 5516
f 5600 5527 5555
f 5527 5471 5555
f 5462 5471 5527
f 5462 5451 5471
f 5450 5451 5386
f 5451 5387 5386
f 5451 5462 5387
f 5462 5398 5387
f 5601 5517 5600
f 5517 5527 5600
f 5452 5527 5517
f 5452 5462 5527
f 5602 5518 5601
f 5518 5517 5601
f 5453 5517 5518
f 5453 5452 5517
f 5462 5452 5398
f 5452 5388 5398
f 5452 5453 5388
f 5453 5389 5388
f 5603 5519 5602
f 5519 5518 5602
f 5454 5518 5519
f 5454 5453 5518
f 5472 5519 5556
f 5519 5603 5556
f 5400 5454 5463
f 5463 5519 5472
f 5454 5519 5463
f 5453 5454 5389
f 5454 5390 5389
f 5454 5335 5390
f 5454 5400 5335
f 5142 5143 5066
f 5143 5067 5066
f 5066 5067 5001
f 5001 4834 4835
f 5067 4834 5001
f 5144 5068 5143
f 5068 5067 5143
f 4836 5067 5068
f 4836 4834 5067
f 4835 4834 4492
f 4834 4493 4492
f 4834 4836 4493
f 4836 4468 4493
f 5145 5069 5144
f 5069 5068 5144
f 4837 5068 5069
f 4837 4836 5068
f 5146 5122 5145
f 5122 5069 5145
f 4890 5069 5122
f 4890 4837 5069
f 4836 4837 4468
f 4837 4518 4468
f 4837 4890 4518
f 4890 4519 4518
f 5147 5070 5146
f 5070 5122 5146
f 4838 5122 5070
f 4838 4890 5122
f 5148 5071 5147
f 5071 5070 5147
f 4839 5070 5071
f 4839 4838 5070
f 4890 4838 4519
f 4838 4469 4519
f 4838 4839 4469
f 4839 4470 4469
f 5149 5072 5148
f 5072 5071 5148
f 4840 5071 5072
f 4840 4839 5071
f 5150 5073 5149
f 5073 5072 5149
f 4841 5072 5073
f 4841 4840 5072
f 4839 4840 4470
f 4840 4494 4470
f 4840 4841 4494
f 4841 4495 4494
f 5151 5074 5150
f 5074 5073 5150
f 4842 5073 5074
f 4842 4841 5073
f 5152 5075 5151
f 5075 5074 5151
f 4843 5074 5075
f 4843 4842 5074
f 4841 4842 4495
f 4842 4496 4495
f 4842 4843 4496
f 4843 4471 4496
f 5153 5076 5152
f 5076 5075 5152
f 4844 5075 5076
f 4844 4843 5075
f 5154 5123 5153
f 5123 5076 5153
f 4891 5076 5123
f 4891 4844 5076
f 4843 4844 4471
f 4844 4472 4471
f 4844 4891 4472
f 4891 4520 4472
f 5155 5077 5154
f 5077 5123 5154
f 4845 5123 5077
f 4845 4891 5123
f 5156 5078 5155
f 5078 5077 5155
f 4846 5077 5078
f 4846 4845 5077
f 4891 4845 4520
f 4845 4521 4520
f 4845 4846 4521
f 4846 4473 4521
f 5157 5079 5156
f 5079 5078 5156
f 4847 5078 5079
f 4847 4846 5078
f 5158 5080 5157
f 5080 5079 5157
f 4848 5079 5080
f 4848 4847 5079
f 4846 4847 4473
f 4847 4497 4473
f 4847 4848 4497
f 4848 4498 4497
f 5159 5081 5158
f 5081 5080 5158
f 4849 5080 5081
f 4849 4848 5080
f 5160 5082 5159
f 5082 5081 5159
f 4850 5081 5082
f 4850 4849 5081
f 4848 4849 4498
f 4849 4499 4498
f 4849 4850 4499
f 4850 4474 4499
f 5161 5083 5160
f 5083 5082 5160
f 4851 5082 5083
f 4851 4850 5082
f 5162 5124 5161
f 5124 5083 5161
f 4892 5083 5124
f 4892 4851 5083
f 4850 4851 4474
f 4851 4522 4474
f 4851 4892 4522
f 4892 4523 4522
f 5163 5084 5162
f 5084 5124 5162
f 4852 5124 5084
f 4852 4892 5124
f 5164 5085 5163
f 5085 5084 5163
f 4853 5084 5085
f 4853 4852 5084
f 4892 4852 4523
f 4852 4475 4523
f 4852 4853 4475
f 4853 4476 4475
f 5165 5086 5164
f 5086 5085 5164
f 4854 5085 5086
f 4854 4853 5085
f 5166 5087 5165
f 5087 5086 5165
f 4855 5086 5087
f 4855 4854 5086
f 4853 4854 4476
f 4854 4500 4476
f 4854 4855 4500
f 4855 4501 4500
f 5167 5088 5166
f 5088 5087 5166
f 4856 5087 5088
f 4856 4855 5087
f 5168 5089 5167
f 5089 5088 5167
f 4857 5088 5089
f 4857 4856 5088
f 4855 4856 4501
f 4856 4502 4501
f 4856 4857 4502
f 4857 4477 4502
f 5169 5090 5168
f 5090 5089 5168
f 4858 5089 5090
f 4858 4857 5089
f 5170 5125 5169
f 5125 5090 5169
f 4893 5090 5125
f 4893 4858 5090
f 4857 4858 4477
f 4858 4478 4477
f 4858 4893 4478
f 4893 4524 4478
f 5171 5091 5170
f 5091 5125 5170
f 4859 5125 5091
f 4859 4893 5125
f 5172 5092 5171
f 5092 5091 5171
f 4860 5091 5092
f 4860 4859 5091
f 4893 4859 4524
f 4859 4525 4524
f 4859 4860 4525
f 4860 4479 4525
f 5173 5093 5172
f 5093 5092 5172
f 4861 5092 5093
f 4861 4860 5092
f 5174 5094 5173
f 5094 5093 5173
f 4862 5093 5094
f 4862 4861 5093
f 4860 4861 4479
f 4861 4503 4479
f 4861 4862 4503
f 4862 4504 4503
f 5175 5095 5174
f 5095 5094 5174
f 4863 5094 5095
f 4863 4862 5094
f 5176 5096 5175
f 5096 5095 5175
f 4864 5095 5096
f 4864 4863 5095
f 4862 4863 4504
f 4863 4505 4504
f 4863 4864 4505
f 4864 4480 4505
f 5177 5097 5176
f 5097 5096 5176
f 4865 5096 5097
f 4865 4864 5096
f 5178 5126 5177
f 5126 5097 5177
f 4894 5097 5126
f 4894 4865 5097
f 4864 4865 4480
f 4865 4526 4480
f 4865 4894 4526
f 4894 4527 4526
f 5179 5098 5178
f 5098 5126 5178
f 4866 5126 5098
f 4866 4894 5126
f 5180 5099 5179
f 5099 5098 5179
f 4867 5098 5099
f 4867 4866 5098
f 4894 4866 4527
f 4866 4481 4527
f 4866 4867 4481
f 4867 4482 4481
f 5181 5100 5180
f 5100 5099 5180
f 4868 5099 5100
f 4868 4867 5099
f 5182 5101 5181
f 5101 5100 5181
f 4869 5100 5101
f 4869 4868 5100
f 4867 4868 4482
f 4868 4506 4482
f 4868 4869 4506
f 4869 4507 4506
f 5183 5102 5182
f 5102 5101 5182
f 4870 5101 5102
f 4870 4869 5101
f 5184 5103 5183
f 5103 5102 5183
f 4871 5102 5103
f 4871 4870 5102
f 4869 4870 4507
f 4870 4508 4507
f 4870 4871 4508
f 4871 4483 4508
f 5185 5104 5184
f 5104 5103 5184
f 4872 5103 5104
f 4872 4871 5103
f 5186 5127 5185
f 5127 5104 5185
f 4895 5104 5127
f 4895 4872 5104
f 4871 4872 4483
f 4872 4484 4483
f 4872 4895 4484
f 4895 4528 4484
f 5187 5105 5186
f 5105 5127 5186
f 4873 5127 5105
f 4873 4895 5127
f 5188 5106 5187
f 5106 5105 5187
f 4874 5105 5106
f 4874 4873 5105
f 4895 4873 4528
f 4873 4529 4528
f 4873 4874 4529
f 4874 4485 4529
f 5189 5107 5188
f 5107 5106 5188
f 4875 5106 5107
f 4875 4874 5106
f 5190 5108 5189
f 5108 5107 5189
f 4876 5107 5108
f 4876 4875 5107
f 4874 4875 4485
f 4875 4509 4485
f 4875 4876 4509
f 4876 4510 4509
f 5191 5109 5190
f 5109 5108 5190
f 4877 5108 5109
f 4877 4876 5108
f 5192 5110 5191
f 5110 5109 5191
f 4878 5109 5110
f 4878 4877 5109
f 4876 4877 4510
f 4877 4511 4510
f 4877 4878 4511
f 4878 4486 4511
f 5193 5111 5192
f 5111 5110 5192
f 4879 5110 5111
f 4879 4878 5110
f 5194 5128 5193
f 5128 5111 5193
f 4896 5111 5128
f 4896 4879 5111
f 4878 4879 4486
f 4879 4530 4486
f 4879 4896 4530
f 4896 4531 4530
f 5195 5112 5194
f 5112 5128 5194
f 4880 5128 5112
f 4880 4896 5128
f 5196 5113 5195
f 5113 5112 5195
f 4881 5112 5113
f 4881 4880 5112
f 4896 4880 4531
f 4880 4487 4531
f 4880 4881 4487
f 4881 4488 4487
f 5197 5114 5196
f 5114 5113 5196
f 4882 5113 5114
f 4882 4881 5113
f 5198 5115 5197
f 5115 5114 5197
f 4883 5114 5115
f 4883 4882 5114
f 4881 4882 4488
f 4882 4512 4488
f 4882 4883 4512
f 4883 4513 4512
f 5199 5116 5198
f 5116 5115 5198
f 4884 5115 5116
f 4884 4883 5115
f 5200 5117 5199
f 5117 5116 5199
f 4885 5116 5117
f 4885 4884 5116
f 4883 4884 4513
f 4884 4514 4513
f 4884 4885 4514
f 4885 4489 4514
f 5201 5118 5200
f 5118 5117 5200
f 4886 5117 5118
f 4886 4885 5117
f 5202 5129 5201
f 5129 5118 5201
f 4897 5118 5129
f 4897 4886 5118
f 4885 4886 4489
f 4886 4490 4489
f 4886 4897 4490
f 4897 4532 4490
f 5203 5119 5202
f 5119 5129 5202
f 4887 5129 5119
f 4887 4897 5129
f 5204 5120 5203
f 5120 5119 5203
f 4888 5119 5120
f 4888 4887 5119
f 4897 4887 4532
f 4887 4533 4532
f 4887 4888 4533
f 4888 4491 4533
f 5205 5121 5204
f 5121 5120 5204
f 4889 5120 5121
f 4889 4888 5120
f 5066 5121 5142
f 5121 5205 5142
f 4835 4889 5001
f 5001 5121 5066
f 4889 5121 5001
f 4888 4889 4491
f 4889 4515 4491
f 4889 4492 4515
f 4889 4835 4492
f 5335 5390 5273
f 5390 5274 5273
f 5273 5274 5270
f 5270 5002 5003
f 5274 5002 5270
f 5389 5275 5390
f 5275 5274 5390
f 5004 5274 5275
f 5004 5002 5274
f 5003 5002 4081
f 5002 4082 4081
f 5002 5004 4082
f 5004 4033 4082
f 5388 5276 5389
f 5276 5275 5389
f 5005 5275 5276
f 5005 5004 5275
f 5398 5277 5388
f 5277 5276 5388
f 5058 5276 5277
f 5058 5005 5276
f 5004 5005 4033
f 5005 4129 4033
f 5005 5058 4129
f 5058 4130 4129
f 5387 5278 5398
f 5278 5277 5398
f 5006 5277 5278
f 5006 5058 5277
f 5386 5279 5387
f 5279 5278 5387
f 5007 5278 5279
f 5007 5006 5278
f 5058 5006 4130
f 5006 4034 4130
f 5006 5007 4034
f 5007 4035 4034
f 5385 5280 5386
f 5280 5279 5386
f 5008 5279 5280
f 5008 5007 5279
f 5384 5281 5385
f 5281 5280 5385
f 5009 5280 5281
f 5009 5008 5280
f 5007 5008 4035
f 5008 4083 4035
f 5008 5009 4083
f 5009 4084 4083
f 5383 5282 5384
f 5282 5281 5384
f 5010 5281 5282
f 5010 5009 5281
f 5382 5283 5383
f 5283 5282 5383
f 5011 5282 5283
f 5011 5010 5282
f 5009 5010 4084
f 5010 4085 4084
f 5010 5011 4085
f 5011 4036 4085
f 5381 5284 5382
f 5284 5283 5382
f 5012 5283 5284
f 5012 5011 5283
f 5397 5285 5381
f 5285 5284 5381
f 5059 5284 5285
f 5059 5012 5284
f 5011 5012 4036
f 5012 4037 4036
f 5012 5059 4037
f 5059 4149 4037
f 5380 5286 5397
f 5286 5285 5397
f 5013 5285 5286
f 5013 5059 5285
f 5379 5287 5380
f 5287 5286 5380
f 5014 5286 5287
f 5014 5013 5286
f 5059 5013 4149
f 5013 4131 4149
f 5013 5014 4131
f 5014 4038 4131
f 5378 5288 5379
f 5288 5287 5379
f 5015 5287 5288
f 5015 5014 5287
f 5377 5289 5378
f 5289 5288 5378
f 5016 5288 5289
f 5016 5015 5288
f 5014 5015 4038
f 5015 4086 4038
f 5015 5016 4086
f 5016 4087 4086
f 5376 5290 5377
f 5290 5289 5377
f 5017 5289 5290
f 5017 5016 5289
f 5375 5291 5376
f 5291 5290 5376
f 5018 5290 5291
f 5018 5017 5290
f 5016 5017 4087
f 5017 4088 4087
f 5017 5018 4088
f 5018 4039 4088
f 5374 5292 5375
f 5292 5291 5375
f 5019 5291 5292
f 5019 5018 5291
f 5396 5293 5374
f 5293 5292 5374
f 5060 5292 5293
f 5060 5019 5292
f 5018 5019 4039
f 5019 4132 4039
f 5019 5060 4132
f 5060 4150 4132
f 5373 5294 5396
f 5294 5293 5396
f 5020 5293 5294
f 5020 5060 5293
f 5372 5271 5373
f 5271 5294 5373
f 5021 5294 5271
f 5021 5020 5294
f 5060 5020 4150
f 5020 4040 4150
f 5020 5021 4040
f 5021 4041 4040
f 5371 5295 5372
f 5295 5271 5372
f 5022 5271 5295
f 5022 5021 5271
f 5370 5296 5371
f 5296 5295 5371
f 5023 5295 5296
f 5023 5022 5295
f 5021 5022 4041
f 5022 4125 4041
f 5022 5023 4125
f 5023 4089 4125
f 5369 5297 5370
f 5297 5296 5370
f 5024 5296 5297
f 5024 5023 5296
f 5368 5298 5369
f 5298 5297 5369
f 5025 5297 5298
f 5025 5024 5297
f 5023 5024 4089
f 5024 4090 4089
f 5024 5025 4090
f 5025 4042 4090
f 5367 5299 5368
f 5299 5298 5368
f 5026 5298 5299
f 5026 5025 5298
f 5395 5300 5367
f 5300 5299 5367
f 5061 5299 5300
f 5061 5026 5299
f 4589 4585 5026
f 4581 4567 5026
f 4555 5026 4564
f 4552 5026 4555
f 4567 4564 5026
f 4542 5025 4545
f 5025 5026 4545
f 4552 4545 5026
f 4585 4581 5026
f 4516 4461 4042
f 4042 4458 4043
f 4461 4458 4042
f 4451 4043 4458
f 5025 4516 4042
f 4451 4448 4043
f 4535 4516 5025
f 4439 4436 4043
f 4043 4429 4426
f 4436 4429 4043
f 4426 4418 4043
f 4448 4439 4043
f 4542 4535 5025
f 4629 4627 5061
f 5061 4618 5026
f 4627 4618 5061
f 4615 5026 4618
f 4635 4629 5061
f 4607 4603 5026
f 4603 4599 5026
f 4589 5026 4599
f 4615 4607 5026
f 4416 4411 4043
f 4043 4404 4402
f 4411 4404 4043
f 4043 4397 4151
f 4402 4397 4043
f 4418 4416 4043
f 4384 4380 4151
f 4380 4373 4151
f 4397 4384 4151
f 5366 5301 5395
f 5301 5300 5395
f 5027 5300 5301
f 5027 5061 5300
f 5365 5302 5366
f 5302 5301 5366
f 5028 5301 5302
f 5028 5027 5301
f 5061 5027 4657
f 5027 4660 4657
f 4657 4647 5061
f 4645 5061 4647
f 4669 4660 5027
f 5061 4643 4635
f 4645 4643 5061
f 4371 4368 4151
f 4151 4363 4361
f 4368 4363 4151
f 4361 4133 4151
f 4373 4371 4151
f 4358 4351 4133
f 4351 4350 4133
f 4361 4358 4133
f 5027 5028 4686
f 5028 4697 4686
f 4686 4683 5027
f 4677 5027 4683
f 4699 4697 5028
f 4673 5027 4675
f 4669 5027 4673
f 4677 4675 5027
f 4347 4344 4133
f 4133 4342 4339
f 4344 4342 4133
f 4339 4044 4133
f 4350 4347 4133
f 4332 4329 4044
f 4329 4325 4044
f 4339 4332 4044
f 5364 5303 5365
f 5303 5302 5365
f 5029 5302 5303
f 5029 5028 5302
f 5363 5304 5364
f 5304 5303 5364
f 5030 5303 5304
f 5030 5029 5303
f 5028 5029 4713
f 5029 4720 4713
f 4713 4710 5028
f 4704 5028 4710
f 4722 4720 5029
f 4704 4699 5028
f 4323 4321 4044
f 4044 4318 4091
f 4321 4318 4044
f 4311 4091 4318
f 4325 4323 4044
f 4091 4308 4307
f 4311 4308 4091
f 4726 5029 4734
f 4734 5030 4737
f 5029 5030 4734
f 4742 4737 5030
f 5029 4724 4722
f 4726 4724 5029
f 4304 4302 4091
f 4091 4300 4092
f 4302 4300 4091
f 4292 4092 4300
f 4307 4304 4091
f 4292 4291 4092
f 5362 5305 5363
f 5305 5304 5363
f 5031 5304 5305
f 5031 5030 5304
f 5361 5306 5362
f 5306 5305 5362
f 5032 5305 5306
f 5032 5031 5305
f 4738 5030 4735
f 4735 5031 4731
f 5030 5031 4735
f 4723 4731 5031
f 5030 4740 4742
f 4738 4740 5030
f 4294 4298 4092
f 4092 4301 4093
f 4298 4301 4092
f 4305 4093 4301
f 4291 4294 4092
f 4305 4306 4093
f 5031 5032 4711
f 5032 4707 4711
f 4711 4714 5031
f 4718 5031 4714
f 4700 4707 5032
f 5031 4721 4723
f 4718 4721 5031
f 4309 4313 4093
f 4093 4315 4045
f 4313 4315 4093
f 4319 4045 4315
f 4306 4309 4093
f 4319 4324 4045
f 5360 5307 5361
f 5307 5306 5361
f 5033 5306 5307
f 5033 5032 5306
f 5394 5308 5360
f 5308 5307 5360
f 5062 5307 5308
f 5062 5033 5307
f 4674 4680 5033
f 5033 4684 5032
f 4680 4684 5033
f 4691 5032 4684
f 4670 4674 5033
f 4698 5032 4693
f 4700 5032 4698
f 4691 4693 5032
f 4330 4334 4045
f 4334 4336 4045
f 4134 4045 4336
f 4324 4330 4045
f 4340 4346 4134
f 4346 4348 4134
f 4349 4134 4348
f 4336 4340 4134
f 4639 4644 5062
f 5062 4654 5033
f 4644 4654 5062
f 4658 5033 4654
f 4636 4639 5062
f 4667 5033 4661
f 4670 5033 4667
f 4658 4661 5033
f 4353 4355 4134
f 4355 4359 4134
f 4152 4134 4359
f 4349 4353 4134
f 4369 4152 4365
f 4372 4152 4369
f 4359 4365 4152
f 5359 5309 5394
f 5309 5308 5394
f 5034 5308 5309
f 5034 5062 5308
f 5358 5310 5359
f 5310 5309 5359
f 5035 5309 5310
f 5035 5034 5309
f 4595 4600 5034
f 5034 4612 4616
f 4600 4612 5034
f 4616 5062 5034
f 4590 4595 5034
f 4623 4628 5062
f 4636 5062 4628
f 4616 4623 5062
f 4377 4381 4152
f 4381 4389 4152
f 4372 4377 4152
f 4152 4394 4046
f 4408 4046 4398
f 4412 4046 4408
f 4394 4398 4046
f 4412 4417 4046
f 4389 4394 4152
f 4046 4417 4423
f 4427 4433 4046
f 4046 4437 4443
f 4433 4437 4046
f 4449 4046 4444
f 4443 4444 4046
f 4423 4427 4046
f 4459 4465 4047
f 4047 4517 5035
f 4465 4517 4047
f 4539 5035 4517
f 4455 4459 4047
f 4549 5034 4543
f 5034 5035 4543
f 4539 4543 5035
f 4046 4455 4047
f 4553 4559 5034
f 5034 4561 4565
f 4559 4561 5034
f 4582 5034 4577
f 4590 5034 4582
f 4565 4577 5034
f 4549 4553 5034
f 4449 4455 4046
f 5357 5311 5358
f 5311 5310 5358
f 5036 5310 5311
f 5036 5035 5310
f 5356 5312 5357
f 5312 5311 5357
f 5037 5311 5312
f 5037 5036 5311
f 5035 5036 4047
f 5036 4094 4047
f 5036 5037 4094
f 5037 4095 4094
f 5355 5313 5356
f 5313 5312 5356
f 5038 5312 5313
f 5038 5037 5312
f 5354 5272 5355
f 5272 5313 5355
f 5039 5313 5272
f 5039 5038 5313
f 5037 5038 4095
f 5038 4126 4095
f 5038 5039 4126
f 5039 4048 4126
f 5353 5314 5354
f 5314 5272 5354
f 5040 5272 5314
f 5040 5039 5272
f 5393 5315 5353
f 5315 5314 5353
f 5063 5314 5315
f 5063 5040 5314
f 5039 5040 4048
f 5040 4049 4048
f 5040 5063 4049
f 5063 4153 4049
f 5352 5316 5393
f 5316 5315 5393
f 5041 5315 5316
f 5041 5063 5315
f 5351 5317 5352
f 5317 5316 5352
f 5042 5316 5317
f 5042 5041 5316
f 5063 5041 4153
f 5041 4135 4153
f 5041 5042 4135
f 5042 4050 4135
f 5350 5318 5351
f 5318 5317 5351
f 5043 5317 5318
f 5043 5042 5317
f 5349 5319 5350
f 5319 5318 5350
f 5044 5318 5319
f 5044 5043 5318
f 5042 5043 4050
f 5043 4096 4050
f 5043 5044 4096
f 5044 4097 4096
f 5348 5320 5349
f 5320 5319 5349
f 5045 5319 5320
f 5045 5044 5319
f 5347 5321 5348
f 5321 5320 5348
f 5046 5320 5321
f 5046 5045 5320
f 5044 5045 4097
f 5045 4098 4097
f 5045 5046 4098
f 5046 4051 4098
f 5346 5322 5347
f 5322 5321 5347
f 5047 5321 5322
f 5047 5046 5321
f 5392 5323 5346
f 5323 5322 5346
f 5064 5322 5323
f 5064 5047 5322
f 5046 5047 4051
f 5047 4136 4051
f 5047 5064 4136
f 5064 4154 4136
f 5345 5324 5392
f 5324 5323 5392
f 5048 5323 5324
f 5048 5064 5323
f 5344 5325 5345
f 5325 5324 5345
f 5049 5324 5325
f 5049 5048 5324
f 5064 5048 4154
f 5048 4052 4154
f 5048 5049 4052
f 5049 4053 4052
f 5343 5326 5344
f 5326 5325 5344
f 5050 5325 5326
f 5050 5049 5325
f 5342 5327 5343
f 5327 5326 5343
f 5051 5326 5327
f 5051 5050 5326
f 5049 5050 4053
f 5050 4099 4053
f 5050 5051 4099
f 5051 4100 4099
f 5341 5328 5342
f 5328 5327 5342
f 5052 5327 5328
f 5052 5051 5327
f 5340 5329 5341
f 5329 5328 5341
f 5053 5328 5329
f 5053 5052 5328
f 5051 5052 4100
f 5052 4101 4100
f 5052 5053 4101
f 5053 4054 4101
f 5339 5330 5340
f 5330 5329 5340
f 5054 5329 5330
f 5054 5053 5329
f 5391 5331 5339
f 5331 5330 5339
f 5065 5330 5331
f 5065 5054 5330
f 5053 5054 4054
f 5054 4055 4054
f 5054 5065 4055
f 5065 4137 4055
f 5338 5332 5391
f 5332 5331 5391
f 5055 5331 5332
f 5055 5065 5331
f 5337 5333 5338
f 5333 5332 5338
f 5056 5332 5333
f 5056 5055 5332
f 5065 5055 4137
f 5055 4138 4137
f 5055 5056 4138
f 5056 4056 4138
f 5336 5334 5337
f 5334 5333 5337
f 5057 5333 5334
f 5057 5056 5333
f 5273 5334 5335
f 5334 5336 5335
f 5003 5057 5270
f 5270 5334 5273
f 5057 5334 5270
f 5056 5057 4056
f 5057 4102 4056
f 5057 4081 4102
f 5057 5003 4081
f 4081 4102 3853
f 4102 3855 3853
f 3855 3627 3853
f 3627 3625 3853
f 4056 3863 4102
f 3863 3855 4102
f 3631 3855 3863
f 3631 3627 3855
f 3627 3395 3625
f 3395 3389 3625
f 3395 3141 3389
f 3141 3139 3389
f 3399 3627 3631
f 3399 3395 3627
f 3153 3395 3399
f 3153 3141 3395
f 4138 3867 4056
f 3867 3863 4056
f 3643 3863 3867
f 3643 3631 3863
f 4137 3877 4138
f 3877 3867 4138
f 3651 3867 3877
f 3651 3643 3867
f 3411 3631 3643
f 3411 3399 3631
f 3161 3399 3411
f 3161 3153 3399
f 3419 3643 3651
f 3419 3411 3643
f 3165 3411 3419
f 3165 3161 3411
f 3141 2873 3139
f 2873 2867 3139
f 2873 2539 2867
f 2539 2533 2867
f 2877 3141 3153
f 2877 2873 3141
f 2555 2873 2877
f 2555 2539 2873
f 2539 2148 2533
f 2148 2146 2533
f 2148 1894 2146
f 1894 1892 2146
f 2156 2539 2555
f 2156 2148 2539
f 1918 2148 2156
f 1918 1894 2148
f 2893 3153 3161
f 2893 2877 3153
f 2573 2877 2893
f 2573 2555 2877
f 2186 2555 2573
f 2186 2156 2555
f 1922 2156 2186
f 1922 1918 2156
f 2917 3161 3165
f 2917 2893 3161
f 2607 2893 2917
f 2607 2573 2893
f 2214 2573 2607
f 2214 2186 2573
f 1942 2186 2214
f 1942 1922 2186
f 4055 3881 4137
f 3881 3877 4137
f 3659 3877 3881
f 3659 3651 3877
f 4054 3889 4055
f 3889 3881 4055
f 3673 3881 3889
f 3673 3659 3881
f 3427 3651 3659
f 3427 3419 3651
f 3197 3419 3427
f 3197 3165 3419
f 3443 3659 3673
f 3443 3427 3659
f 3211 3427 3443
f 3211 3197 3427
f 4101 3893 4054
f 3893 3889 4054
f 3685 3889 3893
f 3685 3673 3889
f 4100 3901 4101
f 3901 3893 4101
f 3689 3893 3901
f 3689 3685 3893
f 3469 3673 3685
f 3469 3443 3673
f 3235 3443 3469
f 3235 3211 3443
f 3481 3685 3689
f 3481 3469 3685
f 3255 3469 3481
f 3255 3235 3469
f 2931 3165 3197
f 2931 2917 3165
f 2627 2917 2931
f 2627 2607 2917
f 2238 2607 2627
f 2238 2214 2607
f 1976 2214 2238
f 1976 1942 2214
f 2955 3197 3211
f 2955 2931 3197
f 2665 2931 2955
f 2665 2627 2931
f 2288 2627 2665
f 2288 2238 2627
f 2016 2238 2288
f 2016 1976 2238
f 2989 3211 3235
f 2989 2955 3211
f 2715 2955 2989
f 2715 2665 2955
f 2330 2665 2715
f 2330 2288 2665
f 2048 2288 2330
f 2048 2016 2288
f 3021 3235 3255
f 3021 2989 3235
f 2763 2989 3021
f 2763 2715 2989
f 2416 2715 2763
f 2416 2330 2715
f 2114 2330 2416
f 2114 2048 2330
f 1894 1688 1892
f 1688 1682 1892
f 1688 1496 1682
f 1496 1494 1682
f 1696 1894 1918
f 1696 1688 1894
f 1516 1688 1696
f 1516 1496 1688
f 1496 1330 1494
f 1330 1328 1494
f 1330 1182 1328
f 1182 1180 1328
f 1338 1496 1516
f 1338 1330 1496
f 1186 1330 1338
f 1186 1182 1330
f 1712 1918 1922
f 1712 1696 1918
f 1528 1696 1712
f 1528 1516 1696
f 1350 1516 1528
f 1350 1338 1516
f 1198 1338 1350
f 1198 1186 1338
f 1730 1922 1942
f 1730 1712 1922
f 1556 1712 1730
f 1556 1528 1712
f 1376 1528 1556
f 1376 1350 1528
f 1230 1350 1376
f 1230 1198 1350
f 1182 1038 1180
f 1038 1032 1180
f 1038 908 1032
f 908 906 1032
f 1054 1182 1186
f 1054 1038 1182
f 924 1038 1054
f 924 908 1038
f 908 796 906
f 796 794 906
f 796 700 794
f 700 694 794
f 804 908 924
f 804 796 908
f 712 796 804
f 712 700 796
f 1074 1186 1198
f 1074 1054 1186
f 942 1054 1074
f 942 924 1054
f 824 924 942
f 824 804 924
f 720 804 824
f 720 712 804
f 1098 1198 1230
f 1098 1074 1198
f 962 1074 1098
f 962 942 1074
f 858 942 962
f 858 824 942
f 754 824 858
f 754 720 824
f 1766 1942 1976
f 1766 1730 1942
f 1568 1730 1766
f 1568 1556 1730
f 1416 1556 1568
f 1416 1376 1556
f 1252 1376 1416
f 1252 1230 1376
f 1114 1230 1252
f 1114 1098 1230
f 998 1098 1114
f 998 962 1098
f 878 962 998
f 878 858 962
f 778 858 878
f 778 754 858
f 1802 1976 2016
f 1802 1766 1976
f 1614 1766 1802
f 1614 1568 1766
f 1444 1568 1614
f 1444 1416 1568
f 1288 1416 1444
f 1288 1252 1416
f 1160 1252 1288
f 1160 1114 1252
f 1024 1114 1160
f 1024 998 1114
f 912 998 1024
f 912 878 998
f 820 878 912
f 820 778 878
f 1838 2016 2048
f 1838 1802 2016
f 1646 1802 1838
f 1646 1614 1802
f 1486 1614 1646
f 1486 1444 1614
f 1342 1444 1486
f 1342 1288 1444
f 1202 1288 1342
f 1202 1160 1288
f 1086 1160 1202
f 1086 1024 1160
f 974 1024 1086
f 974 912 1024
f 866 912 974
f 866 820 912
f 1888 2048 2114
f 1888 1838 2048
f 1704 1838 1888
f 1704 1646 1838
f 1548 1646 1704
f 1548 1486 1646
f 1400 1486 1548
f 1400 1342 1486
f 1264 1342 1400
f 1264 1202 1342
f 1132 1202 1264
f 1132 1086 1202
f 1014 1086 1132
f 1014 974 1086
f 920 974 1014
f 920 866 974
f 4099 3905 4100
f 3905 3901 4100
f 3705 3901 3905
f 3705 3689 3901
f 4053 3913 4099
f 3913 3905 4099
f 3717 3905 3913
f 3717 3705 3905
f 3501 3689 3705
f 3501 3481 3689
f 3281 3481 3501
f 3281 3255 3481
f 3517 3705 3717
f 3517 3501 3705
f 3309 3501 3517
f 3309 3281 3501
f 4052 3917 4053
f 3917 3913 4053
f 3729 3913 3917
f 3729 3717 3913
f 4154 3925 4052
f 3925 3917 4052
f 3751 3917 3925
f 3751 3729 3917
f 3543 3717 3729
f 3543 3517 3717
f 3335 3517 3543
f 3335 3309 3517
f 3555 3729 3751
f 3555 3543 3729
f 3359 3543 3555
f 3359 3335 3543
f 3051 3255 3281
f 3051 3021 3255
f 2813 3021 3051
f 2813 2763 3021
f 2495 2763 2813
f 2495 2416 2763
f 2174 2416 2495
f 2174 2114 2416
f 3093 3281 3309
f 3093 3051 3281
f 2851 3051 3093
f 2851 2813 3051
f 2601 2813 2851
f 2601 2495 2813
f 2250 2495 2601
f 2250 2174 2495
f 3133 3309 3335
f 3133 3093 3309
f 2923 3093 3133
f 2923 2851 3093
f 2679 2851 2923
f 2679 2601 2851
f 2338 2601 2679
f 2338 2250 2601
f 3177 3335 3359
f 3177 3133 3335
f 2977 3133 3177
f 2977 2923 3133
f 2745 2923 2977
f 2745 2679 2923
f 2461 2679 2745
f 2461 2338 2679
f 4136 3933 4154
f 3933 3925 4154
f 3759 3925 3933
f 3759 3751 3925
f 4051 3941 4136
f 3941 3933 4136
f 3767 3933 3941
f 3767 3759 3933
f 3571 3751 3759
f 3571 3555 3751
f 3391 3555 3571
f 3391 3359 3555
f 3597 3759 3767
f 3597 3571 3759
f 3435 3571 3597
f 3435 3391 3571
f 4098 3949 4051
f 3949 3941 4051
f 3783 3941 3949
f 3783 3767 3941
f 4097 3961 4098
f 3961 3949 4098
f 3795 3949 3961
f 3795 3783 3949
f 3613 3767 3783
f 3613 3597 3767
f 3473 3597 3613
f 3473 3435 3597
f 3639 3783 3795
f 3639 3613 3783
f 3497 3613 3639
f 3497 3473 3613
f 3219 3359 3391
f 3219 3177 3359
f 3027 3177 3219
f 3027 2977 3177
f 2817 2977 3027
f 2817 2745 2977
f 2577 2745 2817
f 2577 2461 2745
f 3263 3391 3435
f 3263 3219 3391
f 3075 3219 3263
f 3075 3027 3219
f 2885 3027 3075
f 2885 2817 3027
f 2673 2817 2885
f 2673 2577 2817
f 3297 3435 3473
f 3297 3263 3435
f 3125 3263 3297
f 3125 3075 3263
f 2951 3075 3125
f 2951 2885 3075
f 2757 2885 2951
f 2757 2673 2885
f 3331 3473 3497
f 3331 3297 3473
f 3173 3297 3331
f 3173 3125 3297
f 3005 3125 3173
f 3005 2951 3125
f 2829 2951 3005
f 2829 2757 2951
f 1954 2114 2174
f 1954 1888 2114
f 1778 1888 1954
f 1778 1704 1888
f 1600 1704 1778
f 1600 1548 1704
f 1448 1548 1600
f 1448 1400 1548
f 1320 1400 1448
f 1320 1264 1400
f 1194 1264 1320
f 1194 1132 1264
f 1094 1132 1194
f 1094 1014 1132
f 990 1014 1094
f 990 920 1014
f 2028 2174 2250
f 2028 1954 2174
f 1826 1954 2028
f 1826 1778 1954
f 1666 1778 1826
f 1666 1600 1778
f 1524 1600 1666
f 1524 1448 1600
f 1384 1448 1524
f 1384 1320 1448
f 1268 1320 1384
f 1268 1194 1320
f 1156 1194 1268
f 1156 1094 1194
f 1062 1094 1156
f 1062 990 1094
f 2098 2250 2338
f 2098 2028 2250
f 1914 2028 2098
f 1914 1826 2028
f 1738 1826 1914
f 1738 1666 1826
f 1596 1666 1738
f 1596 1524 1666
f 1452 1524 1596
f 1452 1384 1524
f 1346 1384 1452
f 1346 1268 1384
f 1234 1268 1346
f 1234 1156 1268
f 1126 1156 1234
f 1126 1062 1156
f 2178 2338 2461
f 2178 2098 2338
f 1988 2098 2178
f 1988 1914 2098
f 1814 1914 1988
f 1814 1738 1914
f 1670 1738 1814
f 1670 1596 1738
f 1544 1596 1670
f 1544 1452 1596
f 1428 1452 1544
f 1428 1346 1452
f 1312 1346 1428
f 1312 1234 1346
f 1218 1234 1312
f 1218 1126 1234
f 2280 2461 2577
f 2280 2178 2461
f 2060 2178 2280
f 2060 1988 2178
f 1902 1988 2060
f 1902 1814 1988
f 1750 1814 1902
f 1750 1670 1814
f 1622 1670 1750
f 1622 1544 1670
f 1504 1544 1622
f 1504 1428 1544
f 1404 1428 1504
f 1404 1312 1428
f 1292 1312 1404
f 1292 1218 1312
f 2386 2577 2673
f 2386 2280 2577
f 2152 2280 2386
f 2152 2060 2280
f 1996 2060 2152
f 1996 1902 2060
f 1834 1902 1996
f 1834 1750 1902
f 1708 1750 1834
f 1708 1622 1750
f 1592 1622 1708
f 1592 1504 1622
f 1476 1504 1592
f 1476 1404 1504
f 1388 1404 1476
f 1388 1292 1404
f 2519 2673 2757
f 2519 2386 2673
f 2268 2386 2519
f 2268 2152 2386
f 2082 2152 2268
f 2082 1996 2152
f 1930 1996 2082
f 1930 1834 1996
f 1798 1834 1930
f 1798 1708 1834
f 1674 1708 1798
f 1674 1592 1708
f 1572 1592 1674
f 1572 1476 1592
f 1468 1476 1572
f 1468 1388 1476
f 2633 2757 2829
f 2633 2519 2757
f 2370 2519 2633
f 2370 2268 2519
f 2166 2268 2370
f 2166 2082 2268
f 2024 2082 2166
f 2024 1930 2082
f 1884 1930 2024
f 1884 1798 1930
f 1782 1798 1884
f 1782 1674 1798
f 1662 1674 1782
f 1662 1572 1674
f 1564 1572 1662
f 1564 1468 1572
f 700 604 694
f 604 594 694
f 604 520 594
f 520 518 594
f 616 700 712
f 616 604 700
f 532 604 616
f 532 520 604
f 520 452 518
f 452 446 518
f 452 376 446
f 376 374 446
f 456 520 532
f 456 452 520
f 388 452 456
f 388 376 452
f 632 712 720
f 632 616 712
f 544 616 632
f 544 532 616
f 478 532 544
f 478 456 532
f 414 456 478
f 414 388 456
f 654 720 754
f 654 632 720
f 574 632 654
f 574 544 632
f 498 544 574
f 498 478 544
f 426 478 498
f 426 414 478
f 376 318 374
f 318 314 374
f 318 266 314
f 266 260 314
f 330 376 388
f 330 318 376
f 278 318 330
f 278 266 318
f 266 214 260
f 214 208 260
f 214 170 208
f 170 168 208
f 226 266 278
f 226 214 266
f 178 214 226
f 178 170 214
f 346 388 414
f 346 330 388
f 290 330 346
f 290 278 330
f 238 278 290
f 238 226 278
f 196 226 238
f 196 178 226
f 366 414 426
f 366 346 414
f 310 346 366
f 310 290 346
f 270 290 310
f 270 238 290
f 222 238 270
f 222 196 238
f 686 754 778
f 686 654 754
f 596 654 686
f 596 574 654
f 528 574 596
f 528 498 574
f 460 498 528
f 460 426 498
f 406 426 460
f 406 366 426
f 354 366 406
f 354 310 366
f 298 310 354
f 298 270 310
f 252 270 298
f 252 222 270
f 724 778 820
f 724 686 778
f 646 686 724
f 646 596 686
f 570 596 646
f 570 528 596
f 502 528 570
f 502 460 528
f 438 460 502
f 438 406 460
f 380 406 438
f 380 354 406
f 342 354 380
f 342 298 354
f 294 298 342
f 294 252 298
f 774 820 866
f 774 724 820
f 690 724 774
f 690 646 724
f 624 646 690
f 624 570 646
f 548 570 624
f 548 502 570
f 490 502 548
f 490 438 502
f 434 438 490
f 434 380 438
f 384 380 434
f 384 342 380
f 350 342 384
f 350 294 342
f 834 866 920
f 834 774 866
f 750 774 834
f 750 690 774
f 674 690 750
f 674 624 690
f 600 624 674
f 600 548 624
f 540 548 600
f 540 490 548
f 494 490 540
f 494 434 490
f 442 434 494
f 442 384 434
f 410 384 442
f 410 350 384
f 170 130 168
f 130 128 168
f 130 92 128
f 92 88 128
f 140 170 178
f 140 130 170
f 112 130 140
f 112 92 130
f 92 68 88
f 68 66 88
f 68 48 66
f 48 42 66
f 80 92 112
f 80 68 92
f 52 68 80
f 52 48 68
f 160 178 196
f 160 140 178
f 124 140 160
f 124 112 140
f 96 112 124
f 96 80 112
f 76 80 96
f 76 52 80
f 182 196 222
f 182 160 196
f 152 160 182
f 152 124 160
f 120 124 152
f 120 96 124
f 104 96 120
f 104 76 96
f 48 28 42
f 28 22 42
f 28 12 22
f 12 10 22
f 38 48 52
f 38 28 48
f 24 28 38
f 24 12 28
f 12 6 10
f 6 2 10
f 6 4 2
f 4 1 2
f 18 12 24
f 18 6 12
f 16 6 18
f 16 4 6
f 56 52 76
f 56 38 52
f 44 38 56
f 44 24 38
f 34 24 44
f 34 18 24
f 32 18 34
f 32 16 18
f 84 76 104
f 84 56 76
f 72 56 84
f 72 44 56
f 62 44 72
f 62 34 44
f 60 34 62
f 60 32 34
f 218 222 252
f 218 182 222
f 186 182 218
f 186 152 182
f 156 152 186
f 156 120 152
f 134 120 156
f 134 104 120
f 116 104 134
f 116 84 104
f 108 84 116
f 108 72 84
f 100 72 108
f 100 62 72
f 90 62 100
f 90 60 62
f 256 252 294
f 256 218 252
f 230 218 256
f 230 186 218
f 200 186 230
f 200 156 186
f 174 156 200
f 174 134 156
f 164 134 174
f 164 116 134
f 148 116 164
f 148 108 116
f 144 108 148
f 144 100 108
f 138 100 144
f 138 90 100
f 302 294 350
f 302 256 294
f 282 256 302
f 282 230 256
f 242 230 282
f 242 200 230
f 234 200 242
f 234 174 200
f 210 174 234
f 210 164 174
f 204 164 210
f 204 148 164
f 192 148 204
f 192 144 148
f 190 144 192
f 190 138 144
f 362 350 410
f 362 302 350
f 334 302 362
f 334 282 302
f 306 282 334
f 306 242 282
f 286 242 306
f 286 234 242
f 274 234 286
f 274 210 234
f 262 210 274
f 262 204 210
f 248 204 262
f 248 192 204
f 246 192 248
f 246 190 192
f 894 920 990
f 894 834 920
f 808 834 894
f 808 750 834
f 734 750 808
f 734 674 750
f 670 674 734
f 670 600 674
f 612 600 670
f 612 540 600
f 562 540 612
f 562 494 540
f 514 494 562
f 514 442 494
f 464 442 514
f 464 410 442
f 430 410 464
f 430 362 410
f 402 362 430
f 402 334 362
f 370 334 402
f 370 306 334
f 358 306 370
f 358 286 306
f 338 286 358
f 338 274 286
f 326 274 338
f 326 262 274
f 322 262 326
f 322 248 262
f 316 248 322
f 316 246 248
f 966 990 1062
f 966 894 990
f 882 894 966
f 882 808 894
f 800 808 882
f 800 734 808
f 738 734 800
f 738 670 734
f 682 670 738
f 682 612 670
f 628 612 682
f 628 562 612
f 582 562 628
f 582 514 562
f 536 514 582
f 536 464 514
f 506 464 536
f 506 430 464
f 474 430 506
f 474 402 430
f 448 402 474
f 448 370 402
f 422 370 448
f 422 358 370
f 418 358 422
f 418 338 358
f 398 338 418
f 398 326 338
f 394 326 398
f 394 322 326
f 392 322 394
f 392 316 322
f 1042 1062 1126
f 1042 966 1062
f 954 966 1042
f 954 882 966
f 886 882 954
f 886 800 882
f 816 800 886
f 816 738 800
f 766 738 816
f 766 682 738
f 708 682 766
f 708 628 682
f 658 628 708
f 658 582 628
f 620 582 658
f 620 536 582
f 586 536 620
f 586 506 536
f 552 506 586
f 552 474 506
f 524 474 552
f 524 448 474
f 510 448 524
f 510 422 448
f 486 422 510
f 486 418 422
f 482 418 486
f 482 398 418
f 470 398 482
f 470 394 398
f 468 394 470
f 468 392 394
f 1118 1126 1218
f 1118 1042 1126
f 1046 1042 1118
f 1046 954 1042
f 970 954 1046
f 970 886 954
f 898 886 970
f 898 816 886
f 846 816 898
f 846 766 816
f 782 766 846
f 782 708 766
f 742 708 782
f 742 658 708
f 704 658 742
f 704 620 658
f 666 620 704
f 666 586 620
f 636 586 666
f 636 552 586
f 608 552 636
f 608 524 552
f 590 524 608
f 590 510 524
f 578 510 590
f 578 486 510
f 566 486 578
f 566 482 486
f 558 482 566
f 558 470 482
f 556 470 558
f 556 468 470
f 1206 1218 1292
f 1206 1118 1218
f 1122 1118 1206
f 1122 1046 1118
f 1058 1046 1122
f 1058 970 1046
f 994 970 1058
f 994 898 970
f 934 898 994
f 934 846 898
f 870 846 934
f 870 782 846
f 830 782 870
f 830 742 782
f 786 742 830
f 786 704 742
f 758 704 786
f 758 666 704
f 716 666 758
f 716 636 666
f 696 636 716
f 696 608 636
f 678 608 696
f 678 590 608
f 662 590 678
f 662 578 590
f 650 578 662
f 650 566 578
f 642 566 650
f 642 558 566
f 640 558 642
f 640 556 558
f 1296 1292 1388
f 1296 1206 1292
f 1226 1206 1296
f 1226 1122 1206
f 1148 1122 1226
f 1148 1058 1122
f 1082 1058 1148
f 1082 994 1058
f 1010 994 1082
f 1010 934 994
f 978 934 1010
f 978 870 934
f 916 870 978
f 916 830 870
f 874 830 916
f 874 786 830
f 850 786 874
f 850 758 786
f 812 758 850
f 812 716 758
f 790 716 812
f 790 696 716
f 770 696 790
f 770 678 696
f 762 678 770
f 762 662 678
f 746 662 762
f 746 650 662
f 730 650 746
f 730 642 650
f 728 642 730
f 728 640 642
f 1396 1388 1468
f 1396 1296 1388
f 1308 1296 1396
f 1308 1226 1296
f 1238 1226 1308
f 1238 1148 1226
f 1176 1148 1238
f 1176 1082 1148
f 1110 1082 1176
f 1110 1010 1082
f 1070 1010 1110
f 1070 978 1010
f 1006 978 1070
f 1006 916 978
f 982 916 1006
f 982 874 916
f 946 874 982
f 946 850 874
f 902 850 946
f 902 812 850
f 890 812 902
f 890 790 812
f 862 790 890
f 862 770 790
f 854 770 862
f 854 762 770
f 842 762 854
f 842 746 762
f 838 746 842
f 838 730 746
f 828 730 838
f 828 728 730
f 1472 1468 1564
f 1472 1396 1468
f 1412 1396 1472
f 1412 1308 1396
f 1334 1308 1412
f 1334 1238 1308
f 1276 1238 1334
f 1276 1176 1238
f 1210 1176 1276
f 1210 1110 1176
f 1164 1110 1210
f 1164 1070 1110
f 1106 1070 1164
f 1106 1006 1070
f 1078 1006 1106
f 1078 982 1006
f 1034 982 1078
f 1034 946 982
f 1002 946 1034
f 1002 902 946
f 986 902 1002
f 986 890 902
f 958 890 986
f 958 862 890
f 950 862 958
f 950 854 862
f 938 854 950
f 938 842 854
f 930 842 938
f 930 838 842
f 928 838 930
f 928 828 838
f 4096 3971 4097
f 3971 3961 4097
f 3813 3961 3971
f 3813 3795 3961
f 4050 3975 4096
f 3975 3971 4096
f 3817 3971 3975
f 3817 3813 3971
f 3677 3795 3813
f 3677 3639 3795
f 3521 3639 3677
f 3521 3497 3639
f 3693 3813 3817
f 3693 3677 3813
f 3547 3677 3693
f 3547 3521 3677
f 4135 3979 4050
f 3979 3975 4050
f 3829 3975 3979
f 3829 3817 3975
f 4153 3983 4135
f 3983 3979 4135
f 3837 3979 3983
f 3837 3829 3979
f 3713 3817 3829
f 3713 3693 3817
f 3575 3693 3713
f 3575 3547 3693
f 3741 3829 3837
f 3741 3713 3829
f 3601 3713 3741
f 3601 3575 3713
f 3363 3497 3521
f 3363 3331 3497
f 3223 3331 3363
f 3223 3173 3331
f 3067 3173 3223
f 3067 3005 3173
f 2909 3005 3067
f 2909 2829 3005
f 3415 3521 3547
f 3415 3363 3521
f 3277 3363 3415
f 3277 3223 3363
f 3109 3223 3277
f 3109 3067 3223
f 2981 3067 3109
f 2981 2909 3067
f 3451 3547 3575
f 3451 3415 3547
f 3317 3415 3451
f 3317 3277 3415
f 3189 3277 3317
f 3189 3109 3277
f 3043 3109 3189
f 3043 2981 3109
f 3489 3575 3601
f 3489 3451 3575
f 3355 3451 3489
f 3355 3317 3451
f 3243 3317 3355
f 3243 3189 3317
f 3101 3189 3243
f 3101 3043 3189
f 4049 3987 4153
f 3987 3983 4153
f 3849 3983 3987
f 3849 3837 3983
f 4048 3991 4049
f 3991 3987 4049
f 3885 3987 3991
f 3885 3849 3987
f 3755 3837 3849
f 3755 3741 3837
f 3621 3741 3755
f 3621 3601 3741
f 3775 3849 3885
f 3775 3755 3849
f 3669 3755 3775
f 3669 3621 3755
f 4126 3995 4048
f 3995 3991 4048
f 3897 3991 3995
f 3897 3885 3991
f 4095 3999 4126
f 3999 3995 4126
f 3909 3995 3999
f 3909 3897 3995
f 3787 3885 3897
f 3787 3775 3885
f 3701 3775 3787
f 3701 3669 3775
f 3809 3897 3909
f 3809 3787 3897
f 3721 3787 3809
f 3721 3701 3787
f 3529 3601 3621
f 3529 3489 3601
f 3407 3489 3529
f 3407 3355 3489
f 3293 3355 3407
f 3293 3243 3355
f 3169 3243 3293
f 3169 3101 3243
f 3559 3621 3669
f 3559 3529 3621
f 3455 3529 3559
f 3455 3407 3529
f 3347 3407 3455
f 3347 3293 3407
f 3239 3293 3347
f 3239 3169 3293
f 3591 3669 3701
f 3591 3559 3669
f 3493 3559 3591
f 3493 3455 3559
f 3383 3455 3493
f 3383 3347 3455
f 3285 3347 3383
f 3285 3239 3347
f 3609 3701 3721
f 3609 3591 3701
f 3535 3591 3609
f 3535 3493 3591
f 3439 3493 3535
f 3439 3383 3493
f 3339 3383 3439
f 3339 3285 3383
f 2729 2829 2909
f 2729 2633 2829
f 2515 2633 2729
f 2515 2370 2633
f 2292 2370 2515
f 2292 2166 2370
f 2118 2166 2292
f 2118 2024 2166
f 1984 2024 2118
f 1984 1884 2024
f 1856 1884 1984
f 1856 1782 1884
f 1762 1782 1856
f 1762 1662 1782
f 1658 1662 1762
f 1658 1564 1662
f 2821 2909 2981
f 2821 2729 2909
f 2649 2729 2821
f 2649 2515 2729
f 2424 2515 2649
f 2424 2292 2515
f 2234 2292 2424
f 2234 2118 2292
f 2090 2118 2234
f 2090 1984 2118
f 1964 1984 2090
f 1964 1856 1984
f 1852 1856 1964
f 1852 1762 1856
f 1774 1762 1852
f 1774 1658 1762
f 2897 2981 3043
f 2897 2821 2981
f 2749 2821 2897
f 2749 2649 2821
f 2585 2649 2749
f 2585 2424 2649
f 2366 2424 2585
f 2366 2234 2424
f 2218 2234 2366
f 2218 2090 2234
f 2078 2090 2218
f 2078 1964 2090
f 1968 1964 2078
f 1968 1852 1964
f 1872 1852 1968
f 1872 1774 1852
f 2985 3043 3101
f 2985 2897 3043
f 2833 2897 2985
f 2833 2749 2897
f 2707 2749 2833
f 2707 2585 2749
f 2543 2585 2707
f 2543 2366 2585
f 2342 2366 2543
f 2342 2218 2366
f 2206 2218 2342
f 2206 2078 2218
f 2086 2078 2206
f 2086 1968 2078
f 2000 1968 2086
f 2000 1872 1968
f 3047 3101 3169
f 3047 2985 3101
f 2935 2985 3047
f 2935 2833 2985
f 2809 2833 2935
f 2809 2707 2833
f 2683 2707 2809
f 2683 2543 2707
f 2511 2543 2683
f 2511 2342 2543
f 2350 2342 2511
f 2350 2206 2342
f 2222 2206 2350
f 2222 2086 2206
f 2110 2086 2222
f 2110 2000 2086
f 3117 3169 3239
f 3117 3047 3169
f 3017 3047 3117
f 3017 2935 3047
f 2901 2935 3017
f 2901 2809 2935
f 2783 2809 2901
f 2783 2683 2809
f 2661 2683 2783
f 2661 2511 2683
f 2527 2511 2661
f 2527 2350 2511
f 2362 2350 2527
f 2362 2222 2350
f 2242 2222 2362
f 2242 2110 2222
f 3193 3239 3285
f 3193 3117 3239
f 3085 3117 3193
f 3085 3017 3117
f 2993 3017 3085
f 2993 2901 3017
f 2881 2901 2993
f 2881 2783 2901
f 2771 2783 2881
f 2771 2661 2783
f 2669 2661 2771
f 2669 2527 2661
f 2551 2527 2669
f 2551 2362 2527
f 2404 2362 2551
f 2404 2242 2362
f 3251 3285 3339
f 3251 3193 3285
f 3149 3193 3251
f 3149 3085 3193
f 3063 3085 3149
f 3063 2993 3085
f 2969 2993 3063
f 2969 2881 2993
f 2869 2881 2969
f 2869 2771 2881
f 2775 2771 2869
f 2775 2669 2771
f 2695 2669 2775
f 2695 2551 2669
f 2581 2551 2695
f 2581 2404 2551
f 4094 4003 4095
f 4003 3999 4095
f 3921 3999 4003
f 3921 3909 3999
f 4047 4007 4094
f 4007 4003 4094
f 3929 4003 4007
f 3929 3921 4003
f 3821 3909 3921
f 3821 3809 3909
f 3747 3809 3821
f 3747 3721 3809
f 3825 3921 3929
f 3825 3821 3921
f 3763 3821 3825
f 3763 3747 3821
f 4046 4011 4047
f 4011 4007 4047
f 3937 4007 4011
f 3937 3929 4007
f 4152 4015 4046
f 4015 4011 4046
f 3945 4011 4015
f 3945 3937 4011
f 3833 3929 3937
f 3833 3825 3929
f 3771 3825 3833
f 3771 3763 3825
f 3841 3937 3945
f 3841 3833 3937
f 3779 3833 3841
f 3779 3771 3833
f 3647 3721 3747
f 3647 3609 3721
f 3563 3609 3647
f 3563 3535 3609
f 3477 3535 3563
f 3477 3439 3535
f 3375 3439 3477
f 3375 3339 3439
f 3681 3747 3763
f 3681 3647 3747
f 3583 3647 3681
f 3583 3563 3647
f 3509 3563 3583
f 3509 3477 3563
f 3423 3477 3509
f 3423 3375 3477
f 3697 3763 3771
f 3697 3681 3763
f 3605 3681 3697
f 3605 3583 3681
f 3539 3583 3605
f 3539 3509 3583
f 3463 3509 3539
f 3463 3423 3509
f 3709 3771 3779
f 3709 3697 3771
f 3617 3697 3709
f 3617 3605 3697
f 3551 3605 3617
f 3551 3539 3605
f 3485 3539 3551
f 3485 3463 3539
f 4134 4019 4152
f 4019 4015 4152
f 3953 4015 4019
f 3953 3945 4015
f 4045 4023 4134
f 4023 4019 4134
f 3957 4019 4023
f 3957 3953 4019
f 3845 3945 3953
f 3845 3841 3945
f 3791 3841 3845
f 3791 3779 3841
f 3859 3953 3957
f 3859 3845 3953
f 3799 3845 3859
f 3799 3791 3845
f 4093 4027 4045
f 4027 4023 4045
f 3965 4023 4027
f 3965 3957 4023
f 4092 4031 4093
f 4031 4027 4093
f 3969 4027 4031
f 3969 3965 4027
f 3871 3957 3965
f 3871 3859 3957
f 3803 3859 3871
f 3803 3799 3859
f 3875 3965 3969
f 3875 3871 3965
f 3807 3871 3875
f 3807 3803 3871
f 3725 3779 3791
f 3725 3709 3779
f 3635 3709 3725
f 3635 3617 3709
f 3567 3617 3635
f 3567 3551 3617
f 3505 3551 3567
f 3505 3485 3551
f 3733 3791 3799
f 3733 3725 3791
f 3655 3725 3733
f 3655 3635 3725
f 3579 3635 3655
f 3579 3567 3635
f 3513 3567 3579
f 3513 3505 3567
f 3737 3799 3803
f 3737 3733 3799
f 3663 3733 3737
f 3663 3655 3733
f 3587 3655 3663
f 3587 3579 3655
f 3525 3579 3587
f 3525 3513 3579
f 3745 3803 3807
f 3745 3737 3803
f 3667 3737 3745
f 3667 3663 3737
f 3595 3663 3667
f 3595 3587 3663
f 3533 3587 3595
f 3533 3525 3587
f 3301 3339 3375
f 3301 3251 3339
f 3215 3251 3301
f 3215 3149 3251
f 3121 3149 3215
f 3121 3063 3149
f 3039 3063 3121
f 3039 2969 3063
f 2959 2969 3039
f 2959 2869 2969
f 2863 2869 2959
f 2863 2775 2869
f 2779 2775 2863
f 2779 2695 2775
f 2703 2695 2779
f 2703 2581 2695
f 3343 3375 3423
f 3343 3301 3375
f 3269 3301 3343
f 3269 3215 3301
f 3185 3215 3269
f 3185 3121 3215
f 3097 3121 3185
f 3097 3039 3121
f 3031 3039 3097
f 3031 2959 3039
f 2947 2959 3031
f 2947 2863 2959
f 2859 2863 2947
f 2859 2779 2863
f 2787 2779 2859
f 2787 2703 2779
f 3371 3423 3463
f 3371 3343 3423
f 3305 3343 3371
f 3305 3269 3343
f 3231 3269 3305
f 3231 3185 3269
f 3145 3185 3231
f 3145 3097 3185
f 3081 3097 3145
f 3081 3031 3097
f 3009 3031 3081
f 3009 2947 3031
f 2939 2947 3009
f 2939 2859 2947
f 2855 2859 2939
f 2855 2787 2859
f 3403 3463 3485
f 3403 3371 3463
f 3327 3371 3403
f 3327 3305 3371
f 3273 3305 3327
f 3273 3231 3305
f 3201 3231 3273
f 3201 3145 3231
f 3113 3145 3201
f 3113 3081 3145
f 3059 3081 3113
f 3059 3009 3081
f 2997 3009 3059
f 2997 2939 3009
f 2927 2939 2997
f 2927 2855 2939
f 3431 3485 3505
f 3431 3403 3485
f 3351 3403 3431
f 3351 3327 3403
f 3289 3327 3351
f 3289 3273 3327
f 3227 3273 3289
f 3227 3201 3273
f 3157 3201 3227
f 3157 3113 3201
f 3089 3113 3157
f 3089 3059 3113
f 3035 3059 3089
f 3035 2997 3059
f 2973 2997 3035
f 2973 2927 2997
f 3447 3505 3513
f 3447 3431 3505
f 3367 3431 3447
f 3367 3351 3431
f 3313 3351 3367
f 3313 3289 3351
f 3247 3289 3313
f 3247 3227 3289
f 3181 3227 3247
f 3181 3157 3227
f 3105 3157 3181
f 3105 3089 3157
f 3055 3089 3105
f 3055 3035 3089
f 3001 3035 3055
f 3001 2973 3035
f 3459 3513 3525
f 3459 3447 3513
f 3379 3447 3459
f 3379 3367 3447
f 3321 3367 3379
f 3321 3313 3367
f 3259 3313 3321
f 3259 3247 3313
f 3205 3247 3259
f 3205 3181 3247
f 3129 3181 3205
f 3129 3105 3181
f 3071 3105 3129
f 3071 3055 3105
f 3013 3055 3071
f 3013 3001 3055
f 3467 3525 3533
f 3467 3459 3525
f 3387 3459 3467
f 3387 3379 3459
f 3325 3379 3387
f 3325 3321 3379
f 3267 3321 3325
f 3267 3259 3321
f 3209 3259 3267
f 3209 3205 3259
f 3137 3205 3209
f 3137 3129 3205
f 3079 3129 3137
f 3079 3071 3129
f 3025 3071 3079
f 3025 3013 3071
f 1576 1564 1658
f 1576 1472 1564
f 1500 1472 1576
f 1500 1412 1472
f 1436 1412 1500
f 1436 1334 1412
f 1364 1334 1436
f 1364 1276 1334
f 1304 1276 1364
f 1304 1210 1276
f 1260 1210 1304
f 1260 1164 1210
f 1214 1164 1260
f 1214 1106 1164
f 1172 1106 1214
f 1172 1078 1106
f 1136 1078 1172
f 1136 1034 1078
f 1102 1034 1136
f 1102 1002 1034
f 1090 1002 1102
f 1090 986 1002
f 1066 986 1090
f 1066 958 986
f 1050 958 1066
f 1050 950 958
f 1028 950 1050
f 1028 938 950
f 1020 938 1028
f 1020 930 938
f 1018 930 1020
f 1018 928 930
f 1678 1658 1774
f 1678 1576 1658
f 1604 1576 1678
f 1604 1500 1576
f 1536 1500 1604
f 1536 1436 1500
f 1456 1436 1536
f 1456 1364 1436
f 1420 1364 1456
f 1420 1304 1364
f 1358 1304 1420
f 1358 1260 1304
f 1316 1260 1358
f 1316 1214 1260
f 1280 1214 1316
f 1280 1172 1214
f 1242 1172 1280
f 1242 1136 1172
f 1222 1136 1242
f 1222 1102 1136
f 1190 1102 1222
f 1190 1090 1102
f 1168 1090 1190
f 1168 1066 1090
f 1152 1066 1168
f 1152 1050 1066
f 1144 1050 1152
f 1144 1028 1050
f 1140 1028 1144
f 1140 1020 1028
f 1130 1020 1140
f 1130 1018 1020
f 1794 1774 1872
f 1794 1678 1774
f 1716 1678 1794
f 1716 1604 1678
f 1642 1604 1716
f 1642 1536 1604
f 1580 1536 1642
f 1580 1456 1536
f 1532 1456 1580
f 1532 1420 1456
f 1464 1420 1532
f 1464 1358 1420
f 1432 1358 1464
f 1432 1316 1358
f 1392 1316 1432
f 1392 1280 1316
f 1354 1280 1392
f 1354 1242 1280
f 1324 1242 1354
f 1324 1222 1242
f 1300 1222 1324
f 1300 1190 1222
f 1284 1190 1300
f 1284 1168 1190
f 1272 1168 1284
f 1272 1152 1168
f 1256 1152 1272
f 1256 1144 1152
f 1248 1144 1256
f 1248 1140 1144
f 1246 1140 1248
f 1246 1130 1140
f 1906 1872 2000
f 1906 1794 1872
f 1818 1794 1906
f 1818 1716 1794
f 1754 1716 1818
f 1754 1642 1716
f 1692 1642 1754
f 1692 1580 1642
f 1634 1580 1692
f 1634 1532 1580
f 1584 1532 1634
f 1584 1464 1532
f 1552 1464 1584
f 1552 1432 1464
f 1512 1432 1552
f 1512 1392 1432
f 1460 1392 1512
f 1460 1354 1392
f 1440 1354 1460
f 1440 1324 1354
f 1424 1324 1440
f 1424 1300 1324
f 1408 1300 1424
f 1408 1284 1300
f 1380 1284 1408
f 1380 1272 1284
f 1372 1272 1380
f 1372 1256 1272
f 1368 1256 1372
f 1368 1248 1256
f 1362 1248 1368
f 1362 1246 1248
f 2032 2000 2110
f 2032 1906 2000
f 1938 1906 2032
f 1938 1818 1906
f 1868 1818 1938
f 1868 1754 1818
f 1810 1754 1868
f 1810 1692 1754
f 1758 1692 1810
f 1758 1634 1692
f 1700 1634 1758
f 1700 1584 1634
f 1654 1584 1700
f 1654 1552 1584
f 1626 1552 1654
f 1626 1512 1552
f 1588 1512 1626
f 1588 1460 1512
f 1560 1460 1588
f 1560 1440 1460
f 1540 1440 1560
f 1540 1424 1440
f 1520 1424 1540
f 1520 1408 1424
f 1508 1408 1520
f 1508 1380 1408
f 1490 1380 1508
f 1490 1372 1380
f 1482 1372 1490
f 1482 1368 1372
f 1480 1368 1482
f 1480 1362 1368
f 2142 2110 2242
f 2142 2032 2110
f 2052 2032 2142
f 2052 1938 2032
f 2008 1938 2052
f 2008 1868 1938
f 1934 1868 2008
f 1934 1810 1868
f 1876 1810 1934
f 1876 1758 1810
f 1822 1758 1876
f 1822 1700 1758
f 1790 1700 1822
f 1790 1654 1700
f 1742 1654 1790
f 1742 1626 1654
f 1720 1626 1742
f 1720 1588 1626
f 1684 1588 1720
f 1684 1560 1588
f 1650 1560 1684
f 1650 1540 1560
f 1638 1540 1650
f 1638 1520 1540
f 1630 1520 1638
f 1630 1508 1520
f 1618 1508 1630
f 1618 1490 1508
f 1610 1490 1618
f 1610 1482 1490
f 1608 1482 1610
f 1608 1480 1482
f 2300 2242 2404
f 2300 2142 2242
f 2202 2142 2300
f 2202 2052 2142
f 2122 2052 2202
f 2122 2008 2052
f 2044 2008 2122
f 2044 1934 2008
f 2012 1934 2044
f 2012 1876 1934
f 1946 1876 2012
f 1946 1822 1876
f 1910 1822 1946
f 1910 1790 1822
f 1860 1790 1910
f 1860 1742 1790
f 1830 1742 1860
f 1830 1720 1742
f 1806 1720 1830
f 1806 1684 1720
f 1786 1684 1806
f 1786 1650 1684
f 1770 1650 1786
f 1770 1638 1650
f 1746 1638 1770
f 1746 1630 1638
f 1734 1630 1746
f 1734 1618 1630
f 1726 1618 1734
f 1726 1610 1618
f 1724 1610 1726
f 1724 1608 1610
f 2457 2404 2581
f 2457 2300 2404
f 2334 2300 2457
f 2334 2202 2300
f 2258 2202 2334
f 2258 2122 2202
f 2190 2122 2258
f 2190 2044 2122
f 2126 2044 2190
f 2126 2012 2044
f 2066 2012 2126
f 2066 1946 2012
f 2036 1946 2066
f 2036 1910 1946
f 1992 1910 2036
f 1992 1860 1910
f 1950 1860 1992
f 1950 1830 1860
f 1926 1830 1950
f 1926 1806 1830
f 1898 1806 1926
f 1898 1786 1806
f 1880 1786 1898
f 1880 1770 1786
f 1864 1770 1880
f 1864 1746 1770
f 1848 1746 1864
f 1848 1734 1746
f 1844 1734 1848
f 1844 1726 1734
f 1842 1726 1844
f 1842 1724 1726
f 2615 2581 2703
f 2615 2457 2581
f 2499 2457 2615
f 2499 2334 2457
f 2400 2334 2499
f 2400 2258 2334
f 2312 2258 2400
f 2312 2190 2258
f 2246 2190 2312
f 2246 2126 2190
f 2198 2126 2246
f 2198 2066 2126
f 2134 2066 2198
f 2134 2036 2066
f 2102 2036 2134
f 2102 1992 2036
f 2056 1992 2102
f 2056 1950 1992
f 2040 1950 2056
f 2040 1926 1950
f 2020 1926 2040
f 2020 1898 1926
f 2004 1898 2020
f 2004 1880 1898
f 1980 1880 2004
f 1980 1864 1880
f 1972 1864 1980
f 1972 1848 1864
f 1960 1848 1972
f 1960 1844 1848
f 1958 1844 1960
f 1958 1842 1844
f 2721 2703 2787
f 2721 2615 2703
f 2645 2615 2721
f 2645 2499 2615
f 2565 2499 2645
f 2565 2400 2499
f 2471 2400 2565
f 2471 2312 2400
f 2382 2312 2471
f 2382 2246 2312
f 2308 2246 2382
f 2308 2198 2246
f 2272 2198 2308
f 2272 2134 2198
f 2226 2134 2272
f 2226 2102 2134
f 2182 2102 2226
f 2182 2056 2102
f 2138 2056 2182
f 2138 2040 2056
f 2130 2040 2138
f 2130 2020 2040
f 2106 2020 2130
f 2106 2004 2020
f 2094 2004 2106
f 2094 1980 2004
f 2074 1980 2094
f 2074 1972 1980
f 2070 1972 2074
f 2070 1960 1972
f 2064 1960 2070
f 2064 1958 1960
f 2795 2787 2855
f 2795 2721 2787
f 2733 2721 2795
f 2733 2645 2721
f 2657 2645 2733
f 2657 2565 2645
f 2611 2565 2657
f 2611 2471 2565
f 2523 2471 2611
f 2523 2382 2471
f 2451 2382 2523
f 2451 2308 2382
f 2378 2308 2451
f 2378 2272 2308
f 2320 2272 2378
f 2320 2226 2272
f 2296 2226 2320
f 2296 2182 2226
f 2254 2182 2296
f 2254 2138 2182
f 2230 2138 2254
f 2230 2130 2138
f 2210 2130 2230
f 2210 2106 2130
f 2194 2106 2210
f 2194 2094 2106
f 2170 2094 2194
f 2170 2074 2094
f 2162 2074 2170
f 2162 2070 2074
f 2160 2070 2162
f 2160 2064 2070
f 2847 2855 2927
f 2847 2795 2855
f 2803 2795 2847
f 2803 2733 2795
f 2741 2733 2803
f 2741 2657 2733
f 2687 2657 2741
f 2687 2611 2657
f 2623 2611 2687
f 2623 2523 2611
f 2569 2523 2623
f 2569 2451 2523
f 2491 2451 2569
f 2491 2378 2451
f 2434 2378 2491
f 2434 2320 2378
f 2390 2320 2434
f 2390 2296 2320
f 2354 2296 2390
f 2354 2254 2296
f 2316 2254 2354
f 2316 2230 2254
f 2304 2230 2316
f 2304 2210 2230
f 2284 2210 2304
f 2284 2194 2210
f 2276 2194 2284
f 2276 2170 2194
f 2264 2170 2276
f 2264 2162 2170
f 2262 2162 2264
f 2262 2160 2162
f 2913 2927 2973
f 2913 2847 2927
f 2837 2847 2913
f 2837 2803 2847
f 2791 2803 2837
f 2791 2741 2803
f 2737 2741 2791
f 2737 2687 2741
f 2699 2687 2737
f 2699 2623 2687
f 2637 2623 2699
f 2637 2569 2623
f 2593 2569 2637
f 2593 2491 2569
f 2535 2491 2593
f 2535 2434 2491
f 2485 2434 2535
f 2485 2390 2434
f 2438 2390 2485
f 2438 2354 2390
f 2408 2354 2438
f 2408 2316 2354
f 2374 2316 2408
f 2374 2304 2316
f 2358 2304 2374
f 2358 2284 2304
f 2346 2284 2358
f 2346 2276 2284
f 2326 2276 2346
f 2326 2264 2276
f 2324 2264 2326
f 2324 2262 2264
f 2943 2973 3001
f 2943 2913 2973
f 2889 2913 2943
f 2889 2837 2913
f 2825 2837 2889
f 2825 2791 2837
f 2767 2791 2825
f 2767 2737 2791
f 2725 2737 2767
f 2725 2699 2737
f 2691 2699 2725
f 2691 2637 2699
f 2641 2637 2691
f 2641 2593 2637
f 2597 2593 2641
f 2597 2535 2593
f 2559 2535 2597
f 2559 2485 2535
f 2503 2485 2559
f 2503 2438 2485
f 2475 2438 2503
f 2475 2408 2438
f 2442 2408 2475
f 2442 2374 2408
f 2420 2374 2442
f 2420 2358 2374
f 2412 2358 2420
f 2412 2346 2358
f 2396 2346 2412
f 2396 2326 2346
f 2394 2326 2396
f 2394 2324 2326
f 2963 3001 3013
f 2963 2943 3001
f 2905 2943 2963
f 2905 2889 2943
f 2841 2889 2905
f 2841 2825 2889
f 2799 2825 2841
f 2799 2767 2825
f 2753 2767 2799
f 2753 2725 2767
f 2711 2725 2753
f 2711 2691 2725
f 2653 2691 2711
f 2653 2641 2691
f 2619 2641 2653
f 2619 2597 2641
f 2589 2597 2619
f 2589 2559 2597
f 2547 2559 2589
f 2547 2503 2559
f 2507 2503 2547
f 2507 2475 2503
f 2481 2475 2507
f 2481 2442 2475
f 2467 2442 2481
f 2467 2420 2442
f 2446 2420 2467
f 2446 2412 2420
f 2430 2412 2446
f 2430 2396 2412
f 2428 2396 2430
f 2428 2394 2396
f 2967 3013 3025
f 2967 2963 3013
f 2921 2963 2967
f 2921 2905 2963
f 2845 2905 2921
f 2845 2841 2905
f 2807 2841 2845
f 2807 2799 2841
f 2761 2799 2807
f 2761 2753 2799
f 2719 2753 2761
f 2719 2711 2753
f 2677 2711 2719
f 2677 2653 2711
f 2631 2653 2677
f 2631 2619 2653
f 2605 2619 2631
f 2605 2589 2619
f 2563 2589 2605
f 2563 2547 2589
f 2531 2547 2563
f 2531 2507 2547
f 2489 2507 2531
f 2489 2481 2507
f 2479 2481 2489
f 2479 2467 2481
f 2465 2467 2479
f 2465 2446 2467
f 2455 2446 2465
f 2455 2430 2446
f 2450 2430 2455
f 2450 2428 2430
f 4 7 1
f 7 3 1
f 7 13 3
f 13 11 3
f 19 4 16
f 19 7 4
f 25 7 19
f 25 13 7
f 13 29 11
f 29 23 11
f 29 49 23
f 49 43 23
f 39 13 25
f 39 29 13
f 53 29 39
f 53 49 29
f 35 16 32
f 35 19 16
f 45 19 35
f 45 25 19
f 57 25 45
f 57 39 25
f 77 39 57
f 77 53 39
f 63 32 60
f 63 35 32
f 73 35 63
f 73 45 35
f 85 45 73
f 85 57 45
f 105 57 85
f 105 77 57
f 49 69 43
f 69 67 43
f 69 93 67
f 93 89 67
f 81 49 53
f 81 69 49
f 113 69 81
f 113 93 69
f 93 131 89
f 131 129 89
f 131 171 129
f 171 169 129
f 141 93 113
f 141 131 93
f 179 131 141
f 179 171 131
f 97 53 77
f 97 81 53
f 125 81 97
f 125 113 81
f 161 113 125
f 161 141 113
f 197 141 161
f 197 179 141
f 121 77 105
f 121 97 77
f 153 97 121
f 153 125 97
f 183 125 153
f 183 161 125
f 223 161 183
f 223 197 161
f 101 60 90
f 101 63 60
f 109 63 101
f 109 73 63
f 117 73 109
f 117 85 73
f 135 85 117
f 135 105 85
f 157 105 135
f 157 121 105
f 187 121 157
f 187 153 121
f 219 153 187
f 219 183 153
f 253 183 219
f 253 223 183
f 145 90 138
f 145 101 90
f 149 101 145
f 149 109 101
f 165 109 149
f 165 117 109
f 175 117 165
f 175 135 117
f 201 135 175
f 201 157 135
f 231 157 201
f 231 187 157
f 257 187 231
f 257 219 187
f 295 219 257
f 295 253 219
f 193 138 190
f 193 145 138
f 205 145 193
f 205 149 145
f 211 149 205
f 211 165 149
f 235 165 211
f 235 175 165
f 243 175 235
f 243 201 175
f 283 201 243
f 283 231 201
f 303 231 283
f 303 257 231
f 351 257 303
f 351 295 257
f 249 190 246
f 249 193 190
f 263 193 249
f 263 205 193
f 275 205 263
f 275 211 205
f 287 211 275
f 287 235 211
f 307 235 287
f 307 243 235
f 335 243 307
f 335 283 243
f 363 283 335
f 363 303 283
f 411 303 363
f 411 351 303
f 171 215 169
f 215 209 169
f 215 267 209
f 267 261 209
f 227 171 179
f 227 215 171
f 279 215 227
f 279 267 215
f 267 319 261
f 319 315 261
f 319 377 315
f 377 375 315
f 331 267 279
f 331 319 267
f 389 319 331
f 389 377 319
f 239 179 197
f 239 227 179
f 291 227 239
f 291 279 227
f 347 279 291
f 347 331 279
f 415 331 347
f 415 389 331
f 271 197 223
f 271 239 197
f 311 239 271
f 311 291 239
f 367 291 311
f 367 347 291
f 427 347 367
f 427 415 347
f 377 453 375
f 453 447 375
f 453 521 447
f 521 519 447
f 457 377 389
f 457 453 377
f 533 453 457
f 533 521 453
f 521 605 519
f 605 595 519
f 605 701 595
f 701 695 595
f 617 521 533
f 617 605 521
f 713 605 617
f 713 701 605
f 479 389 415
f 479 457 389
f 545 457 479
f 545 533 457
f 633 533 545
f 633 617 533
f 721 617 633
f 721 713 617
f 499 415 427
f 499 479 415
f 575 479 499
f 575 545 479
f 655 545 575
f 655 633 545
f 755 633 655
f 755 721 633
f 299 223 253
f 299 271 223
f 355 271 299
f 355 311 271
f 407 311 355
f 407 367 311
f 461 367 407
f 461 427 367
f 529 427 461
f 529 499 427
f 597 499 529
f 597 575 499
f 687 575 597
f 687 655 575
f 779 655 687
f 779 755 655
f 343 253 295
f 343 299 253
f 381 299 343
f 381 355 299
f 439 355 381
f 439 407 355
f 503 407 439
f 503 461 407
f 571 461 503
f 571 529 461
f 647 529 571
f 647 597 529
f 725 597 647
f 725 687 597
f 821 687 725
f 821 779 687
f 385 295 351
f 385 343 295
f 435 343 385
f 435 381 343
f 491 381 435
f 491 439 381
f 549 439 491
f 549 503 439
f 625 503 549
f 625 571 503
f 691 571 625
f 691 647 571
f 775 647 691
f 775 725 647
f 867 725 775
f 867 821 725
f 443 351 411
f 443 385 351
f 495 385 443
f 495 435 385
f 541 435 495
f 541 491 435
f 601 491 541
f 601 549 491
f 675 549 601
f 675 625 549
f 751 625 675
f 751 691 625
f 835 691 751
f 835 775 691
f 921 775 835
f 921 867 775
f 323 246 316
f 323 249 246
f 327 249 323
f 327 263 249
f 339 263 327
f 339 275 263
f 359 275 339
f 359 287 275
f 371 287 359
f 371 307 287
f 403 307 371
f 403 335 307
f 431 335 403
f 431 363 335
f 465 363 431
f 465 411 363
f 515 411 465
f 515 443 411
f 563 443 515
f 563 495 443
f 613 495 563
f 613 541 495
f 671 541 613
f 671 601 541
f 735 601 671
f 735 675 601
f 809 675 735
f 809 751 675
f 895 751 809
f 895 835 751
f 991 835 895
f 991 921 835
f 395 316 392
f 395 323 316
f 399 323 395
f 399 327 323
f 419 327 399
f 419 339 327
f 423 339 419
f 423 359 339
f 449 359 423
f 449 371 359
f 475 371 449
f 475 403 371
f 507 403 475
f 507 431 403
f 537 431 507
f 537 465 431
f 583 465 537
f 583 515 465
f 629 515 583
f 629 563 515
f 683 563 629
f 683 613 563
f 739 613 683
f 739 671 613
f 801 671 739
f 801 735 671
f 883 735 801
f 883 809 735
f 967 809 883
f 967 895 809
f 1063 895 967
f 1063 991 895
f 471 392 468
f 471 395 392
f 483 395 471
f 483 399 395
f 487 399 483
f 487 419 399
f 511 419 487
f 511 423 419
f 525 423 511
f 525 449 423
f 553 449 525
f 553 475 449
f 587 475 553
f 587 507 475
f 621 507 587
f 621 537 507
f 659 537 621
f 659 583 537
f 709 583 659
f 709 629 583
f 767 629 709
f 767 683 629
f 817 683 767
f 817 739 683
f 887 739 817
f 887 801 739
f 955 801 887
f 955 883 801
f 1043 883 955
f 1043 967 883
f 1127 967 1043
f 1127 1063 967
f 559 468 556
f 559 471 468
f 567 471 559
f 567 483 471
f 579 483 567
f 579 487 483
f 591 487 579
f 591 511 487
f 609 511 591
f 609 525 511
f 637 525 609
f 637 553 525
f 667 553 637
f 667 587 553
f 705 587 667
f 705 621 587
f 743 621 705
f 743 659 621
f 783 659 743
f 783 709 659
f 847 709 783
f 847 767 709
f 899 767 847
f 899 817 767
f 971 817 899
f 971 887 817
f 1047 887 971
f 1047 955 887
f 1119 955 1047
f 1119 1043 955
f 1219 1043 1119
f 1219 1127 1043
f 643 556 640
f 643 559 556
f 651 559 643
f 651 567 559
f 663 567 651
f 663 579 567
f 679 579 663
f 679 591 579
f 697 591 679
f 697 609 591
f 717 609 697
f 717 637 609
f 759 637 717
f 759 667 637
f 787 667 759
f 787 705 667
f 831 705 787
f 831 743 705
f 871 743 831
f 871 783 743
f 935 783 871
f 935 847 783
f 995 847 935
f 995 899 847
f 1059 899 995
f 1059 971 899
f 1123 971 1059
f 1123 1047 971
f 1207 1047 1123
f 1207 1119 1047
f 1293 1119 1207
f 1293 1219 1119
f 731 640 728
f 731 643 640
f 747 643 731
f 747 651 643
f 763 651 747
f 763 663 651
f 771 663 763
f 771 679 663
f 791 679 771
f 791 697 679
f 813 697 791
f 813 717 697
f 851 717 813
f 851 759 717
f 875 759 851
f 875 787 759
f 917 787 875
f 917 831 787
f 979 831 917
f 979 871 831
f 1011 871 979
f 1011 935 871
f 1083 935 1011
f 1083 995 935
f 1149 995 1083
f 1149 1059 995
f 1227 1059 1149
f 1227 1123 1059
f 1297 1123 1227
f 1297 1207 1123
f 1389 1207 1297
f 1389 1293 1207
f 839 728 828
f 839 731 728
f 843 731 839
f 843 747 731
f 855 747 843
f 855 763 747
f 863 763 855
f 863 771 763
f 891 771 863
f 891 791 771
f 903 791 891
f 903 813 791
f 947 813 903
f 947 851 813
f 983 851 947
f 983 875 851
f 1007 875 983
f 1007 917 875
f 1071 917 1007
f 1071 979 917
f 1111 979 1071
f 1111 1011 979
f 1177 1011 1111
f 1177 1083 1011
f 1239 1083 1177
f 1239 1149 1083
f 1309 1149 1239
f 1309 1227 1149
f 1397 1227 1309
f 1397 1297 1227
f 1469 1297 1397
f 1469 1389 1297
f 931 828 928
f 931 839 828
f 939 839 931
f 939 843 839
f 951 843 939
f 951 855 843
f 959 855 951
f 959 863 855
f 987 863 959
f 987 891 863
f 1003 891 987
f 1003 903 891
f 1035 903 1003
f 1035 947 903
f 1079 947 1035
f 1079 983 947
f 1107 983 1079
f 1107 1007 983
f 1165 1007 1107
f 1165 1071 1007
f 1211 1071 1165
f 1211 1111 1071
f 1277 1111 1211
f 1277 1177 1111
f 1335 1177 1277
f 1335 1239 1177
f 1413 1239 1335
f 1413 1309 1239
f 1473 1309 1413
f 1473 1397 1309
f 1565 1397 1473
f 1565 1469 1397
f 701 797 695
f 797 795 695
f 797 909 795
f 909 907 795
f 805 701 713
f 805 797 701
f 925 797 805
f 925 909 797
f 909 1039 907
f 1039 1033 907
f 1039 1183 1033
f 1183 1181 1033
f 1055 909 925
f 1055 1039 909
f 1187 1039 1055
f 1187 1183 1039
f 825 713 721
f 825 805 713
f 943 805 825
f 943 925 805
f 1075 925 943
f 1075 1055 925
f 1199 1055 1075
f 1199 1187 1055
f 859 721 755
f 859 825 721
f 963 825 859
f 963 943 825
f 1099 943 963
f 1099 1075 943
f 1231 1075 1099
f 1231 1199 1075
f 1183 1331 1181
f 1331 1329 1181
f 1331 1497 1329
f 1497 1495 1329
f 1339 1183 1187
f 1339 1331 1183
f 1517 1331 1339
f 1517 1497 1331
f 1497 1689 1495
f 1689 1683 1495
f 1689 1895 1683
f 1895 1893 1683
f 1697 1497 1517
f 1697 1689 1497
f 1919 1689 1697
f 1919 1895 1689
f 1351 1187 1199
f 1351 1339 1187
f 1529 1339 1351
f 1529 1517 1339
f 1713 1517 1529
f 1713 1697 1517
f 1923 1697 1713
f 1923 1919 1697
f 1377 1199 1231
f 1377 1351 1199
f 1557 1351 1377
f 1557 1529 1351
f 1731 1529 1557
f 1731 1713 1529
f 1943 1713 1731
f 1943 1923 1713
f 879 755 779
f 879 859 755
f 999 859 879
f 999 963 859
f 1115 963 999
f 1115 1099 963
f 1253 1099 1115
f 1253 1231 1099
f 1417 1231 1253
f 1417 1377 1231
f 1569 1377 1417
f 1569 1557 1377
f 1767 1557 1569
f 1767 1731 1557
f 1977 1731 1767
f 1977 1943 1731
f 913 779 821
f 913 879 779
f 1025 879 913
f 1025 999 879
f 1161 999 1025
f 1161 1115 999
f 1289 1115 1161
f 1289 1253 1115
f 1445 1253 1289
f 1445 1417 1253
f 1615 1417 1445
f 1615 1569 1417
f 1803 1569 1615
f 1803 1767 1569
f 2017 1767 1803
f 2017 1977 1767
f 975 821 867
f 975 913 821
f 1087 913 975
f 1087 1025 913
f 1203 1025 1087
f 1203 1161 1025
f 1343 1161 1203
f 1343 1289 1161
f 1487 1289 1343
f 1487 1445 1289
f 1647 1445 1487
f 1647 1615 1445
f 1839 1615 1647
f 1839 1803 1615
f 2049 1803 1839
f 2049 2017 1803
f 1015 867 921
f 1015 975 867
f 1133 975 1015
f 1133 1087 975
f 1265 1087 1133
f 1265 1203 1087
f 1401 1203 1265
f 1401 1343 1203
f 1549 1343 1401
f 1549 1487 1343
f 1705 1487 1549
f 1705 1647 1487
f 1889 1647 1705
f 1889 1839 1647
f 2115 1839 1889
f 2115 2049 1839
f 1895 2149 1893
f 2149 2147 1893
f 2149 2540 2147
f 2540 2534 2147
f 2157 1895 1919
f 2157 2149 1895
f 2556 2149 2157
f 2556 2540 2149
f 2540 2874 2534
f 2874 2868 2534
f 2874 3142 2868
f 3142 3140 2868
f 2878 2540 2556
f 2878 2874 2540
f 3154 2874 2878
f 3154 3142 2874
f 2187 1919 1923
f 2187 2157 1919
f 2574 2157 2187
f 2574 2556 2157
f 2894 2556 2574
f 2894 2878 2556
f 3162 2878 2894
f 3162 3154 2878
f 2215 1923 1943
f 2215 2187 1923
f 2608 2187 2215
f 2608 2574 2187
f 2918 2574 2608
f 2918 2894 2574
f 3166 2894 2918
f 3166 3162 2894
f 3142 3396 3140
f 3396 3390 3140
f 3396 3628 3390
f 3628 3626 3390
f 3400 3142 3154
f 3400 3396 3142
f 3632 3396 3400
f 3632 3628 3396
f 3628 3856 3626
f 3856 3854 3626
f 3854 3856 4103
f 3856 4104 4103
f 3864 3628 3632
f 3864 3856 3628
f 3856 3864 4104
f 3864 4057 4104
f 3412 3154 3162
f 3412 3400 3154
f 3644 3400 3412
f 3644 3632 3400
f 3420 3162 3166
f 3420 3412 3162
f 3652 3412 3420
f 3652 3644 3412
f 3868 3632 3644
f 3868 3864 3632
f 3864 3868 4057
f 3868 4139 4057
f 3878 3644 3652
f 3878 3868 3644
f 3868 3878 4139
f 3878 4140 4139
f 2239 1943 1977
f 2239 2215 1943
f 2628 2215 2239
f 2628 2608 2215
f 2932 2608 2628
f 2932 2918 2608
f 3198 2918 2932
f 3198 3166 2918
f 2289 1977 2017
f 2289 2239 1977
f 2666 2239 2289
f 2666 2628 2239
f 2956 2628 2666
f 2956 2932 2628
f 3212 2932 2956
f 3212 3198 2932
f 2331 2017 2049
f 2331 2289 2017
f 2716 2289 2331
f 2716 2666 2289
f 2990 2666 2716
f 2990 2956 2666
f 3236 2956 2990
f 3236 3212 2956
f 2417 2049 2115
f 2417 2331 2049
f 2764 2331 2417
f 2764 2716 2331
f 3022 2716 2764
f 3022 2990 2716
f 3256 2990 3022
f 3256 3236 2990
f 3428 3166 3198
f 3428 3420 3166
f 3660 3420 3428
f 3660 3652 3420
f 3444 3198 3212
f 3444 3428 3198
f 3674 3428 3444
f 3674 3660 3428
f 3882 3652 3660
f 3882 3878 3652
f 3878 3882 4140
f 3882 4058 4140
f 3890 3660 3674
f 3890 3882 3660
f 3882 3890 4058
f 3890 4059 4058
f 3470 3212 3236
f 3470 3444 3212
f 3686 3444 3470
f 3686 3674 3444
f 3482 3236 3256
f 3482 3470 3236
f 3690 3470 3482
f 3690 3686 3470
f 3894 3674 3686
f 3894 3890 3674
f 3890 3894 4059
f 3894 4105 4059
f 3902 3686 3690
f 3902 3894 3686
f 3894 3902 4105
f 3902 4106 4105
f 1095 921 991
f 1095 1015 921
f 1195 1015 1095
f 1195 1133 1015
f 1321 1133 1195
f 1321 1265 1133
f 1449 1265 1321
f 1449 1401 1265
f 1601 1401 1449
f 1601 1549 1401
f 1779 1549 1601
f 1779 1705 1549
f 1955 1705 1779
f 1955 1889 1705
f 2175 1889 1955
f 2175 2115 1889
f 1157 991 1063
f 1157 1095 991
f 1269 1095 1157
f 1269 1195 1095
f 1385 1195 1269
f 1385 1321 1195
f 1525 1321 1385
f 1525 1449 1321
f 1667 1449 1525
f 1667 1601 1449
f 1827 1601 1667
f 1827 1779 1601
f 2029 1779 1827
f 2029 1955 1779
f 2251 1955 2029
f 2251 2175 1955
f 1235 1063 1127
f 1235 1157 1063
f 1347 1157 1235
f 1347 1269 1157
f 1453 1269 1347
f 1453 1385 1269
f 1597 1385 1453
f 1597 1525 1385
f 1739 1525 1597
f 1739 1667 1525
f 1915 1667 1739
f 1915 1827 1667
f 2099 1827 1915
f 2099 2029 1827
f 2339 2029 2099
f 2339 2251 2029
f 1313 1127 1219
f 1313 1235 1127
f 1429 1235 1313
f 1429 1347 1235
f 1545 1347 1429
f 1545 1453 1347
f 1671 1453 1545
f 1671 1597 1453
f 1815 1597 1671
f 1815 1739 1597
f 1989 1739 1815
f 1989 1915 1739
f 2179 1915 1989
f 2179 2099 1915
f 2462 2099 2179
f 2462 2339 2099
f 1405 1219 1293
f 1405 1313 1219
f 1505 1313 1405
f 1505 1429 1313
f 1623 1429 1505
f 1623 1545 1429
f 1751 1545 1623
f 1751 1671 1545
f 1903 1671 1751
f 1903 1815 1671
f 2061 1815 1903
f 2061 1989 1815
f 2281 1989 2061
f 2281 2179 1989
f 2578 2179 2281
f 2578 2462 2179
f 1477 1293 1389
f 1477 1405 1293
f 1593 1405 1477
f 1593 1505 1405
f 1709 1505 1593
f 1709 1623 1505
f 1835 1623 1709
f 1835 1751 1623
f 1997 1751 1835
f 1997 1903 1751
f 2153 1903 1997
f 2153 2061 1903
f 2387 2061 2153
f 2387 2281 2061
f 2674 2281 2387
f 2674 2578 2281
f 1573 1389 1469
f 1573 1477 1389
f 1675 1477 1573
f 1675 1593 1477
f 1799 1593 1675
f 1799 1709 1593
f 1931 1709 1799
f 1931 1835 1709
f 2083 1835 1931
f 2083 1997 1835
f 2269 1997 2083
f 2269 2153 1997
f 2520 2153 2269
f 2520 2387 2153
f 2758 2387 2520
f 2758 2674 2387
f 1663 1469 1565
f 1663 1573 1469
f 1783 1573 1663
f 1783 1675 1573
f 1885 1675 1783
f 1885 1799 1675
f 2025 1799 1885
f 2025 1931 1799
f 2167 1931 2025
f 2167 2083 1931
f 2371 2083 2167
f 2371 2269 2083
f 2634 2269 2371
f 2634 2520 2269
f 2830 2520 2634
f 2830 2758 2520
f 2496 2115 2175
f 2496 2417 2115
f 2814 2417 2496
f 2814 2764 2417
f 3052 2764 2814
f 3052 3022 2764
f 3282 3022 3052
f 3282 3256 3022
f 2602 2175 2251
f 2602 2496 2175
f 2852 2496 2602
f 2852 2814 2496
f 3094 2814 2852
f 3094 3052 2814
f 3310 3052 3094
f 3310 3282 3052
f 2680 2251 2339
f 2680 2602 2251
f 2924 2602 2680
f 2924 2852 2602
f 3134 2852 2924
f 3134 3094 2852
f 3336 3094 3134
f 3336 3310 3094
f 2746 2339 2462
f 2746 2680 2339
f 2978 2680 2746
f 2978 2924 2680
f 3178 2924 2978
f 3178 3134 2924
f 3360 3134 3178
f 3360 3336 3134
f 3502 3256 3282
f 3502 3482 3256
f 3706 3482 3502
f 3706 3690 3482
f 3518 3282 3310
f 3518 3502 3282
f 3718 3502 3518
f 3718 3706 3502
f 3906 3690 3706
f 3906 3902 3690
f 3902 3906 4106
f 3906 4107 4106
f 3914 3706 3718
f 3914 3906 3706
f 3906 3914 4107
f 3914 4060 4107
f 3544 3310 3336
f 3544 3518 3310
f 3730 3518 3544
f 3730 3718 3518
f 3556 3336 3360
f 3556 3544 3336
f 3752 3544 3556
f 3752 3730 3544
f 3918 3718 3730
f 3918 3914 3718
f 3914 3918 4060
f 3918 4061 4060
f 3926 3730 3752
f 3926 3918 3730
f 3918 3926 4061
f 3926 4155 4061
f 2818 2462 2578
f 2818 2746 2462
f 3028 2746 2818
f 3028 2978 2746
f 3220 2978 3028
f 3220 3178 2978
f 3392 3178 3220
f 3392 3360 3178
f 2886 2578 2674
f 2886 2818 2578
f 3076 2818 2886
f 3076 3028 2818
f 3264 3028 3076
f 3264 3220 3028
f 3436 3220 3264
f 3436 3392 3220
f 2952 2674 2758
f 2952 2886 2674
f 3126 2886 2952
f 3126 3076 2886
f 3298 3076 3126
f 3298 3264 3076
f 3474 3264 3298
f 3474 3436 3264
f 3006 2758 2830
f 3006 2952 2758
f 3174 2952 3006
f 3174 3126 2952
f 3332 3126 3174
f 3332 3298 3126
f 3498 3298 3332
f 3498 3474 3298
f 3572 3360 3392
f 3572 3556 3360
f 3760 3556 3572
f 3760 3752 3556
f 3598 3392 3436
f 3598 3572 3392
f 3768 3572 3598
f 3768 3760 3572
f 3934 3752 3760
f 3934 3926 3752
f 3926 3934 4155
f 3934 4141 4155
f 3942 3760 3768
f 3942 3934 3760
f 3934 3942 4141
f 3942 4062 4141
f 3614 3436 3474
f 3614 3598 3436
f 3784 3598 3614
f 3784 3768 3598
f 3640 3474 3498
f 3640 3614 3474
f 3796 3614 3640
f 3796 3784 3614
f 3950 3768 3784
f 3950 3942 3768
f 3942 3950 4062
f 3950 4108 4062
f 3962 3784 3796
f 3962 3950 3784
f 3950 3962 4108
f 3962 4109 4108
f 1021 928 1018
f 1021 931 928
f 1029 931 1021
f 1029 939 931
f 1051 939 1029
f 1051 951 939
f 1067 951 1051
f 1067 959 951
f 1091 959 1067
f 1091 987 959
f 1103 987 1091
f 1103 1003 987
f 1137 1003 1103
f 1137 1035 1003
f 1173 1035 1137
f 1173 1079 1035
f 1215 1079 1173
f 1215 1107 1079
f 1261 1107 1215
f 1261 1165 1107
f 1305 1165 1261
f 1305 1211 1165
f 1365 1211 1305
f 1365 1277 1211
f 1437 1277 1365
f 1437 1335 1277
f 1501 1335 1437
f 1501 1413 1335
f 1577 1413 1501
f 1577 1473 1413
f 1659 1473 1577
f 1659 1565 1473
f 1141 1018 1130
f 1141 1021 1018
f 1145 1021 1141
f 1145 1029 1021
f 1153 1029 1145
f 1153 1051 1029
f 1169 1051 1153
f 1169 1067 1051
f 1191 1067 1169
f 1191 1091 1067
f 1223 1091 1191
f 1223 1103 1091
f 1243 1103 1223
f 1243 1137 1103
f 1281 1137 1243
f 1281 1173 1137
f 1317 1173 1281
f 1317 1215 1173
f 1359 1215 1317
f 1359 1261 1215
f 1421 1261 1359
f 1421 1305 1261
f 1457 1305 1421
f 1457 1365 1305
f 1537 1365 1457
f 1537 1437 1365
f 1605 1437 1537
f 1605 1501 1437
f 1679 1501 1605
f 1679 1577 1501
f 1775 1577 1679
f 1775 1659 1577
f 1249 1130 1246
f 1249 1141 1130
f 1257 1141 1249
f 1257 1145 1141
f 1273 1145 1257
f 1273 1153 1145
f 1285 1153 1273
f 1285 1169 1153
f 1301 1169 1285
f 1301 1191 1169
f 1325 1191 1301
f 1325 1223 1191
f 1355 1223 1325
f 1355 1243 1223
f 1393 1243 1355
f 1393 1281 1243
f 1433 1281 1393
f 1433 1317 1281
f 1465 1317 1433
f 1465 1359 1317
f 1533 1359 1465
f 1533 1421 1359
f 1581 1421 1533
f 1581 1457 1421
f 1643 1457 1581
f 1643 1537 1457
f 1717 1537 1643
f 1717 1605 1537
f 1795 1605 1717
f 1795 1679 1605
f 1873 1679 1795
f 1873 1775 1679
f 1369 1246 1362
f 1369 1249 1246
f 1373 1249 1369
f 1373 1257 1249
f 1381 1257 1373
f 1381 1273 1257
f 1409 1273 1381
f 1409 1285 1273
f 1425 1285 1409
f 1425 1301 1285
f 1441 1301 1425
f 1441 1325 1301
f 1461 1325 1441
f 1461 1355 1325
f 1513 1355 1461
f 1513 1393 1355
f 1553 1393 1513
f 1553 1433 1393
f 1585 1433 1553
f 1585 1465 1433
f 1635 1465 1585
f 1635 1533 1465
f 1693 1533 1635
f 1693 1581 1533
f 1755 1581 1693
f 1755 1643 1581
f 1819 1643 1755
f 1819 1717 1643
f 1907 1717 1819
f 1907 1795 1717
f 2001 1795 1907
f 2001 1873 1795
f 1483 1362 1480
f 1483 1369 1362
f 1491 1369 1483
f 1491 1373 1369
f 1509 1373 1491
f 1509 1381 1373
f 1521 1381 1509
f 1521 1409 1381
f 1541 1409 1521
f 1541 1425 1409
f 1561 1425 1541
f 1561 1441 1425
f 1589 1441 1561
f 1589 1461 1441
f 1627 1461 1589
f 1627 1513 1461
f 1655 1513 1627
f 1655 1553 1513
f 1701 1553 1655
f 1701 1585 1553
f 1759 1585 1701
f 1759 1635 1585
f 1811 1635 1759
f 1811 1693 1635
f 1869 1693 1811
f 1869 1755 1693
f 1939 1755 1869
f 1939 1819 1755
f 2033 1819 1939
f 2033 1907 1819
f 2111 1907 2033
f 2111 2001 1907
f 1611 1480 1608
f 1611 1483 1480
f 1619 1483 1611
f 1619 1491 1483
f 1631 1491 1619
f 1631 1509 1491
f 1639 1509 1631
f 1639 1521 1509
f 1651 1521 1639
f 1651 1541 1521
f 1685 1541 1651
f 1685 1561 1541
f 1721 1561 1685
f 1721 1589 1561
f 1743 1589 1721
f 1743 1627 1589
f 1791 1627 1743
f 1791 1655 1627
f 1823 1655 1791
f 1823 1701 1655
f 1877 1701 1823
f 1877 1759 1701
f 1935 1759 1877
f 1935 1811 1759
f 2009 1811 1935
f 2009 1869 1811
f 2053 1869 2009
f 2053 1939 1869
f 2143 1939 2053
f 2143 2033 1939
f 2243 2033 2143
f 2243 2111 2033
f 1727 1608 1724
f 1727 1611 1608
f 1735 1611 1727
f 1735 1619 1611
f 1747 1619 1735
f 1747 1631 1619
f 1771 1631 1747
f 1771 1639 1631
f 1787 1639 1771
f 1787 1651 1639
f 1807 1651 1787
f 1807 1685 1651
f 1831 1685 1807
f 1831 1721 1685
f 1861 1721 1831
f 1861 1743 1721
f 1911 1743 1861
f 1911 1791 1743
f 1947 1791 1911
f 1947 1823 1791
f 2013 1823 1947
f 2013 1877 1823
f 2045 1877 2013
f 2045 1935 1877
f 2123 1935 2045
f 2123 2009 1935
f 2203 2009 2123
f 2203 2053 2009
f 2301 2053 2203
f 2301 2143 2053
f 2405 2143 2301
f 2405 2243 2143
f 1845 1724 1842
f 1845 1727 1724
f 1849 1727 1845
f 1849 1735 1727
f 1865 1735 1849
f 1865 1747 1735
f 1881 1747 1865
f 1881 1771 1747
f 1899 1771 1881
f 1899 1787 1771
f 1927 1787 1899
f 1927 1807 1787
f 1951 1807 1927
f 1951 1831 1807
f 1993 1831 1951
f 1993 1861 1831
f 2037 1861 1993
f 2037 1911 1861
f 2067 1911 2037
f 2067 1947 1911
f 2127 1947 2067
f 2127 2013 1947
f 2191 2013 2127
f 2191 2045 2013
f 2259 2045 2191
f 2259 2123 2045
f 2335 2123 2259
f 2335 2203 2123
f 2458 2203 2335
f 2458 2301 2203
f 2582 2301 2458
f 2582 2405 2301
f 1961 1842 1958
f 1961 1845 1842
f 1973 1845 1961
f 1973 1849 1845
f 1981 1849 1973
f 1981 1865 1849
f 2005 1865 1981
f 2005 1881 1865
f 2021 1881 2005
f 2021 1899 1881
f 2041 1899 2021
f 2041 1927 1899
f 2057 1927 2041
f 2057 1951 1927
f 2103 1951 2057
f 2103 1993 1951
f 2135 1993 2103
f 2135 2037 1993
f 2199 2037 2135
f 2199 2067 2037
f 2247 2067 2199
f 2247 2127 2067
f 2313 2127 2247
f 2313 2191 2127
f 2401 2191 2313
f 2401 2259 2191
f 2500 2259 2401
f 2500 2335 2259
f 2616 2335 2500
f 2616 2458 2335
f 2704 2458 2616
f 2704 2582 2458
f 2071 1958 2064
f 2071 1961 1958
f 2075 1961 2071
f 2075 1973 1961
f 2095 1973 2075
f 2095 1981 1973
f 2107 1981 2095
f 2107 2005 1981
f 2131 2005 2107
f 2131 2021 2005
f 2139 2021 2131
f 2139 2041 2021
f 2183 2041 2139
f 2183 2057 2041
f 2227 2057 2183
f 2227 2103 2057
f 2273 2103 2227
f 2273 2135 2103
f 2309 2135 2273
f 2309 2199 2135
f 2383 2199 2309
f 2383 2247 2199
f 2472 2247 2383
f 2472 2313 2247
f 2566 2313 2472
f 2566 2401 2313
f 2646 2401 2566
f 2646 2500 2401
f 2722 2500 2646
f 2722 2616 2500
f 2788 2616 2722
f 2788 2704 2616
f 2163 2064 2160
f 2163 2071 2064
f 2171 2071 2163
f 2171 2075 2071
f 2195 2075 2171
f 2195 2095 2075
f 2211 2095 2195
f 2211 2107 2095
f 2231 2107 2211
f 2231 2131 2107
f 2255 2131 2231
f 2255 2139 2131
f 2297 2139 2255
f 2297 2183 2139
f 2321 2183 2297
f 2321 2227 2183
f 2379 2227 2321
f 2379 2273 2227
f 2452 2273 2379
f 2452 2309 2273
f 2524 2309 2452
f 2524 2383 2309
f 2612 2383 2524
f 2612 2472 2383
f 2658 2472 2612
f 2658 2566 2472
f 2734 2566 2658
f 2734 2646 2566
f 2796 2646 2734
f 2796 2722 2646
f 2856 2722 2796
f 2856 2788 2722
f 2265 2160 2262
f 2265 2163 2160
f 2277 2163 2265
f 2277 2171 2163
f 2285 2171 2277
f 2285 2195 2171
f 2305 2195 2285
f 2305 2211 2195
f 2317 2211 2305
f 2317 2231 2211
f 2355 2231 2317
f 2355 2255 2231
f 2391 2255 2355
f 2391 2297 2255
f 2435 2297 2391
f 2435 2321 2297
f 2492 2321 2435
f 2492 2379 2321
f 2570 2379 2492
f 2570 2452 2379
f 2624 2452 2570
f 2624 2524 2452
f 2688 2524 2624
f 2688 2612 2524
f 2742 2612 2688
f 2742 2658 2612
f 2804 2658 2742
f 2804 2734 2658
f 2848 2734 2804
f 2848 2796 2734
f 2928 2796 2848
f 2928 2856 2796
f 2327 2262 2324
f 2327 2265 2262
f 2347 2265 2327
f 2347 2277 2265
f 2359 2277 2347
f 2359 2285 2277
f 2375 2285 2359
f 2375 2305 2285
f 2409 2305 2375
f 2409 2317 2305
f 2439 2317 2409
f 2439 2355 2317
f 2486 2355 2439
f 2486 2391 2355
f 2536 2391 2486
f 2536 2435 2391
f 2594 2435 2536
f 2594 2492 2435
f 2638 2492 2594
f 2638 2570 2492
f 2700 2570 2638
f 2700 2624 2570
f 2738 2624 2700
f 2738 2688 2624
f 2792 2688 2738
f 2792 2742 2688
f 2838 2742 2792
f 2838 2804 2742
f 2914 2804 2838
f 2914 2848 2804
f 2974 2848 2914
f 2974 2928 2848
f 2397 2324 2394
f 2397 2327 2324
f 2413 2327 2397
f 2413 2347 2327
f 2421 2347 2413
f 2421 2359 2347
f 2443 2359 2421
f 2443 2375 2359
f 2476 2375 2443
f 2476 2409 2375
f 2504 2409 2476
f 2504 2439 2409
f 2560 2439 2504
f 2560 2486 2439
f 2598 2486 2560
f 2598 2536 2486
f 2642 2536 2598
f 2642 2594 2536
f 2692 2594 2642
f 2692 2638 2594
f 2726 2638 2692
f 2726 2700 2638
f 2768 2700 2726
f 2768 2738 2700
f 2826 2738 2768
f 2826 2792 2738
f 2890 2792 2826
f 2890 2838 2792
f 2944 2838 2890
f 2944 2914 2838
f 3002 2914 2944
f 3002 2974 2914
f 2431 2394 2428
f 2431 2397 2394
f 2447 2397 2431
f 2447 2413 2397
f 2468 2413 2447
f 2468 2421 2413
f 2482 2421 2468
f 2482 2443 2421
f 2508 2443 2482
f 2508 2476 2443
f 2548 2476 2508
f 2548 2504 2476
f 2590 2504 2548
f 2590 2560 2504
f 2620 2560 2590
f 2620 2598 2560
f 2654 2598 2620
f 2654 2642 2598
f 2712 2642 2654
f 2712 2692 2642
f 2754 2692 2712
f 2754 2726 2692
f 2800 2726 2754
f 2800 2768 2726
f 2842 2768 2800
f 2842 2826 2768
f 2906 2826 2842
f 2906 2890 2826
f 2964 2890 2906
f 2964 2944 2890
f 3014 2944 2964
f 3014 3002 2944
f 2456 2428 2450
f 2456 2431 2428
f 2466 2431 2456
f 2466 2447 2431
f 2480 2447 2466
f 2480 2468 2447
f 2490 2468 2480
f 2490 2482 2468
f 2532 2482 2490
f 2532 2508 2482
f 2564 2508 2532
f 2564 2548 2508
f 2606 2548 2564
f 2606 2590 2548
f 2632 2590 2606
f 2632 2620 2590
f 2678 2620 2632
f 2678 2654 2620
f 2720 2654 2678
f 2720 2712 2654
f 2762 2712 2720
f 2762 2754 2712
f 2808 2754 2762
f 2808 2800 2754
f 2846 2800 2808
f 2846 2842 2800
f 2922 2842 2846
f 2922 2906 2842
f 2968 2906 2922
f 2968 2964 2906
f 3026 2964 2968
f 3026 3014 2964
f 1763 1565 1659
f 1763 1663 1565
f 1857 1663 1763
f 1857 1783 1663
f 1985 1783 1857
f 1985 1885 1783
f 2119 1885 1985
f 2119 2025 1885
f 2293 2025 2119
f 2293 2167 2025
f 2516 2167 2293
f 2516 2371 2167
f 2730 2371 2516
f 2730 2634 2371
f 2910 2634 2730
f 2910 2830 2634
f 1853 1659 1775
f 1853 1763 1659
f 1965 1763 1853
f 1965 1857 1763
f 2091 1857 1965
f 2091 1985 1857
f 2235 1985 2091
f 2235 2119 1985
f 2425 2119 2235
f 2425 2293 2119
f 2650 2293 2425
f 2650 2516 2293
f 2822 2516 2650
f 2822 2730 2516
f 2982 2730 2822
f 2982 2910 2730
f 1969 1775 1873
f 1969 1853 1775
f 2079 1853 1969
f 2079 1965 1853
f 2219 1965 2079
f 2219 2091 1965
f 2367 2091 2219
f 2367 2235 2091
f 2586 2235 2367
f 2586 2425 2235
f 2750 2425 2586
f 2750 2650 2425
f 2898 2650 2750
f 2898 2822 2650
f 3044 2822 2898
f 3044 2982 2822
f 2087 1873 2001
f 2087 1969 1873
f 2207 1969 2087
f 2207 2079 1969
f 2343 2079 2207
f 2343 2219 2079
f 2544 2219 2343
f 2544 2367 2219
f 2708 2367 2544
f 2708 2586 2367
f 2834 2586 2708
f 2834 2750 2586
f 2986 2750 2834
f 2986 2898 2750
f 3102 2898 2986
f 3102 3044 2898
f 2223 2001 2111
f 2223 2087 2001
f 2351 2087 2223
f 2351 2207 2087
f 2512 2207 2351
f 2512 2343 2207
f 2684 2343 2512
f 2684 2544 2343
f 2810 2544 2684
f 2810 2708 2544
f 2936 2708 2810
f 2936 2834 2708
f 3048 2834 2936
f 3048 2986 2834
f 3170 2986 3048
f 3170 3102 2986
f 2363 2111 2243
f 2363 2223 2111
f 2528 2223 2363
f 2528 2351 2223
f 2662 2351 2528
f 2662 2512 2351
f 2784 2512 2662
f 2784 2684 2512
f 2902 2684 2784
f 2902 2810 2684
f 3018 2810 2902
f 3018 2936 2810
f 3118 2936 3018
f 3118 3048 2936
f 3240 3048 3118
f 3240 3170 3048
f 2552 2243 2405
f 2552 2363 2243
f 2670 2363 2552
f 2670 2528 2363
f 2772 2528 2670
f 2772 2662 2528
f 2882 2662 2772
f 2882 2784 2662
f 2994 2784 2882
f 2994 2902 2784
f 3086 2902 2994
f 3086 3018 2902
f 3194 3018 3086
f 3194 3118 3018
f 3286 3118 3194
f 3286 3240 3118
f 2696 2405 2582
f 2696 2552 2405
f 2776 2552 2696
f 2776 2670 2552
f 2870 2670 2776
f 2870 2772 2670
f 2970 2772 2870
f 2970 2882 2772
f 3064 2882 2970
f 3064 2994 2882
f 3150 2994 3064
f 3150 3086 2994
f 3252 3086 3150
f 3252 3194 3086
f 3340 3194 3252
f 3340 3286 3194
f 3068 2830 2910
f 3068 3006 2830
f 3224 3006 3068
f 3224 3174 3006
f 3364 3174 3224
f 3364 3332 3174
f 3522 3332 3364
f 3522 3498 3332
f 3110 2910 2982
f 3110 3068 2910
f 3278 3068 3110
f 3278 3224 3068
f 3416 3224 3278
f 3416 3364 3224
f 3548 3364 3416
f 3548 3522 3364
f 3190 2982 3044
f 3190 3110 2982
f 3318 3110 3190
f 3318 3278 3110
f 3452 3278 3318
f 3452 3416 3278
f 3576 3416 3452
f 3576 3548 3416
f 3244 3044 3102
f 3244 3190 3044
f 3356 3190 3244
f 3356 3318 3190
f 3490 3318 3356
f 3490 3452 3318
f 3602 3452 3490
f 3602 3576 3452
f 3678 3498 3522
f 3678 3640 3498
f 3814 3640 3678
f 3814 3796 3640
f 3694 3522 3548
f 3694 3678 3522
f 3818 3678 3694
f 3818 3814 3678
f 3972 3796 3814
f 3972 3962 3796
f 3962 3972 4109
f 3972 4110 4109
f 3976 3814 3818
f 3976 3972 3814
f 3972 3976 4110
f 3976 4063 4110
f 3714 3548 3576
f 3714 3694 3548
f 3830 3694 3714
f 3830 3818 3694
f 3742 3576 3602
f 3742 3714 3576
f 3838 3714 3742
f 3838 3830 3714
f 3980 3818 3830
f 3980 3976 3818
f 3976 3980 4063
f 3980 4142 4063
f 3984 3830 3838
f 3984 3980 3830
f 3980 3984 4142
f 3984 4156 4142
f 3294 3102 3170
f 3294 3244 3102
f 3408 3244 3294
f 3408 3356 3244
f 3530 3356 3408
f 3530 3490 3356
f 3622 3490 3530
f 3622 3602 3490
f 3348 3170 3240
f 3348 3294 3170
f 3456 3294 3348
f 3456 3408 3294
f 3560 3408 3456
f 3560 3530 3408
f 3670 3530 3560
f 3670 3622 3530
f 3384 3240 3286
f 3384 3348 3240
f 3494 3348 3384
f 3494 3456 3348
f 3592 3456 3494
f 3592 3560 3456
f 3702 3560 3592
f 3702 3670 3560
f 3440 3286 3340
f 3440 3384 3286
f 3536 3384 3440
f 3536 3494 3384
f 3610 3494 3536
f 3610 3592 3494
f 3722 3592 3610
f 3722 3702 3592
f 3756 3602 3622
f 3756 3742 3602
f 3850 3742 3756
f 3850 3838 3742
f 3776 3622 3670
f 3776 3756 3622
f 3886 3756 3776
f 3886 3850 3756
f 3988 3838 3850
f 3988 3984 3838
f 3984 3988 4156
f 3988 4064 4156
f 3992 3850 3886
f 3992 3988 3850
f 3988 3992 4064
f 3992 4065 4064
f 3788 3670 3702
f 3788 3776 3670
f 3898 3776 3788
f 3898 3886 3776
f 3810 3702 3722
f 3810 3788 3702
f 3910 3788 3810
f 3910 3898 3788
f 3996 3886 3898
f 3996 3992 3886
f 3992 3996 4065
f 3996 4127 4065
f 4000 3898 3910
f 4000 3996 3898
f 3996 4000 4127
f 4000 4111 4127
f 2780 2582 2704
f 2780 2696 2582
f 2864 2696 2780
f 2864 2776 2696
f 2960 2776 2864
f 2960 2870 2776
f 3040 2870 2960
f 3040 2970 2870
f 3122 2970 3040
f 3122 3064 2970
f 3216 3064 3122
f 3216 3150 3064
f 3302 3150 3216
f 3302 3252 3150
f 3376 3252 3302
f 3376 3340 3252
f 2860 2704 2788
f 2860 2780 2704
f 2948 2780 2860
f 2948 2864 2780
f 3032 2864 2948
f 3032 2960 2864
f 3098 2960 3032
f 3098 3040 2960
f 3186 3040 3098
f 3186 3122 3040
f 3270 3122 3186
f 3270 3216 3122
f 3344 3216 3270
f 3344 3302 3216
f 3424 3302 3344
f 3424 3376 3302
f 2940 2788 2856
f 2940 2860 2788
f 3010 2860 2940
f 3010 2948 2860
f 3082 2948 3010
f 3082 3032 2948
f 3146 3032 3082
f 3146 3098 3032
f 3232 3098 3146
f 3232 3186 3098
f 3306 3186 3232
f 3306 3270 3186
f 3372 3270 3306
f 3372 3344 3270
f 3464 3344 3372
f 3464 3424 3344
f 2998 2856 2928
f 2998 2940 2856
f 3060 2940 2998
f 3060 3010 2940
f 3114 3010 3060
f 3114 3082 3010
f 3202 3082 3114
f 3202 3146 3082
f 3274 3146 3202
f 3274 3232 3146
f 3328 3232 3274
f 3328 3306 3232
f 3404 3306 3328
f 3404 3372 3306
f 3486 3372 3404
f 3486 3464 3372
f 3036 2928 2974
f 3036 2998 2928
f 3090 2998 3036
f 3090 3060 2998
f 3158 3060 3090
f 3158 3114 3060
f 3228 3114 3158
f 3228 3202 3114
f 3290 3202 3228
f 3290 3274 3202
f 3352 3274 3290
f 3352 3328 3274
f 3432 3328 3352
f 3432 3404 3328
f 3506 3404 3432
f 3506 3486 3404
f 3056 2974 3002
f 3056 3036 2974
f 3106 3036 3056
f 3106 3090 3036
f 3182 3090 3106
f 3182 3158 3090
f 3248 3158 3182
f 3248 3228 3158
f 3314 3228 3248
f 3314 3290 3228
f 3368 3290 3314
f 3368 3352 3290
f 3448 3352 3368
f 3448 3432 3352
f 3514 3432 3448
f 3514 3506 3432
f 3072 3002 3014
f 3072 3056 3002
f 3130 3056 3072
f 3130 3106 3056
f 3206 3106 3130
f 3206 3182 3106
f 3260 3182 3206
f 3260 3248 3182
f 3322 3248 3260
f 3322 3314 3248
f 3380 3314 3322
f 3380 3368 3314
f 3460 3368 3380
f 3460 3448 3368
f 3526 3448 3460
f 3526 3514 3448
f 3080 3014 3026
f 3080 3072 3014
f 3138 3072 3080
f 3138 3130 3072
f 3210 3130 3138
f 3210 3206 3130
f 3268 3206 3210
f 3268 3260 3206
f 3326 3260 3268
f 3326 3322 3260
f 3388 3322 3326
f 3388 3380 3322
f 3468 3380 3388
f 3468 3460 3380
f 3534 3460 3468
f 3534 3526 3460
f 3478 3340 3376
f 3478 3440 3340
f 3564 3440 3478
f 3564 3536 3440
f 3648 3536 3564
f 3648 3610 3536
f 3748 3610 3648
f 3748 3722 3610
f 3510 3376 3424
f 3510 3478 3376
f 3584 3478 3510
f 3584 3564 3478
f 3682 3564 3584
f 3682 3648 3564
f 3764 3648 3682
f 3764 3748 3648
f 3540 3424 3464
f 3540 3510 3424
f 3606 3510 3540
f 3606 3584 3510
f 3698 3584 3606
f 3698 3682 3584
f 3772 3682 3698
f 3772 3764 3682
f 3552 3464 3486
f 3552 3540 3464
f 3618 3540 3552
f 3618 3606 3540
f 3710 3606 3618
f 3710 3698 3606
f 3780 3698 3710
f 3780 3772 3698
f 3822 3722 3748
f 3822 3810 3722
f 3922 3810 3822
f 3922 3910 3810
f 3826 3748 3764
f 3826 3822 3748
f 3930 3822 3826
f 3930 3922 3822
f 4004 3910 3922
f 4004 4000 3910
f 4000 4004 4111
f 4004 4112 4111
f 4008 3922 3930
f 4008 4004 3922
f 4004 4008 4112
f 4008 4066 4112
f 3834 3764 3772
f 3834 3826 3764
f 3938 3826 3834
f 3938 3930 3826
f 3842 3772 3780
f 3842 3834 3772
f 3946 3834 3842
f 3946 3938 3834
f 4012 3930 3938
f 4012 4008 3930
f 4008 4012 4066
f 4012 4067 4066
f 4016 3938 3946
f 4016 4012 3938
f 4012 4016 4067
f 4016 4157 4067
f 3568 3486 3506
f 3568 3552 3486
f 3636 3552 3568
f 3636 3618 3552
f 3726 3618 3636
f 3726 3710 3618
f 3792 3710 3726
f 3792 3780 3710
f 3580 3506 3514
f 3580 3568 3506
f 3656 3568 3580
f 3656 3636 3568
f 3734 3636 3656
f 3734 3726 3636
f 3800 3726 3734
f 3800 3792 3726
f 3588 3514 3526
f 3588 3580 3514
f 3664 3580 3588
f 3664 3656 3580
f 3738 3656 3664
f 3738 3734 3656
f 3804 3734 3738
f 3804 3800 3734
f 3596 3526 3534
f 3596 3588 3526
f 3668 3588 3596
f 3668 3664 3588
f 3746 3664 3668
f 3746 3738 3664
f 3808 3738 3746
f 3808 3804 3738
f 3846 3780 3792
f 3846 3842 3780
f 3954 3842 3846
f 3954 3946 3842
f 3860 3792 3800
f 3860 3846 3792
f 3958 3846 3860
f 3958 3954 3846
f 4020 3946 3954
f 4020 4016 3946
f 4016 4020 4157
f 4020 4143 4157
f 4024 3954 3958
f 4024 4020 3954
f 4020 4024 4143
f 4024 4068 4143
f 3872 3800 3804
f 3872 3860 3800
f 3966 3860 3872
f 3966 3958 3860
f 3876 3804 3808
f 3876 3872 3804
f 3970 3872 3876
f 3970 3966 3872
f 4028 3958 3966
f 4028 4024 3958
f 4024 4028 4068
f 4028 4113 4068
f 4032 3966 3970
f 4032 4028 3966
f 4028 4032 4113
f 4032 4114 4113
f 4091 4029 4092
f 4029 4031 4092
f 3967 4031 4029
f 3967 3969 4031
f 4044 4025 4091
f 4025 4029 4091
f 3959 4029 4025
f 3959 3967 4029
f 3873 3969 3967
f 3873 3875 3969
f 3805 3875 3873
f 3805 3807 3875
f 3861 3967 3959
f 3861 3873 3967
f 3801 3873 3861
f 3801 3805 3873
f 4133 4021 4044
f 4021 4025 4044
f 3955 4025 4021
f 3955 3959 4025
f 4151 4017 4133
f 4017 4021 4133
f 3947 4021 4017
f 3947 3955 4021
f 3847 3959 3955
f 3847 3861 3959
f 3793 3861 3847
f 3793 3801 3861
f 3843 3955 3947
f 3843 3847 3955
f 3781 3847 3843
f 3781 3793 3847
f 3739 3807 3805
f 3739 3745 3807
f 3665 3745 3739
f 3665 3667 3745
f 3589 3667 3665
f 3589 3595 3667
f 3527 3595 3589
f 3527 3533 3595
f 3735 3805 3801
f 3735 3739 3805
f 3657 3739 3735
f 3657 3665 3739
f 3581 3665 3657
f 3581 3589 3665
f 3515 3589 3581
f 3515 3527 3589
f 3727 3801 3793
f 3727 3735 3801
f 3637 3735 3727
f 3637 3657 3735
f 3569 3657 3637
f 3569 3581 3657
f 3507 3581 3569
f 3507 3515 3581
f 3711 3793 3781
f 3711 3727 3793
f 3619 3727 3711
f 3619 3637 3727
f 3553 3637 3619
f 3553 3569 3637
f 3487 3569 3553
f 3487 3507 3569
f 4043 4013 4151
f 4013 4017 4151
f 3939 4017 4013
f 3939 3947 4017
f 4042 4009 4043
f 4009 4013 4043
f 3931 4013 4009
f 3931 3939 4013
f 3835 3947 3939
f 3835 3843 3947
f 3773 3843 3835
f 3773 3781 3843
f 3827 3939 3931
f 3827 3835 3939
f 3765 3835 3827
f 3765 3773 3835
f 4090 4005 4042
f 4005 4009 4042
f 3923 4009 4005
f 3923 3931 4009
f 4089 4001 4090
f 4001 4005 4090
f 3911 4005 4001
f 3911 3923 4005
f 3823 3931 3923
f 3823 3827 3931
f 3749 3827 3823
f 3749 3765 3827
f 3811 3923 3911
f 3811 3823 3923
f 3723 3823 3811
f 3723 3749 3823
f 3699 3781 3773
f 3699 3711 3781
f 3607 3711 3699
f 3607 3619 3711
f 3541 3619 3607
f 3541 3553 3619
f 3465 3553 3541
f 3465 3487 3553
f 3683 3773 3765
f 3683 3699 3773
f 3585 3699 3683
f 3585 3607 3699
f 3511 3607 3585
f 3511 3541 3607
f 3425 3541 3511
f 3425 3465 3541
f 3649 3765 3749
f 3649 3683 3765
f 3565 3683 3649
f 3565 3585 3683
f 3479 3585 3565
f 3479 3511 3585
f 3377 3511 3479
f 3377 3425 3511
f 3611 3749 3723
f 3611 3649 3749
f 3537 3649 3611
f 3537 3565 3649
f 3441 3565 3537
f 3441 3479 3565
f 3341 3479 3441
f 3341 3377 3479
f 3461 3533 3527
f 3461 3467 3533
f 3381 3467 3461
f 3381 3387 3467
f 3323 3387 3381
f 3323 3325 3387
f 3261 3325 3323
f 3261 3267 3325
f 3207 3267 3261
f 3207 3209 3267
f 3131 3209 3207
f 3131 3137 3209
f 3073 3137 3131
f 3073 3079 3137
f 3015 3079 3073
f 3015 3025 3079
f 3449 3527 3515
f 3449 3461 3527
f 3369 3461 3449
f 3369 3381 3461
f 3315 3381 3369
f 3315 3323 3381
f 3249 3323 3315
f 3249 3261 3323
f 3183 3261 3249
f 3183 3207 3261
f 3107 3207 3183
f 3107 3131 3207
f 3057 3131 3107
f 3057 3073 3131
f 3003 3073 3057
f 3003 3015 3073
f 3433 3515 3507
f 3433 3449 3515
f 3353 3449 3433
f 3353 3369 3449
f 3291 3369 3353
f 3291 3315 3369
f 3229 3315 3291
f 3229 3249 3315
f 3159 3249 3229
f 3159 3183 3249
f 3091 3183 3159
f 3091 3107 3183
f 3037 3107 3091
f 3037 3057 3107
f 2975 3057 3037
f 2975 3003 3057
f 3405 3507 3487
f 3405 3433 3507
f 3329 3433 3405
f 3329 3353 3433
f 3275 3353 3329
f 3275 3291 3353
f 3203 3291 3275
f 3203 3229 3291
f 3115 3229 3203
f 3115 3159 3229
f 3061 3159 3115
f 3061 3091 3159
f 2999 3091 3061
f 2999 3037 3091
f 2929 3037 2999
f 2929 2975 3037
f 3373 3487 3465
f 3373 3405 3487
f 3307 3405 3373
f 3307 3329 3405
f 3233 3329 3307
f 3233 3275 3329
f 3147 3275 3233
f 3147 3203 3275
f 3083 3203 3147
f 3083 3115 3203
f 3011 3115 3083
f 3011 3061 3115
f 2941 3061 3011
f 2941 2999 3061
f 2857 2999 2941
f 2857 2929 2999
f 3345 3465 3425
f 3345 3373 3465
f 3271 3373 3345
f 3271 3307 3373
f 3187 3307 3271
f 3187 3233 3307
f 3099 3233 3187
f 3099 3147 3233
f 3033 3147 3099
f 3033 3083 3147
f 2949 3083 3033
f 2949 3011 3083
f 2861 3011 2949
f 2861 2941 3011
f 2789 2941 2861
f 2789 2857 2941
f 3303 3425 3377
f 3303 3345 3425
f 3217 3345 3303
f 3217 3271 3345
f 3123 3271 3217
f 3123 3187 3271
f 3041 3187 3123
f 3041 3099 3187
f 2961 3099 3041
f 2961 3033 3099
f 2865 3033 2961
f 2865 2949 3033
f 2781 2949 2865
f 2781 2861 2949
f 2705 2861 2781
f 2705 2789 2861
f 3253 3377 3341
f 3253 3303 3377
f 3151 3303 3253
f 3151 3217 3303
f 3065 3217 3151
f 3065 3123 3217
f 2971 3123 3065
f 2971 3041 3123
f 2871 3041 2971
f 2871 2961 3041
f 2777 2961 2871
f 2777 2865 2961
f 2697 2865 2777
f 2697 2781 2865
f 2583 2781 2697
f 2583 2705 2781
f 4125 3997 4089
f 3997 4001 4089
f 3899 4001 3997
f 3899 3911 4001
f 4041 3993 4125
f 3993 3997 4125
f 3887 3997 3993
f 3887 3899 3997
f 3789 3911 3899
f 3789 3811 3911
f 3703 3811 3789
f 3703 3723 3811
f 3777 3899 3887
f 3777 3789 3899
f 3671 3789 3777
f 3671 3703 3789
f 4040 3989 4041
f 3989 3993 4041
f 3851 3993 3989
f 3851 3887 3993
f 4150 3985 4040
f 3985 3989 4040
f 3839 3989 3985
f 3839 3851 3989
f 3757 3887 3851
f 3757 3777 3887
f 3623 3777 3757
f 3623 3671 3777
f 3743 3851 3839
f 3743 3757 3851
f 3603 3757 3743
f 3603 3623 3757
f 3593 3723 3703
f 3593 3611 3723
f 3495 3611 3593
f 3495 3537 3611
f 3385 3537 3495
f 3385 3441 3537
f 3287 3441 3385
f 3287 3341 3441
f 3561 3703 3671
f 3561 3593 3703
f 3457 3593 3561
f 3457 3495 3593
f 3349 3495 3457
f 3349 3385 3495
f 3241 3385 3349
f 3241 3287 3385
f 3531 3671 3623
f 3531 3561 3671
f 3409 3561 3531
f 3409 3457 3561
f 3295 3457 3409
f 3295 3349 3457
f 3171 3349 3295
f 3171 3241 3349
f 3491 3623 3603
f 3491 3531 3623
f 3357 3531 3491
f 3357 3409 3531
f 3245 3409 3357
f 3245 3295 3409
f 3103 3295 3245
f 3103 3171 3295
f 4132 3981 4150
f 3981 3985 4150
f 3831 3985 3981
f 3831 3839 3985
f 4039 3977 4132
f 3977 3981 4132
f 3819 3981 3977
f 3819 3831 3981
f 3715 3839 3831
f 3715 3743 3839
f 3577 3743 3715
f 3577 3603 3743
f 3695 3831 3819
f 3695 3715 3831
f 3549 3715 3695
f 3549 3577 3715
f 4088 3973 4039
f 3973 3977 4039
f 3815 3977 3973
f 3815 3819 3977
f 4087 3963 4088
f 3963 3973 4088
f 3797 3973 3963
f 3797 3815 3973
f 3679 3819 3815
f 3679 3695 3819
f 3523 3695 3679
f 3523 3549 3695
f 3641 3815 3797
f 3641 3679 3815
f 3499 3679 3641
f 3499 3523 3679
f 3453 3603 3577
f 3453 3491 3603
f 3319 3491 3453
f 3319 3357 3491
f 3191 3357 3319
f 3191 3245 3357
f 3045 3245 3191
f 3045 3103 3245
f 3417 3577 3549
f 3417 3453 3577
f 3279 3453 3417
f 3279 3319 3453
f 3111 3319 3279
f 3111 3191 3319
f 2983 3191 3111
f 2983 3045 3191
f 3365 3549 3523
f 3365 3417 3549
f 3225 3417 3365
f 3225 3279 3417
f 3069 3279 3225
f 3069 3111 3279
f 2911 3111 3069
f 2911 2983 3111
f 3333 3523 3499
f 3333 3365 3523
f 3175 3365 3333
f 3175 3225 3365
f 3007 3225 3175
f 3007 3069 3225
f 2831 3069 3007
f 2831 2911 3069
f 3195 3341 3287
f 3195 3253 3341
f 3087 3253 3195
f 3087 3151 3253
f 2995 3151 3087
f 2995 3065 3151
f 2883 3065 2995
f 2883 2971 3065
f 2773 2971 2883
f 2773 2871 2971
f 2671 2871 2773
f 2671 2777 2871
f 2553 2777 2671
f 2553 2697 2777
f 2406 2697 2553
f 2406 2583 2697
f 3119 3287 3241
f 3119 3195 3287
f 3019 3195 3119
f 3019 3087 3195
f 2903 3087 3019
f 2903 2995 3087
f 2785 2995 2903
f 2785 2883 2995
f 2663 2883 2785
f 2663 2773 2883
f 2529 2773 2663
f 2529 2671 2773
f 2364 2671 2529
f 2364 2553 2671
f 2244 2553 2364
f 2244 2406 2553
f 3049 3241 3171
f 3049 3119 3241
f 2937 3119 3049
f 2937 3019 3119
f 2811 3019 2937
f 2811 2903 3019
f 2685 2903 2811
f 2685 2785 2903
f 2513 2785 2685
f 2513 2663 2785
f 2352 2663 2513
f 2352 2529 2663
f 2224 2529 2352
f 2224 2364 2529
f 2112 2364 2224
f 2112 2244 2364
f 2987 3171 3103
f 2987 3049 3171
f 2835 3049 2987
f 2835 2937 3049
f 2709 2937 2835
f 2709 2811 2937
f 2545 2811 2709
f 2545 2685 2811
f 2344 2685 2545
f 2344 2513 2685
f 2208 2513 2344
f 2208 2352 2513
f 2088 2352 2208
f 2088 2224 2352
f 2002 2224 2088
f 2002 2112 2224
f 2899 3103 3045
f 2899 2987 3103
f 2751 2987 2899
f 2751 2835 2987
f 2587 2835 2751
f 2587 2709 2835
f 2368 2709 2587
f 2368 2545 2709
f 2220 2545 2368
f 2220 2344 2545
f 2080 2344 2220
f 2080 2208 2344
f 1970 2208 2080
f 1970 2088 2208
f 1874 2088 1970
f 1874 2002 2088
f 2823 3045 2983
f 2823 2899 3045
f 2651 2899 2823
f 2651 2751 2899
f 2426 2751 2651
f 2426 2587 2751
f 2236 2587 2426
f 2236 2368 2587
f 2092 2368 2236
f 2092 2220 2368
f 1966 2220 2092
f 1966 2080 2220
f 1854 2080 1966
f 1854 1970 2080
f 1776 1970 1854
f 1776 1874 1970
f 2731 2983 2911
f 2731 2823 2983
f 2517 2823 2731
f 2517 2651 2823
f 2294 2651 2517
f 2294 2426 2651
f 2120 2426 2294
f 2120 2236 2426
f 1986 2236 2120
f 1986 2092 2236
f 1858 2092 1986
f 1858 1966 2092
f 1764 1966 1858
f 1764 1854 1966
f 1660 1854 1764
f 1660 1776 1854
f 2635 2911 2831
f 2635 2731 2911
f 2372 2731 2635
f 2372 2517 2731
f 2168 2517 2372
f 2168 2294 2517
f 2026 2294 2168
f 2026 2120 2294
f 1886 2120 2026
f 1886 1986 2120
f 1784 1986 1886
f 1784 1858 1986
f 1664 1858 1784
f 1664 1764 1858
f 1566 1764 1664
f 1566 1660 1764
f 2965 3025 3015
f 2965 2967 3025
f 2907 2967 2965
f 2907 2921 2967
f 2843 2921 2907
f 2843 2845 2921
f 2801 2845 2843
f 2801 2807 2845
f 2755 2807 2801
f 2755 2761 2807
f 2713 2761 2755
f 2713 2719 2761
f 2655 2719 2713
f 2655 2677 2719
f 2621 2677 2655
f 2621 2631 2677
f 2591 2631 2621
f 2591 2605 2631
f 2549 2605 2591
f 2549 2563 2605
f 2509 2563 2549
f 2509 2531 2563
f 2483 2531 2509
f 2483 2489 2531
f 2469 2489 2483
f 2469 2479 2489
f 2448 2479 2469
f 2448 2465 2479
f 2432 2465 2448
f 2432 2455 2465
f 2429 2455 2432
f 2429 2450 2455
f 2945 3015 3003
f 2945 2965 3015
f 2891 2965 2945
f 2891 2907 2965
f 2827 2907 2891
f 2827 2843 2907
f 2769 2843 2827
f 2769 2801 2843
f 2727 2801 2769
f 2727 2755 2801
f 2693 2755 2727
f 2693 2713 2755
f 2643 2713 2693
f 2643 2655 2713
f 2599 2655 2643
f 2599 2621 2655
f 2561 2621 2599
f 2561 2591 2621
f 2505 2591 2561
f 2505 2549 2591
f 2477 2549 2505
f 2477 2509 2549
f 2444 2509 2477
f 2444 2483 2509
f 2422 2483 2444
f 2422 2469 2483
f 2414 2469 2422
f 2414 2448 2469
f 2398 2448 2414
f 2398 2432 2448
f 2395 2432 2398
f 2395 2429 2432
f 2915 3003 2975
f 2915 2945 3003
f 2839 2945 2915
f 2839 2891 2945
f 2793 2891 2839
f 2793 2827 2891
f 2739 2827 2793
f 2739 2769 2827
f 2701 2769 2739
f 2701 2727 2769
f 2639 2727 2701
f 2639 2693 2727
f 2595 2693 2639
f 2595 2643 2693
f 2537 2643 2595
f 2537 2599 2643
f 2487 2599 2537
f 2487 2561 2599
f 2440 2561 2487
f 2440 2505 2561
f 2410 2505 2440
f 2410 2477 2505
f 2376 2477 2410
f 2376 2444 2477
f 2360 2444 2376
f 2360 2422 2444
f 2348 2422 2360
f 2348 2414 2422
f 2328 2414 2348
f 2328 2398 2414
f 2325 2398 2328
f 2325 2395 2398
f 2849 2975 2929
f 2849 2915 2975
f 2805 2915 2849
f 2805 2839 2915
f 2743 2839 2805
f 2743 2793 2839
f 2689 2793 2743
f 2689 2739 2793
f 2625 2739 2689
f 2625 2701 2739
f 2571 2701 2625
f 2571 2639 2701
f 2493 2639 2571
f 2493 2595 2639
f 2436 2595 2493
f 2436 2537 2595
f 2392 2537 2436
f 2392 2487 2537
f 2356 2487 2392
f 2356 2440 2487
f 2318 2440 2356
f 2318 2410 2440
f 2306 2410 2318
f 2306 2376 2410
f 2286 2376 2306
f 2286 2360 2376
f 2278 2360 2286
f 2278 2348 2360
f 2266 2348 2278
f 2266 2328 2348
f 2263 2328 2266
f 2263 2325 2328
f 2797 2929 2857
f 2797 2849 2929
f 2735 2849 2797
f 2735 2805 2849
f 2659 2805 2735
f 2659 2743 2805
f 2613 2743 2659
f 2613 2689 2743
f 2525 2689 2613
f 2525 2625 2689
f 2453 2625 2525
f 2453 2571 2625
f 2380 2571 2453
f 2380 2493 2571
f 2322 2493 2380
f 2322 2436 2493
f 2298 2436 2322
f 2298 2392 2436
f 2256 2392 2298
f 2256 2356 2392
f 2232 2356 2256
f 2232 2318 2356
f 2212 2318 2232
f 2212 2306 2318
f 2196 2306 2212
f 2196 2286 2306
f 2172 2286 2196
f 2172 2278 2286
f 2164 2278 2172
f 2164 2266 2278
f 2161 2266 2164
f 2161 2263 2266
f 2723 2857 2789
f 2723 2797 2857
f 2647 2797 2723
f 2647 2735 2797
f 2567 2735 2647
f 2567 2659 2735
f 2473 2659 2567
f 2473 2613 2659
f 2384 2613 2473
f 2384 2525 2613
f 2310 2525 2384
f 2310 2453 2525
f 2274 2453 2310
f 2274 2380 2453
f 2228 2380 2274
f 2228 2322 2380
f 2184 2322 2228
f 2184 2298 2322
f 2140 2298 2184
f 2140 2256 2298
f 2132 2256 2140
f 2132 2232 2256
f 2108 2232 2132
f 2108 2212 2232
f 2096 2212 2108
f 2096 2196 2212
f 2076 2196 2096
f 2076 2172 2196
f 2072 2172 2076
f 2072 2164 2172
f 2065 2164 2072
f 2065 2161 2164
f 2617 2789 2705
f 2617 2723 2789
f 2501 2723 2617
f 2501 2647 2723
f 2402 2647 2501
f 2402 2567 2647
f 2314 2567 2402
f 2314 2473 2567
f 2248 2473 2314
f 2248 2384 2473
f 2200 2384 2248
f 2200 2310 2384
f 2136 2310 2200
f 2136 2274 2310
f 2104 2274 2136
f 2104 2228 2274
f 2058 2228 2104
f 2058 2184 2228
f 2042 2184 2058
f 2042 2140 2184
f 2022 2140 2042
f 2022 2132 2140
f 2006 2132 2022
f 2006 2108 2132
f 1982 2108 2006
f 1982 2096 2108
f 1974 2096 1982
f 1974 2076 2096
f 1962 2076 1974
f 1962 2072 2076
f 1959 2072 1962
f 1959 2065 2072
f 2459 2705 2583
f 2459 2617 2705
f 2336 2617 2459
f 2336 2501 2617
f 2260 2501 2336
f 2260 2402 2501
f 2192 2402 2260
f 2192 2314 2402
f 2128 2314 2192
f 2128 2248 2314
f 2068 2248 2128
f 2068 2200 2248
f 2038 2200 2068
f 2038 2136 2200
f 1994 2136 2038
f 1994 2104 2136
f 1952 2104 1994
f 1952 2058 2104
f 1928 2058 1952
f 1928 2042 2058
f 1900 2042 1928
f 1900 2022 2042
f 1882 2022 1900
f 1882 2006 2022
f 1866 2006 1882
f 1866 1982 2006
f 1850 1982 1866
f 1850 1974 1982
f 1846 1974 1850
f 1846 1962 1974
f 1843 1962 1846
f 1843 1959 1962
f 2302 2583 2406
f 2302 2459 2583
f 2204 2459 2302
f 2204 2336 2459
f 2124 2336 2204
f 2124 2260 2336
f 2046 2260 2124
f 2046 2192 2260
f 2014 2192 2046
f 2014 2128 2192
f 1948 2128 2014
f 1948 2068 2128
f 1912 2068 1948
f 1912 2038 2068
f 1862 2038 1912
f 1862 1994 2038
f 1832 1994 1862
f 1832 1952 1994
f 1808 1952 1832
f 1808 1928 1952
f 1788 1928 1808
f 1788 1900 1928
f 1772 1900 1788
f 1772 1882 1900
f 1748 1882 1772
f 1748 1866 1882
f 1736 1866 1748
f 1736 1850 1866
f 1728 1850 1736
f 1728 1846 1850
f 1725 1846 1728
f 1725 1843 1846
f 2144 2406 2244
f 2144 2302 2406
f 2054 2302 2144
f 2054 2204 2302
f 2010 2204 2054
f 2010 2124 2204
f 1936 2124 2010
f 1936 2046 2124
f 1878 2046 1936
f 1878 2014 2046
f 1824 2014 1878
f 1824 1948 2014
f 1792 1948 1824
f 1792 1912 1948
f 1744 1912 1792
f 1744 1862 1912
f 1722 1862 1744
f 1722 1832 1862
f 1686 1832 1722
f 1686 1808 1832
f 1652 1808 1686
f 1652 1788 1808
f 1640 1788 1652
f 1640 1772 1788
f 1632 1772 1640
f 1632 1748 1772
f 1620 1748 1632
f 1620 1736 1748
f 1612 1736 1620
f 1612 1728 1736
f 1609 1728 1612
f 1609 1725 1728
f 2034 2244 2112
f 2034 2144 2244
f 1940 2144 2034
f 1940 2054 2144
f 1870 2054 1940
f 1870 2010 2054
f 1812 2010 1870
f 1812 1936 2010
f 1760 1936 1812
f 1760 1878 1936
f 1702 1878 1760
f 1702 1824 1878
f 1656 1824 1702
f 1656 1792 1824
f 1628 1792 1656
f 1628 1744 1792
f 1590 1744 1628
f 1590 1722 1744
f 1562 1722 1590
f 1562 1686 1722
f 1542 1686 1562
f 1542 1652 1686
f 1522 1652 1542
f 1522 1640 1652
f 1510 1640 1522
f 1510 1632 1640
f 1492 1632 1510
f 1492 1620 1632
f 1484 1620 1492
f 1484 1612 1620
f 1481 1612 1484
f 1481 1609 1612
f 1908 2112 2002
f 1908 2034 2112
f 1820 2034 1908
f 1820 1940 2034
f 1756 1940 1820
f 1756 1870 1940
f 1694 1870 1756
f 1694 1812 1870
f 1636 1812 1694
f 1636 1760 1812
f 1586 1760 1636
f 1586 1702 1760
f 1554 1702 1586
f 1554 1656 1702
f 1514 1656 1554
f 1514 1628 1656
f 1462 1628 1514
f 1462 1590 1628
f 1442 1590 1462
f 1442 1562 1590
f 1426 1562 1442
f 1426 1542 1562
f 1410 1542 1426
f 1410 1522 1542
f 1382 1522 1410
f 1382 1510 1522
f 1374 1510 1382
f 1374 1492 1510
f 1370 1492 1374
f 1370 1484 1492
f 1363 1484 1370
f 1363 1481 1484
f 1796 2002 1874
f 1796 1908 2002
f 1718 1908 1796
f 1718 1820 1908
f 1644 1820 1718
f 1644 1756 1820
f 1582 1756 1644
f 1582 1694 1756
f 1534 1694 1582
f 1534 1636 1694
f 1466 1636 1534
f 1466 1586 1636
f 1434 1586 1466
f 1434 1554 1586
f 1394 1554 1434
f 1394 1514 1554
f 1356 1514 1394
f 1356 1462 1514
f 1326 1462 1356
f 1326 1442 1462
f 1302 1442 1326
f 1302 1426 1442
f 1286 1426 1302
f 1286 1410 1426
f 1274 1410 1286
f 1274 1382 1410
f 1258 1382 1274
f 1258 1374 1382
f 1250 1374 1258
f 1250 1370 1374
f 1247 1370 1250
f 1247 1363 1370
f 1680 1874 1776
f 1680 1796 1874
f 1606 1796 1680
f 1606 1718 1796
f 1538 1718 1606
f 1538 1644 1718
f 1458 1644 1538
f 1458 1582 1644
f 1422 1582 1458
f 1422 1534 1582
f 1360 1534 1422
f 1360 1466 1534
f 1318 1466 1360
f 1318 1434 1466
f 1282 1434 1318
f 1282 1394 1434
f 1244 1394 1282
f 1244 1356 1394
f 1224 1356 1244
f 1224 1326 1356
f 1192 1326 1224
f 1192 1302 1326
f 1170 1302 1192
f 1170 1286 1302
f 1154 1286 1170
f 1154 1274 1286
f 1146 1274 1154
f 1146 1258 1274
f 1142 1258 1146
f 1142 1250 1258
f 1131 1250 1142
f 1131 1247 1250
f 1578 1776 1660
f 1578 1680 1776
f 1502 1680 1578
f 1502 1606 1680
f 1438 1606 1502
f 1438 1538 1606
f 1366 1538 1438
f 1366 1458 1538
f 1306 1458 1366
f 1306 1422 1458
f 1262 1422 1306
f 1262 1360 1422
f 1216 1360 1262
f 1216 1318 1360
f 1174 1318 1216
f 1174 1282 1318
f 1138 1282 1174
f 1138 1244 1282
f 1104 1244 1138
f 1104 1224 1244
f 1092 1224 1104
f 1092 1192 1224
f 1068 1192 1092
f 1068 1170 1192
f 1052 1170 1068
f 1052 1154 1170
f 1030 1154 1052
f 1030 1146 1154
f 1022 1146 1030
f 1022 1142 1146
f 1019 1142 1022
f 1019 1131 1142
f 1474 1660 1566
f 1474 1578 1660
f 1414 1578 1474
f 1414 1502 1578
f 1336 1502 1414
f 1336 1438 1502
f 1278 1438 1336
f 1278 1366 1438
f 1212 1366 1278
f 1212 1306 1366
f 1166 1306 1212
f 1166 1262 1306
f 1108 1262 1166
f 1108 1216 1262
f 1080 1216 1108
f 1080 1174 1216
f 1036 1174 1080
f 1036 1138 1174
f 1004 1138 1036
f 1004 1104 1138
f 988 1104 1004
f 988 1092 1104
f 960 1092 988
f 960 1068 1092
f 952 1068 960
f 952 1052 1068
f 940 1052 952
f 940 1030 1052
f 932 1030 940
f 932 1022 1030
f 929 1022 932
f 929 1019 1022
f 4086 3951 4087
f 3951 3963 4087
f 3785 3963 3951
f 3785 3797 3963
f 4038 3943 4086
f 3943 3951 4086
f 3769 3951 3943
f 3769 3785 3951
f 3615 3797 3785
f 3615 3641 3797
f 3475 3641 3615
f 3475 3499 3641
f 3599 3785 3769
f 3599 3615 3785
f 3437 3615 3599
f 3437 3475 3615
f 4131 3935 4038
f 3935 3943 4038
f 3761 3943 3935
f 3761 3769 3943
f 4149 3927 4131
f 3927 3935 4131
f 3753 3935 3927
f 3753 3761 3935
f 3573 3769 3761
f 3573 3599 3769
f 3393 3599 3573
f 3393 3437 3599
f 3557 3761 3753
f 3557 3573 3761
f 3361 3573 3557
f 3361 3393 3573
f 3299 3499 3475
f 3299 3333 3499
f 3127 3333 3299
f 3127 3175 3333
f 2953 3175 3127
f 2953 3007 3175
f 2759 3007 2953
f 2759 2831 3007
f 3265 3475 3437
f 3265 3299 3475
f 3077 3299 3265
f 3077 3127 3299
f 2887 3127 3077
f 2887 2953 3127
f 2675 2953 2887
f 2675 2759 2953
f 3221 3437 3393
f 3221 3265 3437
f 3029 3265 3221
f 3029 3077 3265
f 2819 3077 3029
f 2819 2887 3077
f 2579 2887 2819
f 2579 2675 2887
f 3179 3393 3361
f 3179 3221 3393
f 2979 3221 3179
f 2979 3029 3221
f 2747 3029 2979
f 2747 2819 3029
f 2463 2819 2747
f 2463 2579 2819
f 4037 3919 4149
f 3919 3927 4149
f 3731 3927 3919
f 3731 3753 3927
f 4036 3915 4037
f 3915 3919 4037
f 3719 3919 3915
f 3719 3731 3919
f 3545 3753 3731
f 3545 3557 3753
f 3337 3557 3545
f 3337 3361 3557
f 3519 3731 3719
f 3519 3545 3731
f 3311 3545 3519
f 3311 3337 3545
f 4085 3907 4036
f 3907 3915 4036
f 3707 3915 3907
f 3707 3719 3915
f 4084 3903 4085
f 3903 3907 4085
f 3691 3907 3903
f 3691 3707 3907
f 3503 3719 3707
f 3503 3519 3719
f 3283 3519 3503
f 3283 3311 3519
f 3483 3707 3691
f 3483 3503 3707
f 3257 3503 3483
f 3257 3283 3503
f 3135 3361 3337
f 3135 3179 3361
f 2925 3179 3135
f 2925 2979 3179
f 2681 2979 2925
f 2681 2747 2979
f 2340 2747 2681
f 2340 2463 2747
f 3095 3337 3311
f 3095 3135 3337
f 2853 3135 3095
f 2853 2925 3135
f 2603 2925 2853
f 2603 2681 2925
f 2252 2681 2603
f 2252 2340 2681
f 3053 3311 3283
f 3053 3095 3311
f 2815 3095 3053
f 2815 2853 3095
f 2497 2853 2815
f 2497 2603 2853
f 2176 2603 2497
f 2176 2252 2603
f 3023 3283 3257
f 3023 3053 3283
f 2765 3053 3023
f 2765 2815 3053
f 2418 2815 2765
f 2418 2497 2815
f 2116 2497 2418
f 2116 2176 2497
f 2521 2831 2759
f 2521 2635 2831
f 2270 2635 2521
f 2270 2372 2635
f 2084 2372 2270
f 2084 2168 2372
f 1932 2168 2084
f 1932 2026 2168
f 1800 2026 1932
f 1800 1886 2026
f 1676 1886 1800
f 1676 1784 1886
f 1574 1784 1676
f 1574 1664 1784
f 1470 1664 1574
f 1470 1566 1664
f 2388 2759 2675
f 2388 2521 2759
f 2154 2521 2388
f 2154 2270 2521
f 1998 2270 2154
f 1998 2084 2270
f 1836 2084 1998
f 1836 1932 2084
f 1710 1932 1836
f 1710 1800 1932
f 1594 1800 1710
f 1594 1676 1800
f 1478 1676 1594
f 1478 1574 1676
f 1390 1574 1478
f 1390 1470 1574
f 2282 2675 2579
f 2282 2388 2675
f 2062 2388 2282
f 2062 2154 2388
f 1904 2154 2062
f 1904 1998 2154
f 1752 1998 1904
f 1752 1836 1998
f 1624 1836 1752
f 1624 1710 1836
f 1506 1710 1624
f 1506 1594 1710
f 1406 1594 1506
f 1406 1478 1594
f 1294 1478 1406
f 1294 1390 1478
f 2180 2579 2463
f 2180 2282 2579
f 1990 2282 2180
f 1990 2062 2282
f 1816 2062 1990
f 1816 1904 2062
f 1672 1904 1816
f 1672 1752 1904
f 1546 1752 1672
f 1546 1624 1752
f 1430 1624 1546
f 1430 1506 1624
f 1314 1506 1430
f 1314 1406 1506
f 1220 1406 1314
f 1220 1294 1406
f 2100 2463 2340
f 2100 2180 2463
f 1916 2180 2100
f 1916 1990 2180
f 1740 1990 1916
f 1740 1816 1990
f 1598 1816 1740
f 1598 1672 1816
f 1454 1672 1598
f 1454 1546 1672
f 1348 1546 1454
f 1348 1430 1546
f 1236 1430 1348
f 1236 1314 1430
f 1128 1314 1236
f 1128 1220 1314
f 2030 2340 2252
f 2030 2100 2340
f 1828 2100 2030
f 1828 1916 2100
f 1668 1916 1828
f 1668 1740 1916
f 1526 1740 1668
f 1526 1598 1740
f 1386 1598 1526
f 1386 1454 1598
f 1270 1454 1386
f 1270 1348 1454
f 1158 1348 1270
f 1158 1236 1348
f 1064 1236 1158
f 1064 1128 1236
f 1956 2252 2176
f 1956 2030 2252
f 1780 2030 1956
f 1780 1828 2030
f 1602 1828 1780
f 1602 1668 1828
f 1450 1668 1602
f 1450 1526 1668
f 1322 1526 1450
f 1322 1386 1526
f 1196 1386 1322
f 1196 1270 1386
f 1096 1270 1196
f 1096 1158 1270
f 992 1158 1096
f 992 1064 1158
f 1890 2176 2116
f 1890 1956 2176
f 1706 1956 1890
f 1706 1780 1956
f 1550 1780 1706
f 1550 1602 1780
f 1402 1602 1550
f 1402 1450 1602
f 1266 1450 1402
f 1266 1322 1450
f 1134 1322 1266
f 1134 1196 1322
f 1016 1196 1134
f 1016 1096 1196
f 922 1096 1016
f 922 992 1096
f 4083 3895 4084
f 3895 3903 4084
f 3687 3903 3895
f 3687 3691 3903
f 4035 3891 4083
f 3891 3895 4083
f 3675 3895 3891
f 3675 3687 3895
f 3471 3691 3687
f 3471 3483 3691
f 3237 3483 3471
f 3237 3257 3483
f 3445 3687 3675
f 3445 3471 3687
f 3213 3471 3445
f 3213 3237 3471
f 4034 3883 4035
f 3883 3891 4035
f 3661 3891 3883
f 3661 3675 3891
f 4130 3879 4034
f 3879 3883 4034
f 3653 3883 3879
f 3653 3661 3883
f 3429 3675 3661
f 3429 3445 3675
f 3199 3445 3429
f 3199 3213 3445
f 3421 3661 3653
f 3421 3429 3661
f 3167 3429 3421
f 3167 3199 3429
f 2991 3257 3237
f 2991 3023 3257
f 2717 3023 2991
f 2717 2765 3023
f 2332 2765 2717
f 2332 2418 2765
f 2050 2418 2332
f 2050 2116 2418
f 2957 3237 3213
f 2957 2991 3237
f 2667 2991 2957
f 2667 2717 2991
f 2290 2717 2667
f 2290 2332 2717
f 2018 2332 2290
f 2018 2050 2332
f 2933 3213 3199
f 2933 2957 3213
f 2629 2957 2933
f 2629 2667 2957
f 2240 2667 2629
f 2240 2290 2667
f 1978 2290 2240
f 1978 2018 2290
f 2919 3199 3167
f 2919 2933 3199
f 2609 2933 2919
f 2609 2629 2933
f 2216 2629 2609
f 2216 2240 2629
f 1944 2240 2216
f 1944 1978 2240
f 4129 3869 4130
f 3869 3879 4130
f 3645 3879 3869
f 3645 3653 3879
f 4033 3865 4129
f 3865 3869 4129
f 3633 3869 3865
f 3633 3645 3869
f 3413 3653 3645
f 3413 3421 3653
f 3163 3421 3413
f 3163 3167 3421
f 3401 3645 3633
f 3401 3413 3645
f 3155 3413 3401
f 3155 3163 3413
f 4082 3857 4033
f 3857 3865 4033
f 3629 3865 3857
f 3629 3633 3865
f 3853 3857 4081
f 3857 4082 4081
f 3857 3625 3629
f 3857 3853 3625
f 3397 3633 3629
f 3397 3401 3633
f 3143 3401 3397
f 3143 3155 3401
f 3629 3389 3397
f 3629 3625 3389
f 3397 3139 3143
f 3397 3389 3139
f 2895 3167 3163
f 2895 2919 3167
f 2575 2919 2895
f 2575 2609 2919
f 2188 2609 2575
f 2188 2216 2609
f 1924 2216 2188
f 1924 1944 2216
f 2879 3163 3155
f 2879 2895 3163
f 2557 2895 2879
f 2557 2575 2895
f 2158 2575 2557
f 2158 2188 2575
f 1920 2188 2158
f 1920 1924 2188
f 2875 3155 3143
f 2875 2879 3155
f 2541 2879 2875
f 2541 2557 2879
f 3143 2867 2875
f 3143 3139 2867
f 2875 2533 2541
f 2875 2867 2533
f 2150 2557 2541
f 2150 2158 2557
f 1896 2158 2150
f 1896 1920 2158
f 2541 2146 2150
f 2541 2533 2146
f 2150 1892 1896
f 2150 2146 1892
f 1840 2116 2050
f 1840 1890 2116
f 1648 1890 1840
f 1648 1706 1890
f 1488 1706 1648
f 1488 1550 1706
f 1344 1550 1488
f 1344 1402 1550
f 1204 1402 1344
f 1204 1266 1402
f 1088 1266 1204
f 1088 1134 1266
f 976 1134 1088
f 976 1016 1134
f 868 1016 976
f 868 922 1016
f 1804 2050 2018
f 1804 1840 2050
f 1616 1840 1804
f 1616 1648 1840
f 1446 1648 1616
f 1446 1488 1648
f 1290 1488 1446
f 1290 1344 1488
f 1162 1344 1290
f 1162 1204 1344
f 1026 1204 1162
f 1026 1088 1204
f 914 1088 1026
f 914 976 1088
f 822 976 914
f 822 868 976
f 1768 2018 1978
f 1768 1804 2018
f 1570 1804 1768
f 1570 1616 1804
f 1418 1616 1570
f 1418 1446 1616
f 1254 1446 1418
f 1254 1290 1446
f 1116 1290 1254
f 1116 1162 1290
f 1000 1162 1116
f 1000 1026 1162
f 880 1026 1000
f 880 914 1026
f 780 914 880
f 780 822 914
f 1732 1978 1944
f 1732 1768 1978
f 1558 1768 1732
f 1558 1570 1768
f 1378 1570 1558
f 1378 1418 1570
f 1232 1418 1378
f 1232 1254 1418
f 1100 1254 1232
f 1100 1116 1254
f 964 1116 1100
f 964 1000 1116
f 860 1000 964
f 860 880 1000
f 756 880 860
f 756 780 880
f 1714 1944 1924
f 1714 1732 1944
f 1530 1732 1714
f 1530 1558 1732
f 1352 1558 1530
f 1352 1378 1558
f 1200 1378 1352
f 1200 1232 1378
f 1698 1924 1920
f 1698 1714 1924
f 1518 1714 1698
f 1518 1530 1714
f 1340 1530 1518
f 1340 1352 1530
f 1188 1352 1340
f 1188 1200 1352
f 1690 1920 1896
f 1690 1698 1920
f 1498 1698 1690
f 1498 1518 1698
f 1896 1682 1690
f 1896 1892 1682
f 1690 1494 1498
f 1690 1682 1494
f 1332 1518 1498
f 1332 1340 1518
f 1184 1340 1332
f 1184 1188 1340
f 1498 1328 1332
f 1498 1494 1328
f 1332 1180 1184
f 1332 1328 1180
f 1076 1232 1200
f 1076 1100 1232
f 944 1100 1076
f 944 964 1100
f 826 964 944
f 826 860 964
f 722 860 826
f 722 756 860
f 1056 1200 1188
f 1056 1076 1200
f 926 1076 1056
f 926 944 1076
f 806 944 926
f 806 826 944
f 714 826 806
f 714 722 826
f 1040 1188 1184
f 1040 1056 1188
f 910 1056 1040
f 910 926 1056
f 1184 1032 1040
f 1184 1180 1032
f 1040 906 910
f 1040 1032 906
f 798 926 910
f 798 806 926
f 702 806 798
f 702 714 806
f 910 794 798
f 910 906 794
f 798 694 702
f 798 794 694
f 1398 1566 1470
f 1398 1474 1566
f 1310 1474 1398
f 1310 1414 1474
f 1240 1414 1310
f 1240 1336 1414
f 1178 1336 1240
f 1178 1278 1336
f 1112 1278 1178
f 1112 1212 1278
f 1072 1212 1112
f 1072 1166 1212
f 1008 1166 1072
f 1008 1108 1166
f 984 1108 1008
f 984 1080 1108
f 948 1080 984
f 948 1036 1080
f 904 1036 948
f 904 1004 1036
f 892 1004 904
f 892 988 1004
f 864 988 892
f 864 960 988
f 856 960 864
f 856 952 960
f 844 952 856
f 844 940 952
f 840 940 844
f 840 932 940
f 829 932 840
f 829 929 932
f 1298 1470 1390
f 1298 1398 1470
f 1228 1398 1298
f 1228 1310 1398
f 1150 1310 1228
f 1150 1240 1310
f 1084 1240 1150
f 1084 1178 1240
f 1012 1178 1084
f 1012 1112 1178
f 980 1112 1012
f 980 1072 1112
f 918 1072 980
f 918 1008 1072
f 876 1008 918
f 876 984 1008
f 852 984 876
f 852 948 984
f 814 948 852
f 814 904 948
f 792 904 814
f 792 892 904
f 772 892 792
f 772 864 892
f 764 864 772
f 764 856 864
f 748 856 764
f 748 844 856
f 732 844 748
f 732 840 844
f 729 840 732
f 729 829 840
f 1208 1390 1294
f 1208 1298 1390
f 1124 1298 1208
f 1124 1228 1298
f 1060 1228 1124
f 1060 1150 1228
f 996 1150 1060
f 996 1084 1150
f 936 1084 996
f 936 1012 1084
f 872 1012 936
f 872 980 1012
f 832 980 872
f 832 918 980
f 788 918 832
f 788 876 918
f 760 876 788
f 760 852 876
f 718 852 760
f 718 814 852
f 698 814 718
f 698 792 814
f 680 792 698
f 680 772 792
f 664 772 680
f 664 764 772
f 652 764 664
f 652 748 764
f 644 748 652
f 644 732 748
f 641 732 644
f 641 729 732
f 1120 1294 1220
f 1120 1208 1294
f 1048 1208 1120
f 1048 1124 1208
f 972 1124 1048
f 972 1060 1124
f 900 1060 972
f 900 996 1060
f 848 996 900
f 848 936 996
f 784 936 848
f 784 872 936
f 744 872 784
f 744 832 872
f 706 832 744
f 706 788 832
f 668 788 706
f 668 760 788
f 638 760 668
f 638 718 760
f 610 718 638
f 610 698 718
f 592 698 610
f 592 680 698
f 580 680 592
f 580 664 680
f 568 664 580
f 568 652 664
f 560 652 568
f 560 644 652
f 557 644 560
f 557 641 644
f 1044 1220 1128
f 1044 1120 1220
f 956 1120 1044
f 956 1048 1120
f 888 1048 956
f 888 972 1048
f 818 972 888
f 818 900 972
f 768 900 818
f 768 848 900
f 710 848 768
f 710 784 848
f 660 784 710
f 660 744 784
f 622 744 660
f 622 706 744
f 588 706 622
f 588 668 706
f 554 668 588
f 554 638 668
f 526 638 554
f 526 610 638
f 512 610 526
f 512 592 610
f 488 592 512
f 488 580 592
f 484 580 488
f 484 568 580
f 472 568 484
f 472 560 568
f 469 560 472
f 469 557 560
f 968 1128 1064
f 968 1044 1128
f 884 1044 968
f 884 956 1044
f 802 956 884
f 802 888 956
f 740 888 802
f 740 818 888
f 684 818 740
f 684 768 818
f 630 768 684
f 630 710 768
f 584 710 630
f 584 660 710
f 538 660 584
f 538 622 660
f 508 622 538
f 508 588 622
f 476 588 508
f 476 554 588
f 450 554 476
f 450 526 554
f 424 526 450
f 424 512 526
f 420 512 424
f 420 488 512
f 400 488 420
f 400 484 488
f 396 484 400
f 396 472 484
f 393 472 396
f 393 469 472
f 896 1064 992
f 896 968 1064
f 810 968 896
f 810 884 968
f 736 884 810
f 736 802 884
f 672 802 736
f 672 740 802
f 614 740 672
f 614 684 740
f 564 684 614
f 564 630 684
f 516 630 564
f 516 584 630
f 466 584 516
f 466 538 584
f 432 538 466
f 432 508 538
f 404 508 432
f 404 476 508
f 372 476 404
f 372 450 476
f 360 450 372
f 360 424 450
f 340 424 360
f 340 420 424
f 328 420 340
f 328 400 420
f 324 400 328
f 324 396 400
f 317 396 324
f 317 393 396
f 836 992 922
f 836 896 992
f 752 896 836
f 752 810 896
f 676 810 752
f 676 736 810
f 602 736 676
f 602 672 736
f 542 672 602
f 542 614 672
f 496 614 542
f 496 564 614
f 444 564 496
f 444 516 564
f 412 516 444
f 412 466 516
f 364 466 412
f 364 432 466
f 336 432 364
f 336 404 432
f 308 404 336
f 308 372 404
f 288 372 308
f 288 360 372
f 276 360 288
f 276 340 360
f 264 340 276
f 264 328 340
f 250 328 264
f 250 324 328
f 247 324 250
f 247 317 324
f 776 922 868
f 776 836 922
f 692 836 776
f 692 752 836
f 626 752 692
f 626 676 752
f 550 676 626
f 550 602 676
f 492 602 550
f 492 542 602
f 436 542 492
f 436 496 542
f 386 496 436
f 386 444 496
f 352 444 386
f 352 412 444
f 726 868 822
f 726 776 868
f 648 776 726
f 648 692 776
f 572 692 648
f 572 626 692
f 504 626 572
f 504 550 626
f 440 550 504
f 440 492 550
f 382 492 440
f 382 436 492
f 344 436 382
f 344 386 436
f 296 386 344
f 296 352 386
f 688 822 780
f 688 726 822
f 598 726 688
f 598 648 726
f 530 648 598
f 530 572 648
f 462 572 530
f 462 504 572
f 408 504 462
f 408 440 504
f 356 440 408
f 356 382 440
f 300 382 356
f 300 344 382
f 254 344 300
f 254 296 344
f 656 780 756
f 656 688 780
f 576 688 656
f 576 598 688
f 500 598 576
f 500 530 598
f 428 530 500
f 428 462 530
f 368 462 428
f 368 408 462
f 312 408 368
f 312 356 408
f 272 356 312
f 272 300 356
f 224 300 272
f 224 254 300
f 634 756 722
f 634 656 756
f 546 656 634
f 546 576 656
f 480 576 546
f 480 500 576
f 416 500 480
f 416 428 500
f 618 722 714
f 618 634 722
f 534 634 618
f 534 546 634
f 458 546 534
f 458 480 546
f 390 480 458
f 390 416 480
f 606 714 702
f 606 618 714
f 522 618 606
f 522 534 618
f 702 594 606
f 702 694 594
f 606 518 522
f 606 594 518
f 454 534 522
f 454 458 534
f 378 458 454
f 378 390 458
f 522 446 454
f 522 518 446
f 454 374 378
f 454 446 374
f 348 428 416
f 348 368 428
f 292 368 348
f 292 312 368
f 240 312 292
f 240 272 312
f 198 272 240
f 198 224 272
f 332 416 390
f 332 348 416
f 280 348 332
f 280 292 348
f 228 292 280
f 228 240 292
f 180 240 228
f 180 198 240
f 320 390 378
f 320 332 390
f 268 332 320
f 268 280 332
f 378 314 320
f 378 374 314
f 320 260 268
f 320 314 260
f 216 280 268
f 216 228 280
f 172 228 216
f 172 180 228
f 268 208 216
f 268 260 208
f 216 168 172
f 216 208 168
f 304 412 352
f 304 364 412
f 284 364 304
f 284 336 364
f 244 336 284
f 244 308 336
f 236 308 244
f 236 288 308
f 212 288 236
f 212 276 288
f 206 276 212
f 206 264 276
f 194 264 206
f 194 250 264
f 191 250 194
f 191 247 250
f 258 352 296
f 258 304 352
f 232 304 258
f 232 284 304
f 202 284 232
f 202 244 284
f 176 244 202
f 176 236 244
f 166 236 176
f 166 212 236
f 150 212 166
f 150 206 212
f 146 206 150
f 146 194 206
f 139 194 146
f 139 191 194
f 220 296 254
f 220 258 296
f 188 258 220
f 188 232 258
f 158 232 188
f 158 202 232
f 136 202 158
f 136 176 202
f 118 176 136
f 118 166 176
f 110 166 118
f 110 150 166
f 102 150 110
f 102 146 150
f 91 146 102
f 91 139 146
f 184 254 224
f 184 220 254
f 154 220 184
f 154 188 220
f 122 188 154
f 122 158 188
f 106 158 122
f 106 136 158
f 86 136 106
f 86 118 136
f 74 118 86
f 74 110 118
f 64 110 74
f 64 102 110
f 61 102 64
f 61 91 102
f 162 224 198
f 162 184 224
f 126 184 162
f 126 154 184
f 98 154 126
f 98 122 154
f 78 122 98
f 78 106 122
f 142 198 180
f 142 162 198
f 114 162 142
f 114 126 162
f 82 126 114
f 82 98 126
f 54 98 82
f 54 78 98
f 132 180 172
f 132 142 180
f 94 142 132
f 94 114 142
f 172 128 132
f 172 168 128
f 132 88 94
f 132 128 88
f 70 114 94
f 70 82 114
f 50 82 70
f 50 54 82
f 94 66 70
f 94 88 66
f 70 42 50
f 70 66 42
f 58 106 78
f 58 86 106
f 46 86 58
f 46 74 86
f 36 74 46
f 36 64 74
f 33 64 36
f 33 61 64
f 40 78 54
f 40 58 78
f 26 58 40
f 26 46 58
f 20 46 26
f 20 36 46
f 17 36 20
f 17 33 36
f 30 54 50
f 30 40 54
f 14 40 30
f 14 26 40
f 50 22 30
f 50 42 22
f 30 10 14
f 30 22 10
f 8 26 14
f 8 20 26
f 5 20 8
f 5 17 20
f 14 2 8
f 14 10 2
f 8 1 5
f 8 2 1
f 2433 2450 2429
f 2433 2456 2450
f 2449 2456 2433
f 2449 2466 2456
f 2470 2466 2449
f 2470 2480 2466
f 2484 2480 2470
f 2484 2490 2480
f 2510 2490 2484
f 2510 2532 2490
f 2550 2532 2510
f 2550 2564 2532
f 2592 2564 2550
f 2592 2606 2564
f 2622 2606 2592
f 2622 2632 2606
f 2656 2632 2622
f 2656 2678 2632
f 2714 2678 2656
f 2714 2720 2678
f 2756 2720 2714
f 2756 2762 2720
f 2802 2762 2756
f 2802 2808 2762
f 2844 2808 2802
f 2844 2846 2808
f 2908 2846 2844
f 2908 2922 2846
f 2966 2922 2908
f 2966 2968 2922
f 3016 2968 2966
f 3016 3026 2968
f 2399 2429 2395
f 2399 2433 2429
f 2415 2433 2399
f 2415 2449 2433
f 2423 2449 2415
f 2423 2470 2449
f 2445 2470 2423
f 2445 2484 2470
f 2478 2484 2445
f 2478 2510 2484
f 2506 2510 2478
f 2506 2550 2510
f 2562 2550 2506
f 2562 2592 2550
f 2600 2592 2562
f 2600 2622 2592
f 2644 2622 2600
f 2644 2656 2622
f 2694 2656 2644
f 2694 2714 2656
f 2728 2714 2694
f 2728 2756 2714
f 2770 2756 2728
f 2770 2802 2756
f 2828 2802 2770
f 2828 2844 2802
f 2892 2844 2828
f 2892 2908 2844
f 2946 2908 2892
f 2946 2966 2908
f 3004 2966 2946
f 3004 3016 2966
f 2329 2395 2325
f 2329 2399 2395
f 2349 2399 2329
f 2349 2415 2399
f 2361 2415 2349
f 2361 2423 2415
f 2377 2423 2361
f 2377 2445 2423
f 2411 2445 2377
f 2411 2478 2445
f 2441 2478 2411
f 2441 2506 2478
f 2488 2506 2441
f 2488 2562 2506
f 2538 2562 2488
f 2538 2600 2562
f 2596 2600 2538
f 2596 2644 2600
f 2640 2644 2596
f 2640 2694 2644
f 2702 2694 2640
f 2702 2728 2694
f 2740 2728 2702
f 2740 2770 2728
f 2794 2770 2740
f 2794 2828 2770
f 2840 2828 2794
f 2840 2892 2828
f 2916 2892 2840
f 2916 2946 2892
f 2976 2946 2916
f 2976 3004 2946
f 2267 2325 2263
f 2267 2329 2325
f 2279 2329 2267
f 2279 2349 2329
f 2287 2349 2279
f 2287 2361 2349
f 2307 2361 2287
f 2307 2377 2361
f 2319 2377 2307
f 2319 2411 2377
f 2357 2411 2319
f 2357 2441 2411
f 2393 2441 2357
f 2393 2488 2441
f 2437 2488 2393
f 2437 2538 2488
f 2494 2538 2437
f 2494 2596 2538
f 2572 2596 2494
f 2572 2640 2596
f 2626 2640 2572
f 2626 2702 2640
f 2690 2702 2626
f 2690 2740 2702
f 2744 2740 2690
f 2744 2794 2740
f 2806 2794 2744
f 2806 2840 2794
f 2850 2840 2806
f 2850 2916 2840
f 2930 2916 2850
f 2930 2976 2916
f 2165 2263 2161
f 2165 2267 2263
f 2173 2267 2165
f 2173 2279 2267
f 2197 2279 2173
f 2197 2287 2279
f 2213 2287 2197
f 2213 2307 2287
f 2233 2307 2213
f 2233 2319 2307
f 2257 2319 2233
f 2257 2357 2319
f 2299 2357 2257
f 2299 2393 2357
f 2323 2393 2299
f 2323 2437 2393
f 2381 2437 2323
f 2381 2494 2437
f 2454 2494 2381
f 2454 2572 2494
f 2526 2572 2454
f 2526 2626 2572
f 2614 2626 2526
f 2614 2690 2626
f 2660 2690 2614
f 2660 2744 2690
f 2736 2744 2660
f 2736 2806 2744
f 2798 2806 2736
f 2798 2850 2806
f 2858 2850 2798
f 2858 2930 2850
f 2073 2161 2065
f 2073 2165 2161
f 2077 2165 2073
f 2077 2173 2165
f 2097 2173 2077
f 2097 2197 2173
f 2109 2197 2097
f 2109 2213 2197
f 2133 2213 2109
f 2133 2233 2213
f 2141 2233 2133
f 2141 2257 2233
f 2185 2257 2141
f 2185 2299 2257
f 2229 2299 2185
f 2229 2323 2299
f 2275 2323 2229
f 2275 2381 2323
f 2311 2381 2275
f 2311 2454 2381
f 2385 2454 2311
f 2385 2526 2454
f 2474 2526 2385
f 2474 2614 2526
f 2568 2614 2474
f 2568 2660 2614
f 2648 2660 2568
f 2648 2736 2660
f 2724 2736 2648
f 2724 2798 2736
f 2790 2798 2724
f 2790 2858 2798
f 1963 2065 1959
f 1963 2073 2065
f 1975 2073 1963
f 1975 2077 2073
f 1983 2077 1975
f 1983 2097 2077
f 2007 2097 1983
f 2007 2109 2097
f 2023 2109 2007
f 2023 2133 2109
f 2043 2133 2023
f 2043 2141 2133
f 2059 2141 2043
f 2059 2185 2141
f 2105 2185 2059
f 2105 2229 2185
f 2137 2229 2105
f 2137 2275 2229
f 2201 2275 2137
f 2201 2311 2275
f 2249 2311 2201
f 2249 2385 2311
f 2315 2385 2249
f 2315 2474 2385
f 2403 2474 2315
f 2403 2568 2474
f 2502 2568 2403
f 2502 2648 2568
f 2618 2648 2502
f 2618 2724 2648
f 2706 2724 2618
f 2706 2790 2724
f 1847 1959 1843
f 1847 1963 1959
f 1851 1963 1847
f 1851 1975 1963
f 1867 1975 1851
f 1867 1983 1975
f 1883 1983 1867
f 1883 2007 1983
f 1901 2007 1883
f 1901 2023 2007
f 1929 2023 1901
f 1929 2043 2023
f 1953 2043 1929
f 1953 2059 2043
f 1995 2059 1953
f 1995 2105 2059
f 2039 2105 1995
f 2039 2137 2105
f 2069 2137 2039
f 2069 2201 2137
f 2129 2201 2069
f 2129 2249 2201
f 2193 2249 2129
f 2193 2315 2249
f 2261 2315 2193
f 2261 2403 2315
f 2337 2403 2261
f 2337 2502 2403
f 2460 2502 2337
f 2460 2618 2502
f 2584 2618 2460
f 2584 2706 2618
f 1729 1843 1725
f 1729 1847 1843
f 1737 1847 1729
f 1737 1851 1847
f 1749 1851 1737
f 1749 1867 1851
f 1773 1867 1749
f 1773 1883 1867
f 1789 1883 1773
f 1789 1901 1883
f 1809 1901 1789
f 1809 1929 1901
f 1833 1929 1809
f 1833 1953 1929
f 1863 1953 1833
f 1863 1995 1953
f 1913 1995 1863
f 1913 2039 1995
f 1949 2039 1913
f 1949 2069 2039
f 2015 2069 1949
f 2015 2129 2069
f 2047 2129 2015
f 2047 2193 2129
f 2125 2193 2047
f 2125 2261 2193
f 2205 2261 2125
f 2205 2337 2261
f 2303 2337 2205
f 2303 2460 2337
f 2407 2460 2303
f 2407 2584 2460
f 1613 1725 1609
f 1613 1729 1725
f 1621 1729 1613
f 1621 1737 1729
f 1633 1737 1621
f 1633 1749 1737
f 1641 1749 1633
f 1641 1773 1749
f 1653 1773 1641
f 1653 1789 1773
f 1687 1789 1653
f 1687 1809 1789
f 1723 1809 1687
f 1723 1833 1809
f 1745 1833 1723
f 1745 1863 1833
f 1793 1863 1745
f 1793 1913 1863
f 1825 1913 1793
f 1825 1949 1913
f 1879 1949 1825
f 1879 2015 1949
f 1937 2015 1879
f 1937 2047 2015
f 2011 2047 1937
f 2011 2125 2047
f 2055 2125 2011
f 2055 2205 2125
f 2145 2205 2055
f 2145 2303 2205
f 2245 2303 2145
f 2245 2407 2303
f 1485 1609 1481
f 1485 1613 1609
f 1493 1613 1485
f 1493 1621 1613
f 1511 1621 1493
f 1511 1633 1621
f 1523 1633 1511
f 1523 1641 1633
f 1543 1641 1523
f 1543 1653 1641
f 1563 1653 1543
f 1563 1687 1653
f 1591 1687 1563
f 1591 1723 1687
f 1629 1723 1591
f 1629 1745 1723
f 1657 1745 1629
f 1657 1793 1745
f 1703 1793 1657
f 1703 1825 1793
f 1761 1825 1703
f 1761 1879 1825
f 1813 1879 1761
f 1813 1937 1879
f 1871 1937 1813
f 1871 2011 1937
f 1941 2011 1871
f 1941 2055 2011
f 2035 2055 1941
f 2035 2145 2055
f 2113 2145 2035
f 2113 2245 2145
f 1371 1481 1363
f 1371 1485 1481
f 1375 1485 1371
f 1375 1493 1485
f 1383 1493 1375
f 1383 1511 1493
f 1411 1511 1383
f 1411 1523 1511
f 1427 1523 1411
f 1427 1543 1523
f 1443 1543 1427
f 1443 1563 1543
f 1463 1563 1443
f 1463 1591 1563
f 1515 1591 1463
f 1515 1629 1591
f 1555 1629 1515
f 1555 1657 1629
f 1587 1657 1555
f 1587 1703 1657
f 1637 1703 1587
f 1637 1761 1703
f 1695 1761 1637
f 1695 1813 1761
f 1757 1813 1695
f 1757 1871 1813
f 1821 1871 1757
f 1821 1941 1871
f 1909 1941 1821
f 1909 2035 1941
f 2003 2035 1909
f 2003 2113 2035
f 1251 1363 1247
f 1251 1371 1363
f 1259 1371 1251
f 1259 1375 1371
f 1275 1375 1259
f 1275 1383 1375
f 1287 1383 1275
f 1287 1411 1383
f 1303 1411 1287
f 1303 1427 1411
f 1327 1427 1303
f 1327 1443 1427
f 1357 1443 1327
f 1357 1463 1443
f 1395 1463 1357
f 1395 1515 1463
f 1435 1515 1395
f 1435 1555 1515
f 1467 1555 1435
f 1467 1587 1555
f 1535 1587 1467
f 1535 1637 1587
f 1583 1637 1535
f 1583 1695 1637
f 1645 1695 1583
f 1645 1757 1695
f 1719 1757 1645
f 1719 1821 1757
f 1797 1821 1719
f 1797 1909 1821
f 1875 1909 1797
f 1875 2003 1909
f 1143 1247 1131
f 1143 1251 1247
f 1147 1251 1143
f 1147 1259 1251
f 1155 1259 1147
f 1155 1275 1259
f 1171 1275 1155
f 1171 1287 1275
f 1193 1287 1171
f 1193 1303 1287
f 1225 1303 1193
f 1225 1327 1303
f 1245 1327 1225
f 1245 1357 1327
f 1283 1357 1245
f 1283 1395 1357
f 1319 1395 1283
f 1319 1435 1395
f 1361 1435 1319
f 1361 1467 1435
f 1423 1467 1361
f 1423 1535 1467
f 1459 1535 1423
f 1459 1583 1535
f 1539 1583 1459
f 1539 1645 1583
f 1607 1645 1539
f 1607 1719 1645
f 1681 1719 1607
f 1681 1797 1719
f 1777 1797 1681
f 1777 1875 1797
f 1023 1131 1019
f 1023 1143 1131
f 1031 1143 1023
f 1031 1147 1143
f 1053 1147 1031
f 1053 1155 1147
f 1069 1155 1053
f 1069 1171 1155
f 1093 1171 1069
f 1093 1193 1171
f 1105 1193 1093
f 1105 1225 1193
f 1139 1225 1105
f 1139 1245 1225
f 1175 1245 1139
f 1175 1283 1245
f 1217 1283 1175
f 1217 1319 1283
f 1263 1319 1217
f 1263 1361 1319
f 1307 1361 1263
f 1307 1423 1361
f 1367 1423 1307
f 1367 1459 1423
f 1439 1459 1367
f 1439 1539 1459
f 1503 1539 1439
f 1503 1607 1539
f 1579 1607 1503
f 1579 1681 1607
f 1661 1681 1579
f 1661 1777 1681
f 933 1019 929
f 933 1023 1019
f 941 1023 933
f 941 1031 1023
f 953 1031 941
f 953 1053 1031
f 961 1053 953
f 961 1069 1053
f 989 1069 961
f 989 1093 1069
f 1005 1093 989
f 1005 1105 1093
f 1037 1105 1005
f 1037 1139 1105
f 1081 1139 1037
f 1081 1175 1139
f 1109 1175 1081
f 1109 1217 1175
f 1167 1217 1109
f 1167 1263 1217
f 1213 1263 1167
f 1213 1307 1263
f 1279 1307 1213
f 1279 1367 1307
f 1337 1367 1279
f 1337 1439 1367
f 1415 1439 1337
f 1415 1503 1439
f 1475 1503 1415
f 1475 1579 1503
f 1567 1579 1475
f 1567 1661 1579
f 3074 3026 3016
f 3074 3080 3026
f 3132 3080 3074
f 3132 3138 3080
f 3208 3138 3132
f 3208 3210 3138
f 3262 3210 3208
f 3262 3268 3210
f 3324 3268 3262
f 3324 3326 3268
f 3382 3326 3324
f 3382 3388 3326
f 3462 3388 3382
f 3462 3468 3388
f 3528 3468 3462
f 3528 3534 3468
f 3058 3016 3004
f 3058 3074 3016
f 3108 3074 3058
f 3108 3132 3074
f 3184 3132 3108
f 3184 3208 3132
f 3250 3208 3184
f 3250 3262 3208
f 3316 3262 3250
f 3316 3324 3262
f 3370 3324 3316
f 3370 3382 3324
f 3450 3382 3370
f 3450 3462 3382
f 3516 3462 3450
f 3516 3528 3462
f 3038 3004 2976
f 3038 3058 3004
f 3092 3058 3038
f 3092 3108 3058
f 3160 3108 3092
f 3160 3184 3108
f 3230 3184 3160
f 3230 3250 3184
f 3292 3250 3230
f 3292 3316 3250
f 3354 3316 3292
f 3354 3370 3316
f 3434 3370 3354
f 3434 3450 3370
f 3508 3450 3434
f 3508 3516 3450
f 3000 2976 2930
f 3000 3038 2976
f 3062 3038 3000
f 3062 3092 3038
f 3116 3092 3062
f 3116 3160 3092
f 3204 3160 3116
f 3204 3230 3160
f 3276 3230 3204
f 3276 3292 3230
f 3330 3292 3276
f 3330 3354 3292
f 3406 3354 3330
f 3406 3434 3354
f 3488 3434 3406
f 3488 3508 3434
f 2942 2930 2858
f 2942 3000 2930
f 3012 3000 2942
f 3012 3062 3000
f 3084 3062 3012
f 3084 3116 3062
f 3148 3116 3084
f 3148 3204 3116
f 3234 3204 3148
f 3234 3276 3204
f 3308 3276 3234
f 3308 3330 3276
f 3374 3330 3308
f 3374 3406 3330
f 3466 3406 3374
f 3466 3488 3406
f 2862 2858 2790
f 2862 2942 2858
f 2950 2942 2862
f 2950 3012 2942
f 3034 3012 2950
f 3034 3084 3012
f 3100 3084 3034
f 3100 3148 3084
f 3188 3148 3100
f 3188 3234 3148
f 3272 3234 3188
f 3272 3308 3234
f 3346 3308 3272
f 3346 3374 3308
f 3426 3374 3346
f 3426 3466 3374
f 2782 2790 2706
f 2782 2862 2790
f 2866 2862 2782
f 2866 2950 2862
f 2962 2950 2866
f 2962 3034 2950
f 3042 3034 2962
f 3042 3100 3034
f 3124 3100 3042
f 3124 3188 3100
f 3218 3188 3124
f 3218 3272 3188
f 3304 3272 3218
f 3304 3346 3272
f 3378 3346 3304
f 3378 3426 3346
f 2698 2706 2584
f 2698 2782 2706
f 2778 2782 2698
f 2778 2866 2782
f 2872 2866 2778
f 2872 2962 2866
f 2972 2962 2872
f 2972 3042 2962
f 3066 3042 2972
f 3066 3124 3042
f 3152 3124 3066
f 3152 3218 3124
f 3254 3218 3152
f 3254 3304 3218
f 3342 3304 3254
f 3342 3378 3304
f 3590 3534 3528
f 3590 3596 3534
f 3666 3596 3590
f 3666 3668 3596
f 3740 3668 3666
f 3740 3746 3668
f 3806 3746 3740
f 3806 3808 3746
f 3582 3528 3516
f 3582 3590 3528
f 3658 3590 3582
f 3658 3666 3590
f 3736 3666 3658
f 3736 3740 3666
f 3802 3740 3736
f 3802 3806 3740
f 3570 3516 3508
f 3570 3582 3516
f 3638 3582 3570
f 3638 3658 3582
f 3728 3658 3638
f 3728 3736 3658
f 3794 3736 3728
f 3794 3802 3736
f 3554 3508 3488
f 3554 3570 3508
f 3620 3570 3554
f 3620 3638 3570
f 3712 3638 3620
f 3712 3728 3638
f 3782 3728 3712
f 3782 3794 3728
f 3874 3808 3806
f 3874 3876 3808
f 3968 3876 3874
f 3968 3970 3876
f 3862 3806 3802
f 3862 3874 3806
f 3960 3874 3862
f 3960 3968 3874
f 4030 3970 3968
f 4030 4032 3970
f 4032 4030 4114
f 4030 4115 4114
f 4026 3968 3960
f 4026 4030 3968
f 4030 4026 4115
f 4026 4069 4115
f 3848 3802 3794
f 3848 3862 3802
f 3956 3862 3848
f 3956 3960 3862
f 3844 3794 3782
f 3844 3848 3794
f 3948 3848 3844
f 3948 3956 3848
f 4022 3960 3956
f 4022 4026 3960
f 4026 4022 4069
f 4022 4144 4069
f 4018 3956 3948
f 4018 4022 3956
f 4022 4018 4144
f 4018 4158 4144
f 3542 3488 3466
f 3542 3554 3488
f 3608 3554 3542
f 3608 3620 3554
f 3700 3620 3608
f 3700 3712 3620
f 3774 3712 3700
f 3774 3782 3712
f 3512 3466 3426
f 3512 3542 3466
f 3586 3542 3512
f 3586 3608 3542
f 3684 3608 3586
f 3684 3700 3608
f 3766 3700 3684
f 3766 3774 3700
f 3480 3426 3378
f 3480 3512 3426
f 3566 3512 3480
f 3566 3586 3512
f 3650 3586 3566
f 3650 3684 3586
f 3750 3684 3650
f 3750 3766 3684
f 3442 3378 3342
f 3442 3480 3378
f 3538 3480 3442
f 3538 3566 3480
f 3612 3566 3538
f 3612 3650 3566
f 3724 3650 3612
f 3724 3750 3650
f 3836 3782 3774
f 3836 3844 3782
f 3940 3844 3836
f 3940 3948 3844
f 3828 3774 3766
f 3828 3836 3774
f 3932 3836 3828
f 3932 3940 3836
f 4014 3948 3940
f 4014 4018 3948
f 4018 4014 4158
f 4014 4070 4158
f 4010 3940 3932
f 4010 4014 3940
f 4014 4010 4070
f 4010 4071 4070
f 3824 3766 3750
f 3824 3828 3766
f 3924 3828 3824
f 3924 3932 3828
f 3812 3750 3724
f 3812 3824 3750
f 3912 3824 3812
f 3912 3924 3824
f 4006 3932 3924
f 4006 4010 3932
f 4010 4006 4071
f 4006 4116 4071
f 4002 3924 3912
f 4002 4006 3924
f 4006 4002 4116
f 4002 4117 4116
f 2554 2584 2407
f 2554 2698 2584
f 2672 2698 2554
f 2672 2778 2698
f 2774 2778 2672
f 2774 2872 2778
f 2884 2872 2774
f 2884 2972 2872
f 2996 2972 2884
f 2996 3066 2972
f 3088 3066 2996
f 3088 3152 3066
f 3196 3152 3088
f 3196 3254 3152
f 3288 3254 3196
f 3288 3342 3254
f 2365 2407 2245
f 2365 2554 2407
f 2530 2554 2365
f 2530 2672 2554
f 2664 2672 2530
f 2664 2774 2672
f 2786 2774 2664
f 2786 2884 2774
f 2904 2884 2786
f 2904 2996 2884
f 3020 2996 2904
f 3020 3088 2996
f 3120 3088 3020
f 3120 3196 3088
f 3242 3196 3120
f 3242 3288 3196
f 2225 2245 2113
f 2225 2365 2245
f 2353 2365 2225
f 2353 2530 2365
f 2514 2530 2353
f 2514 2664 2530
f 2686 2664 2514
f 2686 2786 2664
f 2812 2786 2686
f 2812 2904 2786
f 2938 2904 2812
f 2938 3020 2904
f 3050 3020 2938
f 3050 3120 3020
f 3172 3120 3050
f 3172 3242 3120
f 2089 2113 2003
f 2089 2225 2113
f 2209 2225 2089
f 2209 2353 2225
f 2345 2353 2209
f 2345 2514 2353
f 2546 2514 2345
f 2546 2686 2514
f 2710 2686 2546
f 2710 2812 2686
f 2836 2812 2710
f 2836 2938 2812
f 2988 2938 2836
f 2988 3050 2938
f 3104 3050 2988
f 3104 3172 3050
f 1971 2003 1875
f 1971 2089 2003
f 2081 2089 1971
f 2081 2209 2089
f 2221 2209 2081
f 2221 2345 2209
f 2369 2345 2221
f 2369 2546 2345
f 2588 2546 2369
f 2588 2710 2546
f 2752 2710 2588
f 2752 2836 2710
f 2900 2836 2752
f 2900 2988 2836
f 3046 2988 2900
f 3046 3104 2988
f 1855 1875 1777
f 1855 1971 1875
f 1967 1971 1855
f 1967 2081 1971
f 2093 2081 1967
f 2093 2221 2081
f 2237 2221 2093
f 2237 2369 2221
f 2427 2369 2237
f 2427 2588 2369
f 2652 2588 2427
f 2652 2752 2588
f 2824 2752 2652
f 2824 2900 2752
f 2984 2900 2824
f 2984 3046 2900
f 1765 1777 1661
f 1765 1855 1777
f 1859 1855 1765
f 1859 1967 1855
f 1987 1967 1859
f 1987 2093 1967
f 2121 2093 1987
f 2121 2237 2093
f 2295 2237 2121
f 2295 2427 2237
f 2518 2427 2295
f 2518 2652 2427
f 2732 2652 2518
f 2732 2824 2652
f 2912 2824 2732
f 2912 2984 2824
f 1665 1661 1567
f 1665 1765 1661
f 1785 1765 1665
f 1785 1859 1765
f 1887 1859 1785
f 1887 1987 1859
f 2027 1987 1887
f 2027 2121 1987
f 2169 2121 2027
f 2169 2295 2121
f 2373 2295 2169
f 2373 2518 2295
f 2636 2518 2373
f 2636 2732 2518
f 2832 2732 2636
f 2832 2912 2732
f 3386 3342 3288
f 3386 3442 3342
f 3496 3442 3386
f 3496 3538 3442
f 3594 3538 3496
f 3594 3612 3538
f 3704 3612 3594
f 3704 3724 3612
f 3350 3288 3242
f 3350 3386 3288
f 3458 3386 3350
f 3458 3496 3386
f 3562 3496 3458
f 3562 3594 3496
f 3672 3594 3562
f 3672 3704 3594
f 3296 3242 3172
f 3296 3350 3242
f 3410 3350 3296
f 3410 3458 3350
f 3532 3458 3410
f 3532 3562 3458
f 3624 3562 3532
f 3624 3672 3562
f 3246 3172 3104
f 3246 3296 3172
f 3358 3296 3246
f 3358 3410 3296
f 3492 3410 3358
f 3492 3532 3410
f 3604 3532 3492
f 3604 3624 3532
f 3790 3724 3704
f 3790 3812 3724
f 3900 3812 3790
f 3900 3912 3812
f 3778 3704 3672
f 3778 3790 3704
f 3888 3790 3778
f 3888 3900 3790
f 3998 3912 3900
f 3998 4002 3912
f 4002 3998 4117
f 3998 4128 4117
f 3994 3900 3888
f 3994 3998 3900
f 3998 3994 4128
f 3994 4072 4128
f 3758 3672 3624
f 3758 3778 3672
f 3852 3778 3758
f 3852 3888 3778
f 3744 3624 3604
f 3744 3758 3624
f 3840 3758 3744
f 3840 3852 3758
f 3990 3888 3852
f 3990 3994 3888
f 3994 3990 4072
f 3990 4073 4072
f 3986 3852 3840
f 3986 3990 3852
f 3990 3986 4073
f 3986 4159 4073
f 3192 3104 3046
f 3192 3246 3104
f 3320 3246 3192
f 3320 3358 3246
f 3454 3358 3320
f 3454 3492 3358
f 3578 3492 3454
f 3578 3604 3492
f 3112 3046 2984
f 3112 3192 3046
f 3280 3192 3112
f 3280 3320 3192
f 3418 3320 3280
f 3418 3454 3320
f 3550 3454 3418
f 3550 3578 3454
f 3070 2984 2912
f 3070 3112 2984
f 3226 3112 3070
f 3226 3280 3112
f 3366 3280 3226
f 3366 3418 3280
f 3524 3418 3366
f 3524 3550 3418
f 3008 2912 2832
f 3008 3070 2912
f 3176 3070 3008
f 3176 3226 3070
f 3334 3226 3176
f 3334 3366 3226
f 3500 3366 3334
f 3500 3524 3366
f 3716 3604 3578
f 3716 3744 3604
f 3832 3744 3716
f 3832 3840 3744
f 3696 3578 3550
f 3696 3716 3578
f 3820 3716 3696
f 3820 3832 3716
f 3982 3840 3832
f 3982 3986 3840
f 3986 3982 4159
f 3982 4145 4159
f 3978 3832 3820
f 3978 3982 3832
f 3982 3978 4145
f 3978 4074 4145
f 3680 3550 3524
f 3680 3696 3550
f 3816 3696 3680
f 3816 3820 3696
f 3642 3524 3500
f 3642 3680 3524
f 3798 3680 3642
f 3798 3816 3680
f 3974 3820 3816
f 3974 3978 3820
f 3978 3974 4074
f 3974 4118 4074
f 3964 3816 3798
f 3964 3974 3816
f 3974 3964 4118
f 3964 4119 4118
f 841 929 829
f 841 933 929
f 845 933 841
f 845 941 933
f 857 941 845
f 857 953 941
f 865 953 857
f 865 961 953
f 893 961 865
f 893 989 961
f 905 989 893
f 905 1005 989
f 949 1005 905
f 949 1037 1005
f 985 1037 949
f 985 1081 1037
f 1009 1081 985
f 1009 1109 1081
f 1073 1109 1009
f 1073 1167 1109
f 1113 1167 1073
f 1113 1213 1167
f 1179 1213 1113
f 1179 1279 1213
f 1241 1279 1179
f 1241 1337 1279
f 1311 1337 1241
f 1311 1415 1337
f 1399 1415 1311
f 1399 1475 1415
f 1471 1475 1399
f 1471 1567 1475
f 733 829 729
f 733 841 829
f 749 841 733
f 749 845 841
f 765 845 749
f 765 857 845
f 773 857 765
f 773 865 857
f 793 865 773
f 793 893 865
f 815 893 793
f 815 905 893
f 853 905 815
f 853 949 905
f 877 949 853
f 877 985 949
f 919 985 877
f 919 1009 985
f 981 1009 919
f 981 1073 1009
f 1013 1073 981
f 1013 1113 1073
f 1085 1113 1013
f 1085 1179 1113
f 1151 1179 1085
f 1151 1241 1179
f 1229 1241 1151
f 1229 1311 1241
f 1299 1311 1229
f 1299 1399 1311
f 1391 1399 1299
f 1391 1471 1399
f 645 729 641
f 645 733 729
f 653 733 645
f 653 749 733
f 665 749 653
f 665 765 749
f 681 765 665
f 681 773 765
f 699 773 681
f 699 793 773
f 719 793 699
f 719 815 793
f 761 815 719
f 761 853 815
f 789 853 761
f 789 877 853
f 833 877 789
f 833 919 877
f 873 919 833
f 873 981 919
f 937 981 873
f 937 1013 981
f 997 1013 937
f 997 1085 1013
f 1061 1085 997
f 1061 1151 1085
f 1125 1151 1061
f 1125 1229 1151
f 1209 1229 1125
f 1209 1299 1229
f 1295 1299 1209
f 1295 1391 1299
f 561 641 557
f 561 645 641
f 569 645 561
f 569 653 645
f 581 653 569
f 581 665 653
f 593 665 581
f 593 681 665
f 611 681 593
f 611 699 681
f 639 699 611
f 639 719 699
f 669 719 639
f 669 761 719
f 707 761 669
f 707 789 761
f 745 789 707
f 745 833 789
f 785 833 745
f 785 873 833
f 849 873 785
f 849 937 873
f 901 937 849
f 901 997 937
f 973 997 901
f 973 1061 997
f 1049 1061 973
f 1049 1125 1061
f 1121 1125 1049
f 1121 1209 1125
f 1221 1209 1121
f 1221 1295 1209
f 473 557 469
f 473 561 557
f 485 561 473
f 485 569 561
f 489 569 485
f 489 581 569
f 513 581 489
f 513 593 581
f 527 593 513
f 527 611 593
f 555 611 527
f 555 639 611
f 589 639 555
f 589 669 639
f 623 669 589
f 623 707 669
f 661 707 623
f 661 745 707
f 711 745 661
f 711 785 745
f 769 785 711
f 769 849 785
f 819 849 769
f 819 901 849
f 889 901 819
f 889 973 901
f 957 973 889
f 957 1049 973
f 1045 1049 957
f 1045 1121 1049
f 1129 1121 1045
f 1129 1221 1121
f 397 469 393
f 397 473 469
f 401 473 397
f 401 485 473
f 421 485 401
f 421 489 485
f 425 489 421
f 425 513 489
f 451 513 425
f 451 527 513
f 477 527 451
f 477 555 527
f 509 555 477
f 509 589 555
f 539 589 509
f 539 623 589
f 585 623 539
f 585 661 623
f 631 661 585
f 631 711 661
f 685 711 631
f 685 769 711
f 741 769 685
f 741 819 769
f 803 819 741
f 803 889 819
f 885 889 803
f 885 957 889
f 969 957 885
f 969 1045 957
f 1065 1045 969
f 1065 1129 1045
f 325 393 317
f 325 397 393
f 329 397 325
f 329 401 397
f 341 401 329
f 341 421 401
f 361 421 341
f 361 425 421
f 373 425 361
f 373 451 425
f 405 451 373
f 405 477 451
f 433 477 405
f 433 509 477
f 467 509 433
f 467 539 509
f 517 539 467
f 517 585 539
f 565 585 517
f 565 631 585
f 615 631 565
f 615 685 631
f 673 685 615
f 673 741 685
f 737 741 673
f 737 803 741
f 811 803 737
f 811 885 803
f 897 885 811
f 897 969 885
f 993 969 897
f 993 1065 969
f 251 317 247
f 251 325 317
f 265 325 251
f 265 329 325
f 277 329 265
f 277 341 329
f 289 341 277
f 289 361 341
f 309 361 289
f 309 373 361
f 337 373 309
f 337 405 373
f 365 405 337
f 365 433 405
f 413 433 365
f 413 467 433
f 445 467 413
f 445 517 467
f 497 517 445
f 497 565 517
f 543 565 497
f 543 615 565
f 603 615 543
f 603 673 615
f 677 673 603
f 677 737 673
f 753 737 677
f 753 811 737
f 837 811 753
f 837 897 811
f 923 897 837
f 923 993 897
f 195 247 191
f 195 251 247
f 207 251 195
f 207 265 251
f 213 265 207
f 213 277 265
f 237 277 213
f 237 289 277
f 245 289 237
f 245 309 289
f 285 309 245
f 285 337 309
f 305 337 285
f 305 365 337
f 353 365 305
f 353 413 365
f 147 191 139
f 147 195 191
f 151 195 147
f 151 207 195
f 167 207 151
f 167 213 207
f 177 213 167
f 177 237 213
f 203 237 177
f 203 245 237
f 233 245 203
f 233 285 245
f 259 285 233
f 259 305 285
f 297 305 259
f 297 353 305
f 103 139 91
f 103 147 139
f 111 147 103
f 111 151 147
f 119 151 111
f 119 167 151
f 137 167 119
f 137 177 167
f 159 177 137
f 159 203 177
f 189 203 159
f 189 233 203
f 221 233 189
f 221 259 233
f 255 259 221
f 255 297 259
f 65 91 61
f 65 103 91
f 75 103 65
f 75 111 103
f 87 111 75
f 87 119 111
f 107 119 87
f 107 137 119
f 123 137 107
f 123 159 137
f 155 159 123
f 155 189 159
f 185 189 155
f 185 221 189
f 225 221 185
f 225 255 221
f 37 61 33
f 37 65 61
f 47 65 37
f 47 75 65
f 59 75 47
f 59 87 75
f 79 87 59
f 79 107 87
f 21 33 17
f 21 37 33
f 27 37 21
f 27 47 37
f 41 47 27
f 41 59 47
f 55 59 41
f 55 79 59
f 9 17 5
f 9 21 17
f 15 21 9
f 15 27 21
f 5 3 9
f 5 1 3
f 9 11 15
f 9 3 11
f 31 27 15
f 31 41 27
f 51 41 31
f 51 55 41
f 15 23 31
f 15 11 23
f 31 43 51
f 31 23 43
f 99 107 79
f 99 123 107
f 127 123 99
f 127 155 123
f 163 155 127
f 163 185 155
f 199 185 163
f 199 225 185
f 83 79 55
f 83 99 79
f 115 99 83
f 115 127 99
f 143 127 115
f 143 163 127
f 181 163 143
f 181 199 163
f 71 55 51
f 71 83 55
f 95 83 71
f 95 115 83
f 51 67 71
f 51 43 67
f 71 89 95
f 71 67 89
f 133 115 95
f 133 143 115
f 173 143 133
f 173 181 143
f 95 129 133
f 95 89 129
f 133 169 173
f 133 129 169
f 387 413 353
f 387 445 413
f 437 445 387
f 437 497 445
f 493 497 437
f 493 543 497
f 551 543 493
f 551 603 543
f 627 603 551
f 627 677 603
f 693 677 627
f 693 753 677
f 777 753 693
f 777 837 753
f 869 837 777
f 869 923 837
f 345 353 297
f 345 387 353
f 383 387 345
f 383 437 387
f 441 437 383
f 441 493 437
f 505 493 441
f 505 551 493
f 573 551 505
f 573 627 551
f 649 627 573
f 649 693 627
f 727 693 649
f 727 777 693
f 823 777 727
f 823 869 777
f 301 297 255
f 301 345 297
f 357 345 301
f 357 383 345
f 409 383 357
f 409 441 383
f 463 441 409
f 463 505 441
f 531 505 463
f 531 573 505
f 599 573 531
f 599 649 573
f 689 649 599
f 689 727 649
f 781 727 689
f 781 823 727
f 273 255 225
f 273 301 255
f 313 301 273
f 313 357 301
f 369 357 313
f 369 409 357
f 429 409 369
f 429 463 409
f 501 463 429
f 501 531 463
f 577 531 501
f 577 599 531
f 657 599 577
f 657 689 599
f 757 689 657
f 757 781 689
f 241 225 199
f 241 273 225
f 293 273 241
f 293 313 273
f 349 313 293
f 349 369 313
f 417 369 349
f 417 429 369
f 229 199 181
f 229 241 199
f 281 241 229
f 281 293 241
f 333 293 281
f 333 349 293
f 391 349 333
f 391 417 349
f 217 181 173
f 217 229 181
f 269 229 217
f 269 281 229
f 173 209 217
f 173 169 209
f 217 261 269
f 217 209 261
f 321 281 269
f 321 333 281
f 379 333 321
f 379 391 333
f 269 315 321
f 269 261 315
f 321 375 379
f 321 315 375
f 481 429 417
f 481 501 429
f 547 501 481
f 547 577 501
f 635 577 547
f 635 657 577
f 723 657 635
f 723 757 657
f 459 417 391
f 459 481 417
f 535 481 459
f 535 547 481
f 619 547 535
f 619 635 547
f 715 635 619
f 715 723 635
f 455 391 379
f 455 459 391
f 523 459 455
f 523 535 459
f 379 447 455
f 379 375 447
f 455 519 523
f 455 447 519
f 607 535 523
f 607 619 535
f 703 619 607
f 703 715 619
f 523 595 607
f 523 519 595
f 607 695 703
f 607 595 695
f 1575 1567 1471
f 1575 1665 1567
f 1677 1665 1575
f 1677 1785 1665
f 1801 1785 1677
f 1801 1887 1785
f 1933 1887 1801
f 1933 2027 1887
f 2085 2027 1933
f 2085 2169 2027
f 2271 2169 2085
f 2271 2373 2169
f 2522 2373 2271
f 2522 2636 2373
f 2760 2636 2522
f 2760 2832 2636
f 1479 1471 1391
f 1479 1575 1471
f 1595 1575 1479
f 1595 1677 1575
f 1711 1677 1595
f 1711 1801 1677
f 1837 1801 1711
f 1837 1933 1801
f 1999 1933 1837
f 1999 2085 1933
f 2155 2085 1999
f 2155 2271 2085
f 2389 2271 2155
f 2389 2522 2271
f 2676 2522 2389
f 2676 2760 2522
f 1407 1391 1295
f 1407 1479 1391
f 1507 1479 1407
f 1507 1595 1479
f 1625 1595 1507
f 1625 1711 1595
f 1753 1711 1625
f 1753 1837 1711
f 1905 1837 1753
f 1905 1999 1837
f 2063 1999 1905
f 2063 2155 1999
f 2283 2155 2063
f 2283 2389 2155
f 2580 2389 2283
f 2580 2676 2389
f 1315 1295 1221
f 1315 1407 1295
f 1431 1407 1315
f 1431 1507 1407
f 1547 1507 1431
f 1547 1625 1507
f 1673 1625 1547
f 1673 1753 1625
f 1817 1753 1673
f 1817 1905 1753
f 1991 1905 1817
f 1991 2063 1905
f 2181 2063 1991
f 2181 2283 2063
f 2464 2283 2181
f 2464 2580 2283
f 1237 1221 1129
f 1237 1315 1221
f 1349 1315 1237
f 1349 1431 1315
f 1455 1431 1349
f 1455 1547 1431
f 1599 1547 1455
f 1599 1673 1547
f 1741 1673 1599
f 1741 1817 1673
f 1917 1817 1741
f 1917 1991 1817
f 2101 1991 1917
f 2101 2181 1991
f 2341 2181 2101
f 2341 2464 2181
f 1159 1129 1065
f 1159 1237 1129
f 1271 1237 1159
f 1271 1349 1237
f 1387 1349 1271
f 1387 1455 1349
f 1527 1455 1387
f 1527 1599 1455
f 1669 1599 1527
f 1669 1741 1599
f 1829 1741 1669
f 1829 1917 1741
f 2031 1917 1829
f 2031 2101 1917
f 2253 2101 2031
f 2253 2341 2101
f 1097 1065 993
f 1097 1159 1065
f 1197 1159 1097
f 1197 1271 1159
f 1323 1271 1197
f 1323 1387 1271
f 1451 1387 1323
f 1451 1527 1387
f 1603 1527 1451
f 1603 1669 1527
f 1781 1669 1603
f 1781 1829 1669
f 1957 1829 1781
f 1957 2031 1829
f 2177 2031 1957
f 2177 2253 2031
f 1017 993 923
f 1017 1097 993
f 1135 1097 1017
f 1135 1197 1097
f 1267 1197 1135
f 1267 1323 1197
f 1403 1323 1267
f 1403 1451 1323
f 1551 1451 1403
f 1551 1603 1451
f 1707 1603 1551
f 1707 1781 1603
f 1891 1781 1707
f 1891 1957 1781
f 2117 1957 1891
f 2117 2177 1957
f 2954 2832 2760
f 2954 3008 2832
f 3128 3008 2954
f 3128 3176 3008
f 3300 3176 3128
f 3300 3334 3176
f 3476 3334 3300
f 3476 3500 3334
f 2888 2760 2676
f 2888 2954 2760
f 3078 2954 2888
f 3078 3128 2954
f 3266 3128 3078
f 3266 3300 3128
f 3438 3300 3266
f 3438 3476 3300
f 2820 2676 2580
f 2820 2888 2676
f 3030 2888 2820
f 3030 3078 2888
f 3222 3078 3030
f 3222 3266 3078
f 3394 3266 3222
f 3394 3438 3266
f 2748 2580 2464
f 2748 2820 2580
f 2980 2820 2748
f 2980 3030 2820
f 3180 3030 2980
f 3180 3222 3030
f 3362 3222 3180
f 3362 3394 3222
f 3616 3500 3476
f 3616 3642 3500
f 3786 3642 3616
f 3786 3798 3642
f 3600 3476 3438
f 3600 3616 3476
f 3770 3616 3600
f 3770 3786 3616
f 3952 3798 3786
f 3952 3964 3798
f 3964 3952 4119
f 3952 4120 4119
f 3944 3786 3770
f 3944 3952 3786
f 3952 3944 4120
f 3944 4075 4120
f 3574 3438 3394
f 3574 3600 3438
f 3762 3600 3574
f 3762 3770 3600
f 3558 3394 3362
f 3558 3574 3394
f 3754 3574 3558
f 3754 3762 3574
f 3936 3770 3762
f 3936 3944 3770
f 3944 3936 4075
f 3936 4146 4075
f 3928 3762 3754
f 3928 3936 3762
f 3936 3928 4146
f 3928 4160 4146
f 2682 2464 2341
f 2682 2748 2464
f 2926 2748 2682
f 2926 2980 2748
f 3136 2980 2926
f 3136 3180 2980
f 3338 3180 3136
f 3338 3362 3180
f 2604 2341 2253
f 2604 2682 2341
f 2854 2682 2604
f 2854 2926 2682
f 3096 2926 2854
f 3096 3136 2926
f 3312 3136 3096
f 3312 3338 3136
f 2498 2253 2177
f 2498 2604 2253
f 2816 2604 2498
f 2816 2854 2604
f 3054 2854 2816
f 3054 3096 2854
f 3284 3096 3054
f 3284 3312 3096
f 2419 2177 2117
f 2419 2498 2177
f 2766 2498 2419
f 2766 2816 2498
f 3024 2816 2766
f 3024 3054 2816
f 3258 3054 3024
f 3258 3284 3054
f 3546 3362 3338
f 3546 3558 3362
f 3732 3558 3546
f 3732 3754 3558
f 3520 3338 3312
f 3520 3546 3338
f 3720 3546 3520
f 3720 3732 3546
f 3920 3754 3732
f 3920 3928 3754
f 3928 3920 4160
f 3920 4076 4160
f 3916 3732 3720
f 3916 3920 3732
f 3920 3916 4076
f 3916 4077 4076
f 3504 3312 3284
f 3504 3520 3312
f 3708 3520 3504
f 3708 3720 3520
f 3484 3284 3258
f 3484 3504 3284
f 3692 3504 3484
f 3692 3708 3504
f 3908 3720 3708
f 3908 3916 3720
f 3916 3908 4077
f 3908 4121 4077
f 3904 3708 3692
f 3904 3908 3708
f 3908 3904 4121
f 3904 4122 4121
f 977 923 869
f 977 1017 923
f 1089 1017 977
f 1089 1135 1017
f 1205 1135 1089
f 1205 1267 1135
f 1345 1267 1205
f 1345 1403 1267
f 1489 1403 1345
f 1489 1551 1403
f 1649 1551 1489
f 1649 1707 1551
f 1841 1707 1649
f 1841 1891 1707
f 2051 1891 1841
f 2051 2117 1891
f 915 869 823
f 915 977 869
f 1027 977 915
f 1027 1089 977
f 1163 1089 1027
f 1163 1205 1089
f 1291 1205 1163
f 1291 1345 1205
f 1447 1345 1291
f 1447 1489 1345
f 1617 1489 1447
f 1617 1649 1489
f 1805 1649 1617
f 1805 1841 1649
f 2019 1841 1805
f 2019 2051 1841
f 881 823 781
f 881 915 823
f 1001 915 881
f 1001 1027 915
f 1117 1027 1001
f 1117 1163 1027
f 1255 1163 1117
f 1255 1291 1163
f 1419 1291 1255
f 1419 1447 1291
f 1571 1447 1419
f 1571 1617 1447
f 1769 1617 1571
f 1769 1805 1617
f 1979 1805 1769
f 1979 2019 1805
f 861 781 757
f 861 881 781
f 965 881 861
f 965 1001 881
f 1101 1001 965
f 1101 1117 1001
f 1233 1117 1101
f 1233 1255 1117
f 1379 1255 1233
f 1379 1419 1255
f 1559 1419 1379
f 1559 1571 1419
f 1733 1571 1559
f 1733 1769 1571
f 1945 1769 1733
f 1945 1979 1769
f 827 757 723
f 827 861 757
f 945 861 827
f 945 965 861
f 1077 965 945
f 1077 1101 965
f 1201 1101 1077
f 1201 1233 1101
f 807 723 715
f 807 827 723
f 927 827 807
f 927 945 827
f 1057 945 927
f 1057 1077 945
f 1189 1077 1057
f 1189 1201 1077
f 799 715 703
f 799 807 715
f 911 807 799
f 911 927 807
f 703 795 799
f 703 695 795
f 799 907 911
f 799 795 907
f 1041 927 911
f 1041 1057 927
f 1185 1057 1041
f 1185 1189 1057
f 911 1033 1041
f 911 907 1033
f 1041 1181 1185
f 1041 1033 1181
f 1353 1233 1201
f 1353 1379 1233
f 1531 1379 1353
f 1531 1559 1379
f 1715 1559 1531
f 1715 1733 1559
f 1925 1733 1715
f 1925 1945 1733
f 1341 1201 1189
f 1341 1353 1201
f 1519 1353 1341
f 1519 1531 1353
f 1699 1531 1519
f 1699 1715 1531
f 1921 1715 1699
f 1921 1925 1715
f 1333 1189 1185
f 1333 1341 1189
f 1499 1341 1333
f 1499 1519 1341
f 1185 1329 1333
f 1185 1181 1329
f 1333 1495 1499
f 1333 1329 1495
f 1691 1519 1499
f 1691 1699 1519
f 1897 1699 1691
f 1897 1921 1699
f 1499 1683 1691
f 1499 1495 1683
f 1691 1893 1897
f 1691 1683 1893
f 2333 2117 2051
f 2333 2419 2117
f 2718 2419 2333
f 2718 2766 2419
f 2992 2766 2718
f 2992 3024 2766
f 3238 3024 2992
f 3238 3258 3024
f 2291 2051 2019
f 2291 2333 2051
f 2668 2333 2291
f 2668 2718 2333
f 2958 2718 2668
f 2958 2992 2718
f 3214 2992 2958
f 3214 3238 2992
f 2241 2019 1979
f 2241 2291 2019
f 2630 2291 2241
f 2630 2668 2291
f 2934 2668 2630
f 2934 2958 2668
f 3200 2958 2934
f 3200 3214 2958
f 2217 1979 1945
f 2217 2241 1979
f 2610 2241 2217
f 2610 2630 2241
f 2920 2630 2610
f 2920 2934 2630
f 3168 2934 2920
f 3168 3200 2934
f 3472 3258 3238
f 3472 3484 3258
f 3688 3484 3472
f 3688 3692 3484
f 3446 3238 3214
f 3446 3472 3238
f 3676 3472 3446
f 3676 3688 3472
f 3896 3692 3688
f 3896 3904 3692
f 3904 3896 4122
f 3896 4123 4122
f 3892 3688 3676
f 3892 3896 3688
f 3896 3892 4123
f 3892 4078 4123
f 3430 3214 3200
f 3430 3446 3214
f 3662 3446 3430
f 3662 3676 3446
f 3422 3200 3168
f 3422 3430 3200
f 3654 3430 3422
f 3654 3662 3430
f 3884 3676 3662
f 3884 3892 3676
f 3892 3884 4078
f 3884 4079 4078
f 3880 3662 3654
f 3880 3884 3662
f 3884 3880 4079
f 3880 4147 4079
f 2189 1945 1925
f 2189 2217 1945
f 2576 2217 2189
f 2576 2610 2217
f 2896 2610 2576
f 2896 2920 2610
f 3164 2920 2896
f 3164 3168 2920
f 2159 1925 1921
f 2159 2189 1925
f 2558 2189 2159
f 2558 2576 2189
f 2880 2576 2558
f 2880 2896 2576
f 3156 2896 2880
f 3156 3164 2896
f 2151 1921 1897
f 2151 2159 1921
f 2542 2159 2151
f 2542 2558 2159
f 1897 2147 2151
f 1897 1893 2147
f 2151 2534 2542
f 2151 2147 2534
f 2876 2558 2542
f 2876 2880 2558
f 3144 2880 2876
f 3144 3156 2880
f 2542 2868 2876
f 2542 2534 2868
f 2876 3140 3144
f 2876 2868 3140
f 3414 3168 3164
f 3414 3422 3168
f 3646 3422 3414
f 3646 3654 3422
f 3402 3164 3156
f 3402 3414 3164
f 3634 3414 3402
f 3634 3646 3414
f 3870 3654 3646
f 3870 3880 3654
f 3880 3870 4147
f 3870 4148 4147
f 3866 3646 3634
f 3866 3870 3646
f 3870 3866 4148
f 3866 4080 4148
f 3398 3156 3144
f 3398 3402 3156
f 3630 3402 3398
f 3630 3634 3402
f 3144 3390 3398
f 3144 3140 3390
f 3398 3626 3630
f 3398 3390 3626
f 3858 3634 3630
f 3858 3866 3634
f 3866 3858 4080
f 3858 4124 4080
f 3630 3854 3858
f 3630 3626 3854
f 3858 4103 4124
f 3858 3854 4103
f 4103 4124 4161
f 4124 4162 4161
f 4161 4162 4225
f 4225 4242 4243
f 4162 4242 4225
f 4080 4163 4124
f 4163 4162 4124
f 4244 4162 4163
f 4244 4242 4162
f 4243 4242 4492
f 4242 4493 4492
f 4242 4244 4493
f 4244 4468 4493
f 4148 4211 4080
f 4211 4163 4080
f 4274 4163 4211
f 4274 4244 4163
f 4147 4217 4148
f 4217 4211 4148
f 4275 4211 4217
f 4275 4274 4211
f 4244 4274 4468
f 4274 4518 4468
f 4274 4275 4518
f 4275 4519 4518
f 4079 4164 4147
f 4164 4217 4147
f 4232 4217 4164
f 4232 4275 4217
f 4078 4165 4079
f 4165 4164 4079
f 4233 4164 4165
f 4233 4232 4164
f 4275 4232 4519
f 4232 4469 4519
f 4232 4233 4469
f 4233 4470 4469
f 4123 4166 4078
f 4166 4165 4078
f 4245 4165 4166
f 4245 4233 4165
f 4122 4167 4123
f 4167 4166 4123
f 4246 4166 4167
f 4246 4245 4166
f 4233 4245 4470
f 4245 4494 4470
f 4245 4246 4494
f 4246 4495 4494
f 4121 4168 4122
f 4168 4167 4122
f 4247 4167 4168
f 4247 4246 4167
f 4077 4169 4121
f 4169 4168 4121
f 4234 4168 4169
f 4234 4247 4168
f 4246 4247 4495
f 4247 4496 4495
f 4247 4234 4496
f 4234 4471 4496
f 4076 4170 4077
f 4170 4169 4077
f 4226 4169 4170
f 4226 4234 4169
f 4160 4218 4076
f 4218 4170 4076
f 4276 4170 4218
f 4276 4226 4170
f 4234 4226 4471
f 4226 4472 4471
f 4226 4276 4472
f 4276 4520 4472
f 4146 4171 4160
f 4171 4218 4160
f 4277 4218 4171
f 4277 4276 4218
f 4075 4172 4146
f 4172 4171 4146
f 4248 4171 4172
f 4248 4277 4171
f 4276 4277 4520
f 4277 4521 4520
f 4277 4248 4521
f 4248 4473 4521
f 4120 4173 4075
f 4173 4172 4075
f 4249 4172 4173
f 4249 4248 4172
f 4119 4174 4120
f 4174 4173 4120
f 4250 4173 4174
f 4250 4249 4173
f 4248 4249 4473
f 4249 4497 4473
f 4249 4250 4497
f 4250 4498 4497
f 4118 4175 4119
f 4175 4174 4119
f 4251 4174 4175
f 4251 4250 4174
f 4074 4176 4118
f 4176 4175 4118
f 4252 4175 4176
f 4252 4251 4175
f 4250 4251 4498
f 4251 4499 4498
f 4251 4252 4499
f 4252 4474 4499
f 4145 4177 4074
f 4177 4176 4074
f 4278 4176 4177
f 4278 4252 4176
f 4159 4219 4145
f 4219 4177 4145
f 4288 4177 4219
f 4288 4278 4177
f 4252 4278 4474
f 4278 4522 4474
f 4278 4288 4522
f 4288 4523 4522
f 4073 4178 4159
f 4178 4219 4159
f 4227 4219 4178
f 4227 4288 4219
f 4072 4179 4073
f 4179 4178 4073
f 4235 4178 4179
f 4235 4227 4178
f 4288 4227 4523
f 4227 4475 4523
f 4227 4235 4475
f 4235 4476 4475
f 4128 4180 4072
f 4180 4179 4072
f 4253 4179 4180
f 4253 4235 4179
f 4117 4181 4128
f 4181 4180 4128
f 4254 4180 4181
f 4254 4253 4180
f 4235 4253 4476
f 4253 4500 4476
f 4253 4254 4500
f 4254 4501 4500
f 4116 4212 4117
f 4212 4181 4117
f 4255 4181 4212
f 4255 4254 4181
f 4071 4182 4116
f 4182 4212 4116
f 4236 4212 4182
f 4236 4255 4212
f 4254 4255 4501
f 4255 4502 4501
f 4255 4236 4502
f 4236 4477 4502
f 4070 4183 4071
f 4183 4182 4071
f 4228 4182 4183
f 4228 4236 4182
f 4158 4220 4070
f 4220 4183 4070
f 4279 4183 4220
f 4279 4228 4183
f 4236 4228 4477
f 4228 4478 4477
f 4228 4279 4478
f 4279 4524 4478
f 4144 4213 4158
f 4213 4220 4158
f 4280 4220 4213
f 4280 4279 4220
f 4069 4184 4144
f 4184 4213 4144
f 4256 4213 4184
f 4256 4280 4213
f 4279 4280 4524
f 4280 4525 4524
f 4280 4256 4525
f 4256 4479 4525
f 4115 4185 4069
f 4185 4184 4069
f 4257 4184 4185
f 4257 4256 4184
f 4114 4186 4115
f 4186 4185 4115
f 4258 4185 4186
f 4258 4257 4185
f 4256 4257 4479
f 4257 4503 4479
f 4257 4258 4503
f 4258 4504 4503
f 4113 4187 4114
f 4187 4186 4114
f 4259 4186 4187
f 4259 4258 4186
f 4068 4188 4113
f 4188 4187 4113
f 4260 4187 4188
f 4260 4259 4187
f 4258 4259 4504
f 4259 4505 4504
f 4259 4260 4505
f 4260 4480 4505
f 4143 4214 4068
f 4214 4188 4068
f 4281 4188 4214
f 4281 4260 4188
f 4157 4221 4143
f 4221 4214 4143
f 4282 4214 4221
f 4282 4281 4214
f 4260 4281 4480
f 4281 4526 4480
f 4281 4282 4526
f 4282 4527 4526
f 4067 4189 4157
f 4189 4221 4157
f 4229 4221 4189
f 4229 4282 4221
f 4066 4190 4067
f 4190 4189 4067
f 4237 4189 4190
f 4237 4229 4189
f 4282 4229 4527
f 4229 4481 4527
f 4229 4237 4481
f 4237 4482 4481
f 4112 4215 4066
f 4215 4190 4066
f 4261 4190 4215
f 4261 4237 4190
f 4111 4191 4112
f 4191 4215 4112
f 4262 4215 4191
f 4262 4261 4215
f 4237 4261 4482
f 4261 4506 4482
f 4261 4262 4506
f 4262 4507 4506
f 4127 4192 4111
f 4192 4191 4111
f 4263 4191 4192
f 4263 4262 4191
f 4065 4193 4127
f 4193 4192 4127
f 4238 4192 4193
f 4238 4263 4192
f 4262 4263 4507
f 4263 4508 4507
f 4263 4238 4508
f 4238 4483 4508
f 4064 4194 4065
f 4194 4193 4065
f 4230 4193 4194
f 4230 4238 4193
f 4156 4222 4064
f 4222 4194 4064
f 4289 4194 4222
f 4289 4230 4194
f 4238 4230 4483
f 4230 4484 4483
f 4230 4289 4484
f 4289 4528 4484
f 4142 4195 4156
f 4195 4222 4156
f 4283 4222 4195
f 4283 4289 4222
f 4063 4196 4142
f 4196 4195 4142
f 4264 4195 4196
f 4264 4283 4195
f 4289 4283 4528
f 4283 4529 4528
f 4283 4264 4529
f 4264 4485 4529
f 4110 4197 4063
f 4197 4196 4063
f 4265 4196 4197
f 4265 4264 4196
f 4109 4198 4110
f 4198 4197 4110
f 4266 4197 4198
f 4266 4265 4197
f 4264 4265 4485
f 4265 4509 4485
f 4265 4266 4509
f 4266 4510 4509
f 4108 4199 4109
f 4199 4198 4109
f 4267 4198 4199
f 4267 4266 4198
f 4062 4200 4108
f 4200 4199 4108
f 4268 4199 4200
f 4268 4267 4199
f 4266 4267 4510
f 4267 4511 4510
f 4267 4268 4511
f 4268 4486 4511
f 4141 4201 4062
f 4201 4200 4062
f 4284 4200 4201
f 4284 4268 4200
f 4155 4223 4141
f 4223 4201 4141
f 4285 4201 4223
f 4285 4284 4201
f 4268 4284 4486
f 4284 4530 4486
f 4284 4285 4530
f 4285 4531 4530
f 4061 4202 4155
f 4202 4223 4155
f 4231 4223 4202
f 4231 4285 4223
f 4060 4203 4061
f 4203 4202 4061
f 4239 4202 4203
f 4239 4231 4202
f 4285 4231 4531
f 4231 4487 4531
f 4231 4239 4487
f 4239 4488 4487
f 4107 4204 4060
f 4204 4203 4060
f 4269 4203 4204
f 4269 4239 4203
f 4106 4205 4107
f 4205 4204 4107
f 4270 4204 4205
f 4270 4269 4204
f 4239 4269 4488
f 4269 4512 4488
f 4269 4270 4512
f 4270 4513 4512
f 4105 4206 4106
f 4206 4205 4106
f 4271 4205 4206
f 4271 4270 4205
f 4059 4207 4105
f 4207 4206 4105
f 4240 4206 4207
f 4240 4271 4206
f 4270 4271 4513
f 4271 4514 4513
f 4271 4240 4514
f 4240 4489 4514
f 4058 4208 4059
f 4208 4207 4059
f 4241 4207 4208
f 4241 4240 4207
f 4140 4224 4058
f 4224 4208 4058
f 4286 4208 4224
f 4286 4241 4208
f 4240 4241 4489
f 4241 4490 4489
f 4241 4286 4490
f 4286 4532 4490
f 4139 4216 4140
f 4216 4224 4140
f 4287 4224 4216
f 4287 4286 4224
f 4057 4209 4139
f 4209 4216 4139
f 4272 4216 4209
f 4272 4287 4216
f 4286 4287 4532
f 4287 4533 4532
f 4287 4272 4533
f 4272 4491 4533
f 4104 4210 4057
f 4210 4209 4057
f 4273 4209 4210
f 4273 4272 4209
f 4161 4210 4103
f 4210 4104 4103
f 4243 4273 4225
f 4225 4210 4161
f 4273 4210 4225
f 4272 4273 4491
f 4273 4515 4491
f 4273 4492 4515
f 4273 4243 4492
g outlet
f 5532 5571 5528
f 5569 5528 5570
f 5568 5528 5569
f 5571 5570 5528
f 5567 5566 5528
f 5566 5565 5528
f 5533 5528 5565
f 5568 5567 5528
f 5576 5547 5529
f 5529 5546 5575
f 5547 5546 5529
f 5529 5574 5528
f 5575 5574 5529
f 5534 5576 5529
f 5573 5545 5528
f 5528 5544 5572
f 5545 5544 5528
f 5572 5532 5528
f 5574 5573 5528
f 5564 5543 5528
f 5528 5542 5563
f 5543 5542 5528
f 5528 5562 5530
f 5563 5562 5528
f 5533 5564 5528
f 5561 5541 5530
f 5530 5540 5560
f 5541 5540 5530
f 5560 5535 5530
f 5562 5561 5530
f 5531 5528 5530
f 5531 5529 5528
f 5536 5583 5529
f 5581 5529 5582
f 5580 5529 5581
f 5583 5582 5529
f 5579 5578 5529
f 5578 5577 5529
f 5534 5529 5577
f 5580 5579 5529
f 5588 5551 5531
f 5531 5550 5587
f 5551 5550 5531
f 5531 5586 5529
f 5587 5586 5531
f 5537 5588 5531
f 5585 5549 5529
f 5529 5548 5584
f 5549 5548 5529
f 5584 5536 5529
f 5586 5585 5529
f 5535 5559 5530
f 5557 5530 5558
f 5556 5530 5557
f 5559 5558 5530
f 5603 5602 5530
f 5602 5601 5530
f 5538 5530 5601
f 5556 5603 5530
f 5600 5555 5530
f 5530 5554 5599
f 5555 5554 5530
f 5530 5598 5531
f 5599 5598 5530
f 5538 5600 5530
f 5597 5553 5531
f 5531 5552 5596
f 5553 5552 5531
f 5596 5539 5531
f 5598 5597 5531
f 5539 5595 5531
f 5593 5531 5594
f 5592 5531 5593
f 5595 5594 5531
f 5591 5590 5531
f 5590 5589 5531
f 5537 5531 5589
f 5592 5591 5531
g inlet_exhaust
f 4947 4945 4922
f 4943 4941 4922
f 4922 4939 4938
f 4941 4939 4922
f 4938 4935 4922
f 4945 4943 4922
f 4933 4926 4922
f 4916 4922 4920
f 4913 4922 4916
f 4926 4920 4922
f 4908 4904 4922
f 4922 4900 4898
f 4904 4900 4922
f 4898 4830 4922
f 4913 4908 4922
f 4935 4933 4922
f 4957 4982 4980
f 4984 4982 4957
f 4978 4976 4957
f 4957 4974 4972
f 4976 4974 4957
f 4972 4970 4957
f 4980 4978 4957
f 4957 4967 4922
f 4962 4922 4964
f 4960 4922 4962
f 4967 4964 4922
f 4960 4958 4922
f 4968 4967 4957
f 4955 4953 4922
f 4922 4951 4949
f 4953 4951 4922
f 4949 4947 4922
f 4958 4955 4922
f 4970 4968 4957
f 4922 4828 4826
f 4830 4828 4922
f 4822 4821 4922
f 4922 4817 4814
f 4821 4817 4922
f 4814 4809 4922
f 4826 4822 4922
f 4922 4803 4813
f 4799 4813 4801
f 4795 4813 4799
f 4803 4801 4813
f 4795 4793 4813
f 4807 4803 4922
f 4792 4789 4813
f 4813 4782 4778
f 4789 4782 4813
f 4778 4776 4813
f 4793 4792 4813
f 4809 4807 4922
f 4923 4922 4813
f 4923 4957 4922
f 4985 4986 4957
f 4988 4990 4957
f 4957 4992 4994
f 4990 4992 4957
f 4994 4996 4957
f 4986 4988 4957
f 4998 5000 4957
f 4997 4957 4999
f 4995 4957 4997
f 5000 4999 4957
f 4993 4991 4957
f 4957 4989 4987
f 4991 4989 4957
f 4987 4984 4957
f 4995 4993 4957
f 4996 4998 4957
f 4923 4950 4952
f 4948 4950 4923
f 4954 4956 4923
f 4923 4959 4961
f 4956 4959 4923
f 4961 4963 4923
f 4952 4954 4923
f 4923 4966 4957
f 4971 4957 4969
f 4973 4957 4971
f 4966 4969 4957
f 4973 4975 4957
f 4965 4966 4923
f 4977 4979 4957
f 4957 4981 4983
f 4979 4981 4957
f 4983 4985 4957
f 4975 4977 4957
f 4963 4965 4923
f 4776 4772 4813
f 4770 4766 4813
f 4813 4762 4760
f 4766 4762 4813
f 4760 4758 4813
f 4772 4770 4813
f 4756 4755 4813
f 4759 4813 4757
f 4761 4813 4759
f 4755 4757 4813
f 4763 4767 4813
f 4813 4771 4773
f 4767 4771 4813
f 4773 4777 4813
f 4761 4763 4813
f 4758 4756 4813
f 4813 4779 4783
f 4777 4779 4813
f 4790 4791 4813
f 4813 4794 4796
f 4791 4794 4813
f 4796 4800 4813
f 4783 4790 4813
f 4813 4804 4923
f 4810 4923 4808
f 4815 4923 4810
f 4804 4808 4923
f 4815 4816 4923
f 4802 4804 4813
f 4820 4823 4923
f 4923 4827 4829
f 4823 4827 4923
f 4829 4831 4923
f 4816 4820 4923
f 4800 4802 4813
f 4831 4899 4923
f 4901 4905 4923
f 4923 4909 4912
f 4905 4909 4923
f 4912 4917 4923
f 4899 4901 4923
f 4921 4927 4923
f 4936 4923 4934
f 4937 4923 4936
f 4927 4934 4923
f 4940 4942 4923
f 4923 4944 4946
f 4942 4944 4923
f 4946 4948 4923
f 4937 4940 4923
f 4917 4921 4923
g pipe_exhaust
f 4587 4538 4605
f 4466 4538 4587
f 4540 4605 4538
f 4605 4787 4587
f 4787 4764 4587
f 4550 4619 4548
f 4548 4605 4540
f 4619 4605 4548
f 4797 4605 4619
f 4797 4787 4605
f 4936 4764 4787
f 4936 4927 4764
f 4787 4797 4936
f 4797 4940 4936
f 4631 4619 4558
f 4619 4550 4558
f 4558 4560 4631
f 4562 4631 4560
f 4805 4619 4631
f 4805 4797 4619
f 4579 4649 4578
f 4578 4631 4562
f 4649 4631 4578
f 4811 4631 4649
f 4811 4805 4631
f 4797 4805 4940
f 4805 4944 4940
f 4805 4811 4944
f 4811 4950 4944
f 4663 4649 4591
f 4649 4579 4591
f 4591 4596 4663
f 4597 4663 4596
f 4818 4649 4663
f 4818 4811 4649
f 4613 4687 4611
f 4611 4663 4597
f 4687 4663 4611
f 4824 4663 4687
f 4824 4818 4663
f 4811 4818 4950
f 4818 4954 4950
f 4818 4824 4954
f 4824 4959 4954
f 4716 4687 4624
f 4687 4613 4624
f 4625 4716 4624
f 4832 4687 4716
f 4832 4824 4687
f 4743 4716 4637
f 4716 4625 4637
f 4637 4640 4743
f 4641 4743 4640
f 4902 4716 4743
f 4902 4832 4716
f 4824 4832 4959
f 4832 4963 4959
f 4832 4902 4963
f 4902 4966 4963
f 4655 4747 4653
f 4653 4743 4641
f 4747 4743 4653
f 4906 4743 4747
f 4906 4902 4743
f 4662 4668 4751
f 4668 4671 4751
f 4751 4747 4662
f 4655 4662 4747
f 4671 4674 4751
f 4910 4747 4751
f 4910 4906 4747
f 4902 4906 4966
f 4906 4971 4966
f 4906 4910 4971
f 4910 4975 4971
f 4681 4753 4679
f 4679 4751 4674
f 4753 4751 4679
f 4914 4751 4753
f 4914 4910 4751
f 4768 4753 4692
f 4753 4681 4692
f 4692 4694 4768
f 4695 4768 4694
f 4918 4753 4768
f 4918 4914 4753
f 4910 4914 4975
f 4914 4979 4975
f 4914 4918 4979
f 4918 4983 4979
f 4695 4701 4768
f 4768 4706 4774
f 4701 4706 4768
f 4708 4774 4706
f 4924 4768 4774
f 4924 4918 4768
f 4780 4774 4715
f 4774 4708 4715
f 4715 4719 4780
f 4721 4780 4719
f 4928 4774 4780
f 4928 4924 4774
f 4918 4924 4983
f 4924 4988 4983
f 4924 4928 4988
f 4928 4992 4988
f 4721 4723 4780
f 4780 4730 4784
f 4723 4730 4780
f 4732 4784 4730
f 4930 4780 4784
f 4930 4928 4780
f 4786 4784 4739
f 4784 4732 4739
f 4739 4741 4786
f 4742 4786 4741
f 4932 4784 4786
f 4932 4930 4784
f 4928 4930 4992
f 4930 4996 4992
f 4930 4932 4996
f 4932 5000 4996
f 4733 4785 4736
f 4736 4786 4742
f 4785 4786 4736
f 4931 4786 4785
f 4931 4932 4786
f 4727 4725 4781
f 4725 4722 4781
f 4781 4785 4727
f 4733 4727 4785
f 4722 4720 4781
f 4929 4785 4781
f 4929 4931 4785
f 4932 4931 5000
f 4931 4997 5000
f 4931 4929 4997
f 4929 4993 4997
f 4709 4775 4712
f 4712 4781 4720
f 4775 4781 4712
f 4925 4781 4775
f 4925 4929 4781
f 4705 4703 4769
f 4703 4702 4769
f 4769 4775 4705
f 4709 4705 4775
f 4702 4696 4769
f 4919 4775 4769
f 4919 4925 4775
f 4929 4925 4993
f 4925 4989 4993
f 4925 4919 4989
f 4919 4982 4989
f 4682 4754 4685
f 4685 4769 4696
f 4754 4769 4685
f 4915 4769 4754
f 4915 4919 4769
f 4752 4754 4678
f 4754 4682 4678
f 4678 4676 4752
f 4673 4752 4676
f 4911 4754 4752
f 4911 4915 4754
f 4919 4915 4982
f 4915 4978 4982
f 4915 4911 4978
f 4911 4974 4978
f 4673 4672 4752
f 4752 4659 4748
f 4672 4659 4752
f 4656 4748 4659
f 4907 4752 4748
f 4907 4911 4752
f 4744 4748 4648
f 4748 4656 4648
f 4648 4646 4744
f 4642 4744 4646
f 4903 4748 4744
f 4903 4907 4748
f 4911 4907 4974
f 4907 4970 4974
f 4907 4903 4970
f 4903 4967 4970
f 4717 4744 4638
f 4744 4642 4638
f 4638 4630 4717
f 4626 4717 4630
f 4833 4744 4717
f 4833 4903 4744
f 4614 4688 4617
f 4617 4717 4626
f 4688 4717 4617
f 4825 4717 4688
f 4825 4833 4717
f 4903 4833 4967
f 4833 4962 4967
f 4833 4825 4962
f 4825 4958 4962
f 4664 4688 4608
f 4688 4614 4608
f 4608 4604 4664
f 4598 4664 4604
f 4819 4688 4664
f 4819 4825 4688
f 4650 4664 4592
f 4664 4598 4592
f 4592 4586 4650
f 4580 4650 4586
f 4812 4664 4650
f 4812 4819 4664
f 4825 4819 4958
f 4819 4953 4958
f 4819 4812 4953
f 4812 4949 4953
f 4563 4632 4566
f 4566 4650 4580
f 4632 4650 4566
f 4806 4650 4632
f 4806 4812 4650
f 4551 4620 4554
f 4554 4632 4563
f 4620 4632 4554
f 4798 4632 4620
f 4798 4806 4632
f 4812 4806 4949
f 4806 4943 4949
f 4806 4798 4943
f 4798 4939 4943
f 4541 4606 4544
f 4544 4620 4551
f 4606 4620 4544
f 4788 4620 4606
f 4788 4798 4620
f 4467 4588 4534
f 4534 4606 4541
f 4588 4606 4534
f 4765 4606 4588
f 4765 4788 4606
f 4798 4788 4939
f 4788 4935 4939
f 4788 4765 4935
f 4765 4926 4935
f 4456 4568 4460
f 4460 4588 4467
f 4568 4588 4460
f 4749 4588 4568
f 4749 4765 4588
f 4446 4556 4450
f 4450 4568 4456
f 4556 4568 4450
f 4745 4568 4556
f 4745 4749 4568
f 4765 4749 4926
f 4749 4916 4926
f 4749 4745 4916
f 4745 4908 4916
f 4434 4546 4438
f 4438 4556 4446
f 4546 4556 4438
f 4728 4556 4546
f 4728 4745 4556
f 4424 4536 4428
f 4428 4546 4434
f 4536 4546 4428
f 4689 4546 4536
f 4689 4728 4546
f 4745 4728 4908
f 4728 4900 4908
f 4728 4689 4900
f 4689 4828 4900
f 4462 4536 4419
f 4536 4424 4419
f 4419 4415 4462
f 4409 4462 4415
f 4665 4536 4462
f 4665 4689 4536
f 4452 4462 4403
f 4462 4409 4403
f 4403 4401 4452
f 4395 4452 4401
f 4651 4462 4452
f 4651 4665 4462
f 4689 4665 4828
f 4665 4822 4828
f 4665 4651 4822
f 4651 4817 4822
f 4378 4440 4383
f 4383 4452 4395
f 4440 4452 4383
f 4633 4452 4440
f 4633 4651 4452
f 4430 4440 4374
f 4440 4378 4374
f 4374 4370 4430
f 4366 4430 4370
f 4621 4440 4430
f 4621 4633 4440
f 4651 4633 4817
f 4633 4809 4817
f 4633 4621 4809
f 4621 4803 4809
f 4421 4430 4362
f 4430 4366 4362
f 4362 4360 4421
f 4356 4421 4360
f 4609 4430 4421
f 4609 4621 4430
f 4413 4421 4351
f 4421 4356 4351
f 4351 4350 4413
f 4347 4413 4350
f 4601 4421 4413
f 4601 4609 4421
f 4621 4609 4803
f 4609 4799 4803
f 4609 4601 4799
f 4601 4793 4799
f 4405 4413 4343
f 4413 4347 4343
f 4343 4341 4405
f 4337 4405 4341
f 4593 4413 4405
f 4593 4601 4413
f 4327 4399 4331
f 4331 4405 4337
f 4399 4405 4331
f 4583 4405 4399
f 4583 4593 4405
f 4601 4593 4793
f 4593 4789 4793
f 4593 4583 4789
f 4583 4778 4789
f 4320 4391 4322
f 4322 4399 4325
f 4391 4399 4322
f 4327 4325 4399
f 4320 4316 4391
f 4575 4399 4391
f 4575 4583 4399
f 4308 4387 4310
f 4310 4391 4316
f 4387 4391 4310
f 4573 4391 4387
f 4573 4575 4391
f 4583 4575 4778
f 4575 4770 4778
f 4575 4573 4770
f 4573 4762 4770
f 4299 4385 4303
f 4303 4387 4307
f 4385 4387 4303
f 4308 4307 4387
f 4299 4296 4385
f 4571 4387 4385
f 4571 4573 4387
f 4291 4382 4290
f 4290 4385 4296
f 4382 4385 4290
f 4570 4385 4382
f 4570 4571 4385
f 4573 4571 4762
f 4571 4758 4762
f 4571 4570 4758
f 4570 4755 4758
f 4386 4382 4293
f 4382 4291 4293
f 4293 4295 4386
f 4297 4386 4295
f 4572 4382 4386
f 4572 4570 4382
f 4388 4386 4305
f 4386 4297 4305
f 4305 4306 4388
f 4309 4388 4306
f 4574 4386 4388
f 4574 4572 4386
f 4570 4572 4755
f 4572 4759 4755
f 4572 4574 4759
f 4574 4763 4759
f 4392 4388 4312
f 4388 4309 4312
f 4312 4314 4392
f 4317 4392 4314
f 4576 4388 4392
f 4576 4574 4388
f 4400 4392 4324
f 4392 4317 4324
f 4324 4326 4400
f 4328 4400 4326
f 4584 4392 4400
f 4584 4576 4392
f 4574 4576 4763
f 4576 4771 4763
f 4576 4584 4771
f 4584 4779 4771
f 4406 4400 4333
f 4400 4328 4333
f 4333 4335 4406
f 4338 4406 4335
f 4594 4400 4406
f 4594 4584 4400
f 4348 4414 4345
f 4345 4406 4338
f 4414 4406 4345
f 4602 4406 4414
f 4602 4594 4406
f 4584 4594 4779
f 4594 4790 4779
f 4594 4602 4790
f 4602 4794 4790
f 4354 4422 4352
f 4352 4414 4349
f 4422 4414 4352
f 4348 4349 4414
f 4354 4357 4422
f 4610 4414 4422
f 4610 4602 4414
f 4367 4431 4364
f 4364 4422 4357
f 4431 4422 4364
f 4622 4422 4431
f 4622 4610 4422
f 4602 4610 4794
f 4610 4800 4794
f 4610 4622 4800
f 4622 4804 4800
f 4441 4431 4375
f 4431 4367 4375
f 4375 4376 4441
f 4379 4441 4376
f 4634 4431 4441
f 4634 4622 4431
f 4453 4441 4390
f 4441 4379 4390
f 4390 4393 4453
f 4396 4453 4393
f 4652 4441 4453
f 4652 4634 4441
f 4622 4634 4804
f 4634 4810 4804
f 4634 4652 4810
f 4652 4816 4810
f 4410 4463 4407
f 4407 4453 4396
f 4463 4453 4407
f 4666 4453 4463
f 4666 4652 4453
f 4537 4463 4420
f 4463 4410 4420
f 4420 4423 4537
f 4425 4537 4423
f 4690 4463 4537
f 4690 4666 4463
f 4652 4666 4816
f 4666 4823 4816
f 4666 4690 4823
f 4690 4829 4823
f 4435 4547 4432
f 4432 4537 4425
f 4547 4537 4432
f 4729 4537 4547
f 4729 4690 4537
f 4557 4547 4442
f 4547 4435 4442
f 4442 4445 4557
f 4447 4557 4445
f 4746 4547 4557
f 4746 4729 4547
f 4690 4729 4829
f 4729 4901 4829
f 4729 4746 4901
f 4746 4909 4901
f 4457 4569 4454
f 4454 4557 4447
f 4569 4557 4454
f 4750 4557 4569
f 4750 4746 4557
f 4466 4587 4464
f 4464 4569 4457
f 4587 4569 4464
f 4569 4764 4750
f 4569 4587 4764
f 4746 4750 4909
f 4750 4917 4909
f 4750 4927 4917
f 4750 4764 4927
g inlet_air
f 5134 5206 5130
f 5161 5207 5130
f 5130 5160 5208
f 5207 5160 5130
f 5208 5159 5130
f 5206 5161 5130
f 5209 5158 5130
f 5157 5130 5210
f 5211 5130 5157
f 5158 5210 5130
f 5156 5212 5130
f 5130 5155 5213
f 5212 5155 5130
f 5213 5135 5130
f 5211 5156 5130
f 5159 5209 5130
f 5131 5170 5214
f 5136 5170 5131
f 5169 5215 5131
f 5131 5168 5216
f 5215 5168 5131
f 5216 5167 5131
f 5214 5169 5131
f 5131 5166 5130
f 5165 5130 5217
f 5218 5130 5165
f 5166 5217 5130
f 5218 5164 5130
f 5219 5166 5131
f 5220 5163 5130
f 5130 5221 5162
f 5163 5221 5130
f 5162 5134 5130
f 5164 5220 5130
f 5167 5219 5131
f 5130 5154 5222
f 5135 5154 5130
f 5153 5223 5130
f 5130 5152 5224
f 5223 5152 5130
f 5224 5151 5130
f 5222 5153 5130
f 5130 5150 5132
f 5149 5132 5225
f 5226 5132 5149
f 5150 5225 5132
f 5226 5148 5132
f 5227 5150 5130
f 5228 5147 5132
f 5132 5229 5146
f 5147 5229 5132
f 5146 5137 5132
f 5148 5228 5132
f 5151 5227 5130
f 5133 5130 5132
f 5133 5131 5130
f 5138 5230 5131
f 5177 5231 5131
f 5131 5176 5232
f 5231 5176 5131
f 5232 5175 5131
f 5230 5177 5131
f 5233 5174 5131
f 5173 5131 5234
f 5235 5131 5173
f 5174 5234 5131
f 5172 5236 5131
f 5131 5171 5237
f 5236 5171 5131
f 5237 5136 5131
f 5235 5172 5131
f 5175 5233 5131
f 5133 5186 5238
f 5139 5186 5133
f 5185 5239 5133
f 5133 5184 5240
f 5239 5184 5133
f 5240 5183 5133
f 5238 5185 5133
f 5133 5182 5131
f 5181 5131 5241
f 5242 5131 5181
f 5182 5241 5131
f 5242 5180 5131
f 5243 5182 5133
f 5244 5179 5131
f 5131 5245 5178
f 5179 5245 5131
f 5178 5138 5131
f 5180 5244 5131
f 5183 5243 5133
f 5137 5246 5132
f 5145 5247 5132
f 5132 5144 5248
f 5247 5144 5132
f 5248 5143 5132
f 5246 5145 5132
f 5249 5142 5132
f 5205 5132 5250
f 5251 5132 5205
f 5142 5250 5132
f 5204 5252 5132
f 5132 5203 5253
f 5252 5203 5132
f 5253 5140 5132
f 5251 5204 5132
f 5143 5249 5132
f 5132 5202 5254
f 5140 5202 5132
f 5201 5255 5132
f 5132 5200 5256
f 5255 5200 5132
f 5256 5199 5132
f 5254 5201 5132
f 5132 5198 5133
f 5197 5133 5257
f 5258 5133 5197
f 5198 5257 5133
f 5258 5196 5133
f 5259 5198 5132
f 5260 5195 5133
f 5133 5261 5194
f 5195 5261 5133
f 5194 5141 5133
f 5196 5260 5133
f 5199 5259 5132
f 5141 5262 5133
f 5193 5263 5133
f 5133 5192 5264
f 5263 5192 5133
f 5264 5191 5133
f 5262 5193 5133
f 5265 5190 5133
f 5189 5133 5266
f 5267 5133 5189
f 5190 5266 5133
f 5188 5268 5133
f 5133 5187 5269
f 5268 5187 5133
f 5269 5139 5133
f 5267 5188 5133
f 5191 5265 5133
